set,target,concepts,subset,n,coverage,f1,f1_lo,f1_hi,auc,auc_lo,auc_hi,bb,seed
test_cbis_ddsm,malignant,pred,all,369,1.0,0.6327540106951872,0.589322118349768,0.6728655227278106,0.7120422022798932,0.6652607476071237,0.769394474484595,dinov2,0
test_cbis_ddsm,malignant,pred,density_A,38,1.0,0.5263157894736842,0.3809944336659275,0.6558200471615107,0.6904761904761905,0.476771237458194,0.862169027093596,dinov2,0
test_cbis_ddsm,malignant,pred,density_B,145,1.0,0.6815317035905271,0.6077728742125441,0.7643619818585212,0.7642829382044306,0.6750183853876682,0.8408183044090056,dinov2,0
test_cbis_ddsm,malignant,pred,density_C,112,1.0,0.6267623686234299,0.5357827741868103,0.7064415113871636,0.7236265588136163,0.6473490244686738,0.7991102500641385,dinov2,0
test_cbis_ddsm,malignant,pred,density_D,73,1.0,0.5750234741784037,0.4851774779406188,0.7040863609291245,0.6196646341463414,0.510029107796965,0.7541724977608599,dinov2,0
test_cbis_ddsm,malignant,oracle,all,369,0.0,0.6900833883256344,0.6457778745199989,0.7285335627575154,0.7465740965316516,0.7031722014544595,0.7904891607998906,dinov2,0
test_cbis_ddsm,malignant,oracle,density_A,38,0.0,0.6557491289198607,0.4984520123839009,0.7840225563909776,0.7261904761904762,0.5241972610722612,0.862183908045977,dinov2,0
test_cbis_ddsm,malignant,oracle,density_B,145,0.0,0.6940928270042194,0.6131809947538567,0.7708609198154622,0.757870190439176,0.6662461211458777,0.8376984081319525,dinov2,0
test_cbis_ddsm,malignant,oracle,density_C,112,0.0,0.7416047167392976,0.6410108121699774,0.8117634816471581,0.7917087967644085,0.694201448321264,0.864775464778682,dinov2,0
test_cbis_ddsm,malignant,oracle,density_D,73,0.0,0.6105182926829269,0.502070758726954,0.7272197045227952,0.6638719512195123,0.5399463383838383,0.7951838235294119,dinov2,0
test_cbis_ddsm,malignant,oracle_density,all,369,0.997,0.6302248417052042,0.5904536424624478,0.6756816782775021,0.7114661654135339,0.6682535138774927,0.7675727444024429,dinov2,0
test_cbis_ddsm,malignant,oracle_density,density_A,38,1.0,0.5263157894736842,0.3809944336659275,0.6558200471615107,0.6934523809523809,0.4767003095975232,0.8626605576441103,dinov2,0
test_cbis_ddsm,malignant,oracle_density,density_B,145,1.0,0.6610371642574304,0.593555323283282,0.7448483456337449,0.7602020987174505,0.6760425258315962,0.8395473669769242,dinov2,0
test_cbis_ddsm,malignant,oracle_density,density_C,112,1.0,0.6492594159966145,0.5682404789327299,0.7169955676275193,0.7253117627232895,0.6490546630780661,0.8007232550952358,dinov2,0
test_cbis_ddsm,malignant,oracle_density,density_D,73,1.0,0.5740636175418784,0.485070815380598,0.6924302413273001,0.6303353658536586,0.5181285158294087,0.7638847682489924,dinov2,0
test_cbis_ddsm,malignant,oracle_mass,all,369,0.512,0.6684636118598383,0.6230384489893867,0.7088674662991535,0.7343560514188697,0.6899491177884116,0.7767278664150086,dinov2,0
test_cbis_ddsm,malignant,oracle_mass,density_A,38,0.632,0.602787456445993,0.4484741264927023,0.7393048128342246,0.7023809523809524,0.5060281385281384,0.8505019232573412,dinov2,0
test_cbis_ddsm,malignant,oracle_mass,density_B,145,0.593,0.6875149657583448,0.5995217086834734,0.7652234886579505,0.7417411581811115,0.6450414610275294,0.8205412954569239,dinov2,0
test_cbis_ddsm,malignant,oracle_mass,density_C,112,0.509,0.6656129258868985,0.582645141221849,0.7472568234610918,0.7644084934277048,0.6585894576617982,0.8338454402740118,dinov2,0
test_cbis_ddsm,malignant,oracle_mass,density_D,73,0.301,0.6432330827067669,0.5262213359920239,0.7533901251270001,0.6775914634146342,0.556929012345679,0.8030191622103386,dinov2,0
test_cbis_ddsm,malignant,oracle_calc,all,369,0.374,0.6473960821786908,0.6030341163717492,0.6930975822710266,0.7271404317244725,0.6805763033608183,0.7868759182433331,dinov2,0
test_cbis_ddsm,malignant,oracle_calc,density_A,38,0.211,0.5777777777777777,0.4145163659869542,0.714549271866345,0.699404761904762,0.4694455329153605,0.8651195607553367,dinov2,0
test_cbis_ddsm,malignant,oracle_calc,density_B,145,0.283,0.6881720430107527,0.6145484469481433,0.7662735360105869,0.7833268558103381,0.7008178981647621,0.8596222372810677,dinov2,0
test_cbis_ddsm,malignant,oracle_calc,density_C,112,0.375,0.6615729949063283,0.5788419548264294,0.743223528185571,0.7549713515335356,0.6748192006936528,0.8223058554817276,dinov2,0
test_cbis_ddsm,malignant,oracle_calc,density_D,73,0.63,0.5595776772247361,0.4645254178614317,0.6785823318472572,0.5975609756097561,0.4866024842405657,0.739371085696503,dinov2,0
test_cbis_ddsm,malignant,oracle_other,all,369,0.0,0.6327540106951872,0.589322118349768,0.6728655227278106,0.7120422022798932,0.6652607476071237,0.769394474484595,dinov2,0
test_cbis_ddsm,malignant,oracle_other,density_A,38,0.0,0.5263157894736842,0.3809944336659275,0.6558200471615107,0.6904761904761905,0.476771237458194,0.862169027093596,dinov2,0
test_cbis_ddsm,malignant,oracle_other,density_B,145,0.0,0.6815317035905271,0.6077728742125441,0.7643619818585212,0.7642829382044306,0.6750183853876682,0.8408183044090056,dinov2,0
test_cbis_ddsm,malignant,oracle_other,density_C,112,0.0,0.6267623686234299,0.5357827741868103,0.7064415113871636,0.7236265588136163,0.6473490244686738,0.7991102500641385,dinov2,0
test_cbis_ddsm,malignant,oracle_other,density_D,73,0.0,0.5750234741784037,0.4851774779406188,0.7040863609291245,0.6196646341463414,0.510029107796965,0.7541724977608599,dinov2,0
test_cbis_ddsm,birads,pred,all,344,1.0,0.2495800248917018,0.22041654271328,0.3411343032319127,0.6756910471300245,0.6480855805435245,0.7458031510922493,dinov2,0
test_cbis_ddsm,birads,pred,density_A,38,1.0,0.4082317073170731,0.2499442959001782,0.5675299043062201,0.6980340559977657,0.5243453949516719,0.827876859780159,dinov2,0
test_cbis_ddsm,birads,pred,density_B,133,1.0,0.2268455042225534,0.1880716188362137,0.3189992117833812,0.6536909018151738,0.6040084201224427,0.7419908597537785,dinov2,0
test_cbis_ddsm,birads,pred,density_C,101,1.0,0.3108108108108108,0.2473363161819537,0.3746402474033091,0.6859399048353579,0.6144286271476451,0.7539603049698302,dinov2,0
test_cbis_ddsm,birads,pred,density_D,71,1.0,0.2473684210526315,0.1955022488755622,0.3997572252171308,0.634785614514623,0.5531900678077164,0.7613398743078494,dinov2,0
test_cbis_ddsm,birads,oracle,all,344,0.0,0.3067340067340067,0.2700706643619195,0.4283303506323498,0.7031717785509273,0.6746238417731288,0.8083537222341525,dinov2,0
test_cbis_ddsm,birads,oracle,density_A,38,0.0,0.4037419129218395,0.2857444638694638,0.5616541353383459,0.7595888318670576,0.6443073085896105,0.8491336288830902,dinov2,0
test_cbis_ddsm,birads,oracle,density_B,133,0.0,0.309479026720406,0.2449818125768423,0.4348031070797888,0.6865075118155315,0.641538490710631,0.8189482518929033,dinov2,0
test_cbis_ddsm,birads,oracle,density_C,101,0.0,0.3568075117370892,0.3019379758172862,0.4114457637308369,0.794530597755486,0.7330483406184923,0.8546744645091323,dinov2,0
test_cbis_ddsm,birads,oracle,density_D,71,0.0,0.2896592244418331,0.2209272808680994,0.4538798662729525,0.6811297491666918,0.537230822026534,0.7916870441241346,dinov2,0
test_cbis_ddsm,birads,oracle_density,all,344,0.997,0.2572654421852524,0.2199723781752819,0.3552229600846169,0.688948153729048,0.6583190998161789,0.7423020819648515,dinov2,0
test_cbis_ddsm,birads,oracle_density,density_A,38,1.0,0.3966318234610917,0.2344476744186046,0.5548609449760766,0.6881860075408462,0.5315368277222062,0.8240398305122622,dinov2,0
test_cbis_ddsm,birads,oracle_density,density_B,133,1.0,0.2308076923076923,0.1840730620813587,0.344068206666092,0.6671173414935462,0.62085395948721,0.7542586400291189,dinov2,0
test_cbis_ddsm,birads,oracle_density,density_C,101,1.0,0.3182648401826484,0.2494678629928979,0.3823024499964155,0.6906370404089033,0.6039074498129201,0.7694391649126711,dinov2,0
test_cbis_ddsm,birads,oracle_density,density_D,71,1.0,0.2701271186440678,0.2062118437118437,0.436076069108303,0.647388225003263,0.5551540218815783,0.763337760359163,dinov2,0
test_cbis_ddsm,birads,oracle_mass,all,344,0.497,0.2725426962127171,0.2407577321665032,0.3790890619192725,0.6435761432286113,0.6152363166219196,0.7819435721723738,dinov2,0
test_cbis_ddsm,birads,oracle_mass,density_A,38,0.632,0.3807720057720057,0.2385695187165775,0.5509222004018999,0.7445981270074011,0.6240678353368515,0.8595899631694076,dinov2,0
test_cbis_ddsm,birads,oracle_mass,density_B,133,0.586,0.2617079974723733,0.2181842891448472,0.3789271249416177,0.6437924745673677,0.5950943871666025,0.7983585114951102,dinov2,0
test_cbis_ddsm,birads,oracle_mass,density_C,101,0.465,0.3641826923076923,0.3132033071509835,0.415845476448155,0.7445921709361784,0.672178811991178,0.8163816791923929,dinov2,0
test_cbis_ddsm,birads,oracle_mass,density_D,71,0.31,0.2772477064220183,0.2137935063099536,0.4291557517358106,0.6366796416147104,0.5197183055090325,0.767614909132792,dinov2,0
test_cbis_ddsm,birads,oracle_calc,all,344,0.381,0.2596811365003413,0.2264558610000488,0.3642283968414235,0.694048513987996,0.6646440673186669,0.7661592075217134,dinov2,0
test_cbis_ddsm,birads,oracle_calc,density_A,38,0.211,0.4082317073170731,0.2499442959001782,0.5675299043062201,0.7135157013685239,0.5609390433724866,0.8296714743589745,dinov2,0
test_cbis_ddsm,birads,oracle_calc,density_B,133,0.278,0.22094196804037,0.178137915724895,0.3052418133430375,0.6819597848457448,0.6373002385598959,0.7836772708007951,dinov2,0
test_cbis_ddsm,birads,oracle_calc,density_C,101,0.406,0.3575293753865182,0.2626756137237503,0.4487234477124183,0.7367194671729681,0.6754034467373322,0.7986911803486667,dinov2,0
test_cbis_ddsm,birads,oracle_calc,density_D,71,0.62,0.2467340918668352,0.1946395226110254,0.4011965565796211,0.6840267659483148,0.5847128045088884,0.7786112458510398,dinov2,0
test_cbis_ddsm,birads,oracle_other,all,344,0.0,0.2495800248917018,0.22041654271328,0.3411343032319127,0.6758001129164302,0.6481491034773561,0.7462429864562401,dinov2,0
test_cbis_ddsm,birads,oracle_other,density_A,38,0.0,0.4082317073170731,0.2499442959001782,0.5675299043062201,0.698744283270493,0.5280385767698537,0.827876859780159,dinov2,0
test_cbis_ddsm,birads,oracle_other,density_B,133,0.0,0.2268455042225534,0.1880716188362137,0.3189992117833812,0.6536091316608423,0.6041161219323253,0.741992816217613,dinov2,0
test_cbis_ddsm,birads,oracle_other,density_C,101,0.0,0.3108108108108108,0.2473363161819537,0.3746402474033091,0.6867962534723737,0.6156696077139262,0.755162896493396,dinov2,0
test_cbis_ddsm,birads,oracle_other,density_D,71,0.0,0.2473684210526315,0.1955022488755622,0.3997572252171308,0.634785614514623,0.5531900678077164,0.7613398743078494,dinov2,0
test_cdd_cesm,malignant,pred,all,566,1.0,0.7054163726182074,0.6643840341365558,0.7444173710405876,0.7601121431323031,0.715710942157791,0.8015249909685982,dinov2,0
test_cdd_cesm,malignant,pred,density_B,183,1.0,0.7715355805243446,0.7099909615393821,0.8370454610226755,0.8076512929885363,0.7296518231266155,0.8841684980156522,dinov2,0
test_cdd_cesm,malignant,pred,density_C,295,1.0,0.6796623231049461,0.615668235201499,0.7327318168001341,0.7503748125937031,0.6818758417072411,0.8112426422475505,dinov2,0
test_cdd_cesm,malignant,pred,density_D,36,1.0,0.5178571428571428,0.3684198704307939,0.6454469035499691,0.7922077922077921,0.5912070538157495,0.9270870535714288,dinov2,0
test_cdd_cesm,malignant,oracle,all,566,0.011,0.7431224689289205,0.7014126193335702,0.78017192631099,0.8711424046569362,0.8383996129930836,0.9074300303578444,dinov2,0
test_cdd_cesm,malignant,oracle,density_B,183,0.016,0.8290678124416215,0.7713771746789028,0.879341461062549,0.9194881364969342,0.8745998957048005,0.9574461278738025,dinov2,0
test_cdd_cesm,malignant,oracle,density_C,295,0.007,0.6867220278198499,0.6299863973170082,0.7444612439089943,0.8703951595630757,0.8194583360558788,0.907715010040832,dinov2,0
test_cdd_cesm,malignant,oracle,density_D,36,0.028,0.6296296296296295,0.4223441999177293,0.7819804844350418,0.8344155844155845,0.6956216577540106,0.9577083333333332,dinov2,0
test_cdd_cesm,malignant,oracle_density,all,566,0.915,0.7069930683513206,0.6681314380327569,0.7457445131233643,0.7639572543480432,0.7219333051597914,0.8058108366394506,dinov2,0
test_cdd_cesm,malignant,oracle_density,density_B,183,1.0,0.7743695124229404,0.7114029206651779,0.8408759563933101,0.8291122367368701,0.7596015433732548,0.900843253968254,dinov2,0
test_cdd_cesm,malignant,oracle_density,density_C,295,1.0,0.6796623231049461,0.615668235201499,0.7327318168001341,0.7595844934675519,0.6949969099822356,0.8167219346895382,dinov2,0
test_cdd_cesm,malignant,oracle_density,density_D,36,1.0,0.5178571428571428,0.3684198704307939,0.6454469035499691,0.8214285714285715,0.656982074438971,0.9512923351158644,dinov2,0
test_cdd_cesm,malignant,oracle_mass,all,566,0.309,0.7711320405034287,0.7317857283094207,0.8125923898165891,0.8509609211145828,0.8082248487638171,0.8860492559660758,dinov2,0
test_cdd_cesm,malignant,oracle_mass,density_B,183,0.388,0.8119495008807986,0.7555320385086245,0.870686862558521,0.8978938949613436,0.8402251771152837,0.946427218966184,dinov2,0
test_cdd_cesm,malignant,oracle_mass,density_C,295,0.281,0.7524719896020138,0.7024079260607621,0.8041507300762551,0.8173056328978368,0.7641204538533956,0.8673771666607978,dinov2,0
test_cdd_cesm,malignant,oracle_mass,density_D,36,0.278,0.6296296296296295,0.4223441999177293,0.7819804844350418,0.8831168831168832,0.7723557692307693,0.9663099128540306,dinov2,0
test_cdd_cesm,malignant,oracle_calc,all,566,0.025,0.6870362442922374,0.6475165831148391,0.7217298447218702,0.7300717658976444,0.6775020927911394,0.7778114092495637,dinov2,0
test_cdd_cesm,malignant,oracle_calc,density_B,183,0.022,0.7369974752379103,0.6779875339463849,0.8041311259560273,0.776592908557718,0.6855303918068748,0.8675519913419913,dinov2,0
test_cdd_cesm,malignant,oracle_calc,density_C,295,0.024,0.6764506188959105,0.6120830224456917,0.7312280450667155,0.7307239237524095,0.6602511043036479,0.7912600664362006,dinov2,0
test_cdd_cesm,malignant,oracle_calc,density_D,36,0.056,0.5178571428571428,0.3684198704307939,0.6454469035499691,0.6266233766233766,0.384375,0.8477566964285717,dinov2,0
test_cdd_cesm,malignant,oracle_other,all,566,1.0,0.7154022582921665,0.6782713649375118,0.755008524770946,0.806702906304841,0.7696150174470798,0.8421694629068146,dinov2,0
test_cdd_cesm,malignant,oracle_other,density_B,183,1.0,0.7880440874276107,0.7258607811894285,0.8493226528892293,0.8405758464409492,0.7624101638506867,0.9084596456692916,dinov2,0
test_cdd_cesm,malignant,oracle_other,density_C,295,1.0,0.6796623231049461,0.615668235201499,0.7327318168001341,0.8077211394302848,0.749947687600118,0.8595376361546191,dinov2,0
test_cdd_cesm,malignant,oracle_other,density_D,36,1.0,0.5178571428571428,0.3684198704307939,0.6454469035499691,0.8733766233766234,0.7081074635241302,0.979236812570146,dinov2,0
test_cdd_cesm,birads,pred,all,566,1.0,0.3603766153158301,0.327289163986415,0.3947185208225131,0.7566239905461086,0.7351968784378382,0.7814403909896499,dinov2,0
test_cdd_cesm,birads,pred,density_B,183,1.0,0.3579890218477174,0.3101586989274444,0.4105283555669768,0.7972587160996166,0.7670901609387331,0.8408426476190511,dinov2,0
test_cdd_cesm,birads,pred,density_C,295,1.0,0.3371704098988204,0.2942220635773083,0.3789428331223596,0.7294376816235012,0.7009828664197898,0.7657914971419996,dinov2,0
test_cdd_cesm,birads,pred,density_D,36,1.0,0.4401731601731601,0.2456827395577396,0.5661795679810385,0.8216142191142192,0.7302342498745216,0.9168144562649296,dinov2,0
test_cdd_cesm,birads,oracle,all,566,0.011,0.4738936879663229,0.4432733123173886,0.5029742031521666,0.7100250495356525,0.678627960157607,0.7392272943620828,dinov2,0
test_cdd_cesm,birads,oracle,density_B,183,0.016,0.4723971832240352,0.4115570028451707,0.5276724205210803,0.7679663902557949,0.7184713512024865,0.814048059189955,dinov2,0
test_cdd_cesm,birads,oracle,density_C,295,0.007,0.5073094319500887,0.4557602660876559,0.5488422308465672,0.734640382895727,0.6945998359375154,0.7682270451654434,dinov2,0
test_cdd_cesm,birads,oracle,density_D,36,0.028,0.4889724310776942,0.2983536585365853,0.5963608861898335,0.7727220695970696,0.646872012929784,0.853894559016087,dinov2,0
test_cdd_cesm,birads,oracle_density,all,566,0.915,0.3603817205393514,0.3260352778518336,0.396985236953686,0.7531337667000649,0.7318826002331724,0.7763706577278702,dinov2,0
test_cdd_cesm,birads,oracle_density,density_B,183,1.0,0.3441894923056624,0.2965205867062293,0.3947189196293351,0.7933925624198785,0.7583294819570907,0.8337066777278451,dinov2,0
test_cdd_cesm,birads,oracle_density,density_C,295,1.0,0.3428699579546767,0.2999150972875771,0.3816265810141728,0.7297585148164035,0.7011434896855102,0.7669335194181197,dinov2,0
test_cdd_cesm,birads,oracle_density,density_D,36,1.0,0.4401731601731601,0.2456827395577396,0.5661795679810385,0.8356094599844599,0.7372920185551164,0.9331209344502992,dinov2,0
test_cdd_cesm,birads,oracle_mass,all,566,0.309,0.4057303984241852,0.3757136780338649,0.4324279445585537,0.762497547518022,0.7409896846832595,0.7881046196228618,dinov2,0
test_cdd_cesm,birads,oracle_mass,density_B,183,0.388,0.4428055461105444,0.3748935519662724,0.4920538395708431,0.8189019926150383,0.7854205847854098,0.8514730411685879,dinov2,0
test_cdd_cesm,birads,oracle_mass,density_C,295,0.281,0.3960037500290035,0.3506853789375952,0.4303152297093078,0.7388485959997556,0.6998914506800614,0.7714612522586421,dinov2,0
test_cdd_cesm,birads,oracle_mass,density_D,36,0.278,0.3788461538461538,0.241943226508242,0.4778076923076922,0.8293866550116551,0.7723776491628545,0.9087790507827884,dinov2,0
test_cdd_cesm,birads,oracle_calc,all,566,0.025,0.4135359667530842,0.3804007090469204,0.4484080453291153,0.784410637662358,0.7641622714943332,0.8072904850182453,dinov2,0
test_cdd_cesm,birads,oracle_calc,density_B,183,0.022,0.3847368421052631,0.3328056708900321,0.4448898164154809,0.8097768397622467,0.7714890005953928,0.8535061646668726,dinov2,0
test_cdd_cesm,birads,oracle_calc,density_C,295,0.024,0.4092733381274122,0.3560342917736355,0.4567798723041328,0.7940886518419928,0.762104530632997,0.8257014763192255,dinov2,0
test_cdd_cesm,birads,oracle_calc,density_D,36,0.056,0.4766726084373143,0.3143388278388278,0.6111521528816924,0.8551110347985347,0.7695334863053612,0.9269700266567258,dinov2,0
test_cdd_cesm,birads,oracle_other,all,566,1.0,0.3574715834783942,0.3239858243552571,0.3900942211158983,0.7263884138569054,0.7016582083463119,0.7539020728696706,dinov2,0
test_cdd_cesm,birads,oracle_other,density_B,183,1.0,0.3377698489211168,0.2847885049474336,0.3813839630047634,0.7716920729252722,0.7338127367498455,0.8145980877723142,dinov2,0
test_cdd_cesm,birads,oracle_other,density_C,295,1.0,0.3377438081044638,0.282342791271848,0.3833527031088373,0.6938291875371382,0.6606144824963027,0.7322675248233076,dinov2,0
test_cdd_cesm,birads,oracle_other,density_D,36,1.0,0.4029999096412758,0.2052180042180042,0.5230848697888172,0.7703341797091797,0.6742246094445038,0.8651404216150749,dinov2,0
test_cmmd,malignant,pred,all,1867,1.0,0.4549664251202099,0.4325364295393218,0.4760080355853746,0.7709932059576411,0.7498885188224973,0.7921972745901055,dinov2,0
test_cmmd,malignant,oracle,all,1867,0.0,0.4796254574870258,0.453995102403665,0.5012207568509532,0.7720531425539112,0.748698260383533,0.7927553366625946,dinov2,0
test_cmmd,malignant,oracle_density,all,1867,0.0,0.4549664251202099,0.4325364295393218,0.4760080355853746,0.7709932059576411,0.7498885188224973,0.7921972745901055,dinov2,0
test_cmmd,malignant,oracle_mass,all,1867,0.0,0.466391699875684,0.4421194826635934,0.4873570728553292,0.7824036777462806,0.7593325804756902,0.8016693684086728,dinov2,0
test_cmmd,malignant,oracle_calc,all,1867,0.0,0.4684323801687852,0.4442275058688231,0.489622040844577,0.755554700152048,0.7330410608670928,0.7763355349987838,dinov2,0
test_cmmd,malignant,oracle_other,all,1867,0.0,0.4549664251202099,0.4325364295393218,0.4760080355853746,0.7709932059576411,0.7498885188224973,0.7921972745901055,dinov2,0
test_embed,malignant,pred,all,297,1.0,0.529125398690616,0.4706358797117675,0.5935884669071384,0.6734770084284647,0.5983895869465722,0.7535390430750816,dinov2,0
test_embed,malignant,pred,density_A,29,1.0,0.4629629629629629,0.4253936170212766,0.4918032786885246,0.1699999999999999,0.0100543478260869,0.3406956521739128,dinov2,0
test_embed,malignant,pred,density_B,104,1.0,0.545397776945173,0.4306988742964352,0.6427187310949788,0.704248366013072,0.5537643024538187,0.8290993620606645,dinov2,0
test_embed,malignant,pred,density_C,138,1.0,0.4870796460176991,0.4109498587570621,0.5677949124047564,0.7003780718336484,0.612085312385136,0.7995394161753396,dinov2,0
test_embed,malignant,pred,density_D,21,1.0,0.4473684210526316,0.3939393939393939,0.4878190584231424,0.5147058823529411,0.0,0.923643790849673,dinov2,0
test_embed,malignant,oracle,all,297,0.0,0.665185676392573,0.6128260292762565,0.7316516456565827,0.7401579003520752,0.6823546014165519,0.8105871711843242,dinov2,0
test_embed,malignant,oracle,density_A,29,0.0,0.4528301886792453,0.4080655666521928,0.4909090909090909,0.78,0.5642053973013494,1.0,dinov2,0
test_embed,malignant,oracle,density_B,104,0.0,0.7042429757706745,0.580252289687924,0.7933494844379562,0.7687908496732025,0.6279696421464714,0.8701502365426416,dinov2,0
test_embed,malignant,oracle,density_C,138,0.0,0.613073780341264,0.5197448292540825,0.7093116554054054,0.7088846880907372,0.6230953505953506,0.8057492378048782,dinov2,0
test_embed,malignant,oracle,density_D,21,0.0,0.8055555555555556,0.46125,1.0,0.8529411764705882,0.52890625,1.0,dinov2,0
test_embed,malignant,oracle_density,all,297,0.983,0.529125398690616,0.4706358797117675,0.5935884669071384,0.6579536967886483,0.5833053740226397,0.7441745380948077,dinov2,0
test_embed,malignant,oracle_density,density_A,29,1.0,0.4629629629629629,0.4253936170212766,0.4918032786885246,0.3,0.0321824596774193,0.6350905797101449,dinov2,0
test_embed,malignant,oracle_density,density_B,104,1.0,0.545397776945173,0.4306988742964352,0.6427187310949788,0.6928104575163399,0.5459815920022161,0.8209324137586054,dinov2,0
test_embed,malignant,oracle_density,density_C,138,1.0,0.4870796460176991,0.4109498587570621,0.5677949124047564,0.674858223062382,0.5833189200890649,0.7850294319630601,dinov2,0
test_embed,malignant,oracle_density,density_D,21,1.0,0.4473684210526316,0.3939393939393939,0.4878190584231424,0.4705882352941177,0.0,0.7912006578947366,dinov2,0
test_embed,malignant,oracle_mass,all,297,0.199,0.6414967811158798,0.5824411062537099,0.7100426427813417,0.7640029873039582,0.6948955274114724,0.8256362413428368,dinov2,0
test_embed,malignant,oracle_mass,density_A,29,0.069,0.4528301886792453,0.4080655666521928,0.4909090909090909,0.42,0.1533547619047618,0.965603448275862,dinov2,0
test_embed,malignant,oracle_mass,density_B,104,0.25,0.6954954954954955,0.5736532181569949,0.78685143271892,0.7716503267973857,0.641025641025641,0.8764033951648842,dinov2,0
test_embed,malignant,oracle_mass,density_C,138,0.181,0.5799259563965447,0.4845297326392236,0.6626821942731314,0.7667769376181475,0.6696768719428572,0.8452113327848623,dinov2,0
test_embed,malignant,oracle_mass,density_D,21,0.19,0.6594594594594595,0.4282738095238095,1.0,0.9852941176470588,0.933010989010989,1.0,dinov2,0
test_embed,malignant,oracle_calc,all,297,0.094,0.5355362169521461,0.4743135668201997,0.6020281643840567,0.6482983036381095,0.5753414789115182,0.7328614157994588,dinov2,0
test_embed,malignant,oracle_calc,density_A,29,0.0,0.4629629629629629,0.4253936170212766,0.4918032786885246,0.47,0.0100543478260869,0.9301185770750984,dinov2,0
test_embed,malignant,oracle_calc,density_B,104,0.087,0.545397776945173,0.4306988742964352,0.6427187310949788,0.6825980392156863,0.5385760345940468,0.8002103001165501,dinov2,0
test_embed,malignant,oracle_calc,density_C,138,0.116,0.5024038461538461,0.4292969265443527,0.5921217879864497,0.6500472589792061,0.545610556970383,0.7607985215259481,dinov2,0
test_embed,malignant,oracle_calc,density_D,21,0.143,0.4473684210526316,0.3939393939393939,0.4878190584231424,0.4705882352941176,0.0,0.8426973684210526,dinov2,0
test_embed,malignant,oracle_other,all,297,0.03,0.529125398690616,0.4706358797117675,0.5935884669071384,0.6783313773605035,0.6065614306544568,0.7504325985323814,dinov2,0
test_embed,malignant,oracle_other,density_A,29,0.034,0.4629629629629629,0.4253936170212766,0.4918032786885246,0.17,0.0299932065217391,0.3338333333333333,dinov2,0
test_embed,malignant,oracle_other,density_B,104,0.029,0.545397776945173,0.4306988742964352,0.6427187310949788,0.6964869281045751,0.5516198092950467,0.8196333078686021,dinov2,0
test_embed,malignant,oracle_other,density_C,138,0.029,0.4870796460176991,0.4109498587570621,0.5677949124047564,0.7129017013232514,0.6214527835437929,0.8063647656764322,dinov2,0
test_embed,malignant,oracle_other,density_D,21,0.048,0.4473684210526316,0.3939393939393939,0.4878190584231424,0.4705882352941176,0.0,0.889281045751634,dinov2,0
test_embed,birads,pred,all,11881,1.0,0.3192844021664411,0.2898677164766866,0.3504935951922783,0.7914083370197169,0.7783278412382377,0.807870381636691,dinov2,0
test_embed,birads,pred,density_A,1547,1.0,0.2589575701635467,0.229840810612804,0.3434658349290144,0.7864936017301969,0.7169689826419142,0.8357277448381031,dinov2,0
test_embed,birads,pred,density_B,4969,1.0,0.3527434524215713,0.2900483720889,0.4071662428154044,0.790969519803949,0.7573653172978548,0.8145059587573921,dinov2,0
test_embed,birads,pred,density_C,4644,1.0,0.2967485895189471,0.2596865645306087,0.3427476642129109,0.7881856029374138,0.7627157457385864,0.808828567612667,dinov2,0
test_embed,birads,pred,density_D,642,1.0,0.3035533320876621,0.22210006832037,0.3534819995150147,0.7851405585590825,0.7241857798501276,0.8263607250203104,dinov2,0
test_embed,birads,oracle,all,11881,0.0,0.410287077598609,0.3729911889941806,0.4430471082676142,0.8886379977039024,0.870230761510762,0.9053602369087682,dinov2,0
test_embed,birads,oracle,density_A,1547,0.0,0.3405842617985223,0.280814955781843,0.4661381698740433,0.6850651186639605,0.6242298600192355,0.9152385693427778,dinov2,0
test_embed,birads,oracle,density_B,4969,0.0,0.3646613530029378,0.318696706742775,0.4097080723166432,0.8913044210528881,0.8571668074978883,0.9162103855952676,dinov2,0
test_embed,birads,oracle,density_C,4644,0.0,0.4260503730273772,0.3714469148912068,0.4641757797116981,0.9028754985356988,0.8715734907259571,0.927260160939034,dinov2,0
test_embed,birads,oracle,density_D,642,0.0,0.4507293193805504,0.329737911222231,0.5364936538049663,0.9055654319581284,0.858344402034802,0.9393972568222134,dinov2,0
test_embed,birads,oracle_density,all,11881,0.993,0.3126159602040967,0.2827783329523801,0.3446450497607863,0.7909096609738331,0.7775449978378319,0.8069123187360885,dinov2,0
test_embed,birads,oracle_density,density_A,1547,1.0,0.2567188545430215,0.2280856148967896,0.3277533280872514,0.7897062932300682,0.7295984844071008,0.8362959096586654,dinov2,0
test_embed,birads,oracle_density,density_B,4969,1.0,0.3301752173250972,0.2868931231078094,0.3773835207697731,0.7979978633642555,0.7623777648078747,0.821205587755213,dinov2,0
test_embed,birads,oracle_density,density_C,4644,1.0,0.3035974500224577,0.2682422144637262,0.3495739903516057,0.7901187418355877,0.7684812812970906,0.8114456751080737,dinov2,0
test_embed,birads,oracle_density,density_D,642,1.0,0.3014003313852319,0.2226651472710296,0.3511770802000549,0.7836835501820076,0.7235344695996366,0.8267628669424432,dinov2,0
test_embed,birads,oracle_mass,all,11881,0.02,0.3936355001682884,0.354192533609746,0.4344316085465741,0.8786395566958717,0.8678633594495915,0.8913697044030545,dinov2,0
test_embed,birads,oracle_mass,density_A,1547,0.013,0.3303595839666561,0.274704805463183,0.4761053651332216,0.8710607087773882,0.8188674174170917,0.911212315189514,dinov2,0
test_embed,birads,oracle_mass,density_B,4969,0.014,0.3647371354868418,0.3082669614512407,0.4170044024323395,0.8785871082816141,0.8574684223962716,0.8924245124800995,dinov2,0
test_embed,birads,oracle_mass,density_C,4644,0.023,0.3994536023517003,0.3395859611562808,0.4407690400558479,0.8922488495111491,0.8768255462226275,0.90639868963214,dinov2,0
test_embed,birads,oracle_mass,density_D,642,0.044,0.4102719947992154,0.2895546840615406,0.4965094774640755,0.8878380655901867,0.8468219962930122,0.9183901782697764,dinov2,0
test_embed,birads,oracle_calc,all,11881,0.018,0.3712449291833283,0.3362255245952957,0.4038564720360968,0.9076445102672428,0.8961555119322561,0.9174408053104957,dinov2,0
test_embed,birads,oracle_calc,density_A,1547,0.008,0.2884415698697641,0.2675893600265837,0.380771777127784,0.9217658122865398,0.9004689840913391,0.94829343040739,dinov2,0
test_embed,birads,oracle_calc,density_B,4969,0.012,0.4011780436076648,0.3314767064750297,0.4617051670008876,0.9151111564276594,0.8932479983426169,0.9290966940499276,dinov2,0
test_embed,birads,oracle_calc,density_C,4644,0.024,0.3568882324685853,0.3161343710772494,0.4018036734365245,0.9137514790675664,0.8961734179647933,0.9295319730183448,dinov2,0
test_embed,birads,oracle_calc,density_D,642,0.033,0.3645008308275876,0.2793370902364172,0.4214167653084085,0.8938379055925362,0.8536727210470256,0.9308064801841828,dinov2,0
test_embed,birads,oracle_other,all,11881,0.824,0.2852236904258566,0.2542586317411233,0.3160371893273931,0.6854051798140376,0.660950198382126,0.7110464150804597,dinov2,0
test_embed,birads,oracle_other,density_A,1547,0.889,0.2427971960253713,0.2171593683806222,0.3242449930320459,0.4958857427568673,0.4159274653629909,0.7152223868083355,dinov2,0
test_embed,birads,oracle_other,density_B,4969,0.826,0.3277965645663678,0.2662700839723476,0.3844194916682875,0.6731468260712761,0.6237530388000888,0.7080609275514065,dinov2,0
test_embed,birads,oracle_other,density_C,4644,0.816,0.2505283356920139,0.2137506179970418,0.2947696128370848,0.6683124855654132,0.625852675460258,0.7046788170673016,dinov2,0
test_embed,birads,oracle_other,density_D,642,0.785,0.2618245028507856,0.1896907350547534,0.3135810636328497,0.6816639353547975,0.6162630093397795,0.7374082572937146,dinov2,0
test_embed_fuji,birads,pred,all,3620,1.0,0.2220074774248842,0.2136790815190491,0.2761317707127075,0.6759313017795117,0.5880888466388896,0.7205118844829485,dinov2,0
test_embed_fuji,birads,pred,density_A,298,1.0,0.3468479287761605,0.3056444255470492,0.5824166279984668,0.5124214212247797,0.4383512509139107,0.7070226760698407,dinov2,0
test_embed_fuji,birads,pred,density_B,1631,1.0,0.2412995297043083,0.225854573971043,0.3165572167974249,0.6776582088778913,0.5799592567925169,0.7882695501570403,dinov2,0
test_embed_fuji,birads,pred,density_C,1554,1.0,0.208196445201815,0.1964868309229228,0.2724836549823018,0.6567667238148135,0.5366527866793164,0.725978888405243,dinov2,0
test_embed_fuji,birads,pred,density_D,131,1.0,0.314896331738437,0.2504696531791907,0.4157700711991455,0.5026075619295958,0.2675860642171466,0.660798110309829,dinov2,0
test_embed_fuji,birads,oracle,all,3620,0.0,0.3768228247100979,0.3487319371985853,0.5235913774825939,0.8899340955293449,0.8205684782475976,0.941165057862638,dinov2,0
test_embed_fuji,birads,oracle,density_A,298,0.0,0.5678930869493483,0.4975410033935107,0.9268259786808176,0.6318174907255366,0.5784838050202904,1.0,dinov2,0
test_embed_fuji,birads,oracle,density_B,1631,0.0,0.5588064910188719,0.4456078285241234,0.7050229072624548,0.8930161863549595,0.7247202618850844,0.9865461656790186,dinov2,0
test_embed_fuji,birads,oracle,density_C,1554,0.0,0.3472594888569092,0.3335243199392564,0.4520103222723799,0.8814877066177577,0.7830762981500932,0.95498743280102,dinov2,0
test_embed_fuji,birads,oracle,density_D,131,0.0,0.837603305785124,0.4916493682310469,0.9464880658062476,0.9230769230769232,0.6659090909090909,1.0,dinov2,0
test_embed_fuji,birads,oracle_density,all,3620,0.998,0.2216968487473138,0.2125997718784325,0.2823667619145986,0.6813513961990145,0.5915215472307319,0.7299390289327161,dinov2,0
test_embed_fuji,birads,oracle_density,density_A,298,1.0,0.3542744143595984,0.3133874361245504,0.5968470436206313,0.5118096295338529,0.4483796250672321,0.7080753593359875,dinov2,0
test_embed_fuji,birads,oracle_density,density_B,1631,1.0,0.2393232889861778,0.2278598209171923,0.3903402808064174,0.6929962704873,0.5776307948320624,0.7936909252652519,dinov2,0
test_embed_fuji,birads,oracle_density,density_C,1554,1.0,0.2081461270613179,0.1958665207007085,0.2734442312958346,0.6575807214908344,0.5423914369681935,0.7252036215375744,dinov2,0
test_embed_fuji,birads,oracle_density,density_D,131,1.0,0.3179138321995464,0.2561346469622331,0.4183020024801281,0.5065189048239895,0.2717763157894736,0.6637381628787878,dinov2,0
test_embed_fuji,birads,oracle_mass,all,3620,0.004,0.3022428970593701,0.2767741289301296,0.426697646795528,0.8493996713726013,0.7872255679705901,0.8835405058254054,dinov2,0
test_embed_fuji,birads,oracle_mass,density_A,298,0.0,0.4065934065934066,0.3526084502499597,0.6909442873194476,0.7498574972104007,0.6824811762311762,0.8572700995553156,dinov2,0
test_embed_fuji,birads,oracle_mass,density_B,1631,0.004,0.451771160948061,0.3643291711424811,0.5489320143997289,0.8827758250656912,0.823003270761823,0.9310952448373364,dinov2,0
test_embed_fuji,birads,oracle_mass,density_C,1554,0.004,0.2701797321123128,0.254202988914121,0.3542947198752922,0.8369534475145082,0.7040661594161317,0.8879784996011597,dinov2,0
test_embed_fuji,birads,oracle_mass,density_D,131,0.008,0.678921568627451,0.4812604177749406,0.8065312393835511,0.7998696219035202,0.6384722222222222,0.8968963068181818,dinov2,0
test_embed_fuji,birads,oracle_calc,all,3620,0.008,0.3283447240406629,0.3156459168063626,0.4164389244348121,0.8692484615677192,0.8213825139985389,0.9035153740786336,dinov2,0
test_embed_fuji,birads,oracle_calc,density_A,298,0.017,0.5505513278459389,0.4815363816441121,0.8951310632948832,0.8203892271800234,0.7694441592634299,0.9740108984582668,dinov2,0
test_embed_fuji,birads,oracle_calc,density_B,1631,0.002,0.3460899773806023,0.3299324411124079,0.448289519124066,0.8786243340064398,0.8238096960806053,0.9299974752431516,dinov2,0
test_embed_fuji,birads,oracle_calc,density_C,1554,0.012,0.3118179012661671,0.2974972980534735,0.4072095481606783,0.8838414331925014,0.8308045676630585,0.9269820355720207,dinov2,0
test_embed_fuji,birads,oracle_calc,density_D,131,0.008,0.4985407725321888,0.3127507716049382,0.5957410433972935,0.8865710560625815,0.7578045112781956,0.9609815228174604,dinov2,0
test_embed_fuji,birads,oracle_other,all,3620,0.914,0.1895704828472996,0.1825107038406213,0.2354118215680528,0.558613491972646,0.4423639171944456,0.6255794555832033,dinov2,0
test_embed_fuji,birads,oracle_other,density_A,298,0.903,0.3201587365214254,0.2884036358796392,0.5342687068708653,0.3149389057659364,0.2521983426323645,0.6048723370758485,dinov2,0
test_embed_fuji,birads,oracle_other,density_B,1631,0.917,0.2107328971430134,0.1952654844812141,0.269062258879481,0.5366252696303009,0.4237243753207845,0.6994118795430803,dinov2,0
test_embed_fuji,birads,oracle_other,density_C,1554,0.916,0.1701971115733759,0.1607752717822034,0.2235282202020723,0.5209854012811688,0.3665090822176305,0.6247484064429716,dinov2,0
test_embed_fuji,birads,oracle_other,density_D,131,0.901,0.260853626603823,0.2081269422841146,0.3174641260313848,0.3591916558018253,0.0793124355005159,0.5354252518315018,dinov2,0
test_embed_ge,malignant,pred,all,324,1.0,0.51122462696599,0.4636968649553518,0.5652269100471629,0.6652869639428206,0.604436755851151,0.7236019684153985,dinov2,0
test_embed_ge,malignant,pred,density_B,101,1.0,0.5900974025974026,0.4700234411509863,0.7015759759284188,0.7013366750208855,0.5937748015873017,0.810997143173156,dinov2,0
test_embed_ge,malignant,pred,density_C,189,1.0,0.4681372549019608,0.4038478078804377,0.5250936607113492,0.6366522733045467,0.5552488624664319,0.7037682911009456,dinov2,0
test_embed_ge,malignant,oracle,all,324,0.0,0.6041208473202917,0.5451785914684238,0.661657089362988,0.6713462769362065,0.604357732731451,0.7228445133868937,dinov2,0
test_embed_ge,malignant,oracle,density_B,101,0.0,0.6569293478260869,0.537838838587078,0.767429556354916,0.7401837928153717,0.6098631709039548,0.834697759399252,dinov2,0
test_embed_ge,malignant,oracle,density_C,189,0.0,0.5826139329451917,0.5042789218714451,0.6529288752929948,0.6320802641605282,0.54065974305394,0.7146534671435435,dinov2,0
test_embed_ge,malignant,oracle_density,all,324,0.991,0.5168248999660401,0.4650134084214918,0.5661909796076726,0.6638361425218691,0.6039560166497392,0.721181306094575,dinov2,0
test_embed_ge,malignant,oracle_density,density_B,101,1.0,0.6013157894736842,0.4847597989093388,0.7022902134097787,0.6938178780284044,0.5723467108096468,0.813401471412157,dinov2,0
test_embed_ge,malignant,oracle_density,density_C,189,1.0,0.4681372549019608,0.4038478078804377,0.5250936607113492,0.6399542799085598,0.5620548549810845,0.7058012549731569,dinov2,0
test_embed_ge,malignant,oracle_mass,all,324,0.179,0.5984916119231948,0.535862895797283,0.6528557997289579,0.6987411990612333,0.6438976366856024,0.7421611500791357,dinov2,0
test_embed_ge,malignant,oracle_mass,density_B,101,0.228,0.6680751173708921,0.5515534525970098,0.7721880050650397,0.720969089390142,0.5958022379888757,0.8228712296306672,dinov2,0
test_embed_ge,malignant,oracle_mass,density_C,189,0.143,0.5639419907712591,0.4852145557970513,0.6429290962577634,0.689230378460757,0.6110793146219526,0.7515221791621044,dinov2,0
test_embed_ge,malignant,oracle_calc,all,324,0.136,0.5295894070503514,0.4721758228562508,0.5839882024706379,0.6195860891828462,0.554584166747769,0.6756900609804501,dinov2,0
test_embed_ge,malignant,oracle_calc,density_B,101,0.109,0.6115384615384616,0.481816275065854,0.7133441643124742,0.7263993316624896,0.5815808374631904,0.8265790328491472,dinov2,0
test_embed_ge,malignant,oracle_calc,density_C,189,0.159,0.4821917808219178,0.4177969143452825,0.5387018769007588,0.5610871221742443,0.4705328730193767,0.6403662854095058,dinov2,0
test_embed_ge,malignant,oracle_other,all,324,0.028,0.5168248999660401,0.4692067771907809,0.5737939354476971,0.6800938766801792,0.6195480853016911,0.7379301375326685,dinov2,0
test_embed_ge,malignant,oracle_other,density_B,101,0.01,0.5823662798452715,0.4666468177743629,0.6861528822055138,0.7084377610693401,0.5996898295325093,0.8055980725623583,dinov2,0
test_embed_ge,malignant,oracle_other,density_C,189,0.016,0.4821917808219178,0.4177969143452825,0.5486494872532107,0.6643383286766572,0.5785223645617668,0.7346230769230769,dinov2,0
test_embed_ge,birads,pred,all,21363,1.0,0.2911186533406937,0.278799091532727,0.303815743847141,0.7603384809259375,0.7331009570628064,0.7829675996370029,dinov2,0
test_embed_ge,birads,pred,density_A,1402,1.0,0.2636401197437827,0.2479792308063435,0.3050462937609747,0.7719015187477439,0.5741189062596475,0.8455235286608355,dinov2,0
test_embed_ge,birads,pred,density_B,9416,1.0,0.2833545267604312,0.262690191803488,0.3050197896124674,0.7617659479995718,0.713790600515727,0.7996957136730891,dinov2,0
test_embed_ge,birads,pred,density_C,9684,1.0,0.2861073064257732,0.2688861065724918,0.3044635282833131,0.7385099934117035,0.7206013268856211,0.7575478457250749,dinov2,0
test_embed_ge,birads,pred,density_D,771,1.0,0.2742505729625725,0.2422101497763868,0.3881878736847389,0.7496156677266073,0.6907202991971568,0.7989615517667037,dinov2,0
test_embed_ge,birads,oracle,all,21363,0.0,0.4008456406489514,0.3804804571892404,0.4187150212716148,0.8895589595576657,0.8693358198153561,0.9058594413819508,dinov2,0
test_embed_ge,birads,oracle,density_A,1402,0.0,0.3278253007251488,0.287949794456613,0.3700183389325714,0.9249791856805294,0.8862446399303463,0.9473828344072812,dinov2,0
test_embed_ge,birads,oracle,density_B,9416,0.0,0.4228565301525499,0.3870169276076804,0.4571266062314324,0.9051340195387058,0.8732186700230204,0.930479326723768,dinov2,0
test_embed_ge,birads,oracle,density_C,9684,0.0,0.3887111434923089,0.3635738916261012,0.4153147304374422,0.8845190316745775,0.8591857111359922,0.905530108482846,dinov2,0
test_embed_ge,birads,oracle,density_D,771,0.0,0.3471945578231292,0.3201782615946309,0.4698920759550398,0.8737827089463739,0.7967656185848331,0.9182083878813072,dinov2,0
test_embed_ge,birads,oracle_density,all,21363,0.996,0.2921666863538905,0.2787603194215429,0.3057903891054072,0.7590997772004598,0.7356048368368476,0.7811131522260905,dinov2,0
test_embed_ge,birads,oracle_density,density_A,1402,1.0,0.2531040236845646,0.238550729570794,0.2979111222840303,0.751788683629063,0.5464823840167824,0.8281848513314051,dinov2,0
test_embed_ge,birads,oracle_density,density_B,9416,1.0,0.2791002547698845,0.258129741699463,0.3034078246604701,0.7713865787567648,0.7286038187576368,0.8071675581652608,dinov2,0
test_embed_ge,birads,oracle_density,density_C,9684,1.0,0.2868763915447898,0.2688241823983886,0.3058990205514128,0.7408648615263276,0.7240405729867252,0.759491185983805,dinov2,0
test_embed_ge,birads,oracle_density,density_D,771,1.0,0.2820769682012406,0.2494206872721409,0.3866075578767257,0.7512584073278296,0.6859163421208082,0.7977553141657903,dinov2,0
test_embed_ge,birads,oracle_mass,all,21363,0.016,0.3542719126756826,0.3365467533272916,0.3743732399041062,0.87399397488151,0.8528786623244944,0.8890125372509886,dinov2,0
test_embed_ge,birads,oracle_mass,density_A,1402,0.008,0.3010248615204296,0.2626826334049958,0.3474784017091027,0.8653421279599829,0.7672026444787429,0.9091615599789188,dinov2,0
test_embed_ge,birads,oracle_mass,density_B,9416,0.012,0.3613559247622218,0.3324653781248112,0.3892448232200395,0.8806135244448889,0.8464978314178148,0.9084275400173925,dinov2,0
test_embed_ge,birads,oracle_mass,density_C,9684,0.019,0.350370085645584,0.3244385725585107,0.3811209898703247,0.8717153698484822,0.8602101441428509,0.8826495595111933,dinov2,0
test_embed_ge,birads,oracle_mass,density_D,771,0.038,0.3143539866768547,0.2846540768052756,0.4262615063485858,0.877631868680273,0.8182611912611418,0.9104606456858392,dinov2,0
test_embed_ge,birads,oracle_calc,all,21363,0.015,0.3620211502149693,0.3465823015913502,0.3780489591896732,0.8800093702747308,0.860936367182409,0.895883378034837,dinov2,0
test_embed_ge,birads,oracle_calc,density_A,1402,0.006,0.3084575961096454,0.2923848659402244,0.3867043211777273,0.9015069547924316,0.8131124084357257,0.9407779522433668,dinov2,0
test_embed_ge,birads,oracle_calc,density_B,9416,0.007,0.3597286993032936,0.3291392489802187,0.3930998796687399,0.8920904378577579,0.8653346574747318,0.919819065092742,dinov2,0
test_embed_ge,birads,oracle_calc,density_C,9684,0.023,0.3605655324039264,0.341937893878091,0.3807744919233598,0.8702334921027906,0.8537373718794691,0.8836995780295187,dinov2,0
test_embed_ge,birads,oracle_calc,density_D,771,0.026,0.3417974656546046,0.3124756661044163,0.4727587663547487,0.8644779163545999,0.8229783197145183,0.9144578090702684,dinov2,0
test_embed_ge,birads,oracle_other,all,21363,0.804,0.2537892135959882,0.2420542724556292,0.2654101920364604,0.6558073563699888,0.6276123010961875,0.6823491520709415,dinov2,0
test_embed_ge,birads,oracle_other,density_A,1402,0.842,0.2485290069785139,0.2346611124111768,0.2865524103421923,0.713642435866477,0.482928339933826,0.7979755362315967,dinov2,0
test_embed_ge,birads,oracle_other,density_B,9416,0.838,0.2520859106735016,0.2317777257113198,0.2739469533816611,0.6517582192463477,0.6020539532797813,0.7032408476204517,dinov2,0
test_embed_ge,birads,oracle_other,density_C,9684,0.772,0.2407252453219181,0.2236236034898778,0.2597138350120982,0.61898998463192,0.5904811029323314,0.6497277038654756,dinov2,0
test_embed_ge,birads,oracle_other,density_D,771,0.764,0.2263858772100673,0.19283349874696,0.3182946444581579,0.6617005219119043,0.5849951442202517,0.7122687560654154,dinov2,0
test_inbreast,birads,pred,all,410,1.0,0.2597361485419028,0.2222629444299713,0.292187681667451,0.6749294004782298,0.6511738164775881,0.7079183075371008,dinov2,0
test_inbreast,birads,pred,density_A,136,1.0,0.2421668328348288,0.1542178257942339,0.3069862515558313,0.6681945136427518,0.6153665063612153,0.7164590397888306,dinov2,0
test_inbreast,birads,pred,density_B,146,1.0,0.2611678653154626,0.2127244451709154,0.338317282885902,0.727408971461594,0.6605782376097531,0.7940373174878889,dinov2,0
test_inbreast,birads,pred,density_C,99,1.0,0.2758125829453179,0.1945837377035014,0.334034189131365,0.5952730029845741,0.5510439297712486,0.6545787900141443,dinov2,0
test_inbreast,birads,pred,density_D,28,1.0,0.1461538461538461,0.0516215106732348,0.2434894981351829,0.6780758304195804,0.4151825547138048,0.7677009938609164,dinov2,0
test_inbreast,birads,oracle,all,410,0.0,0.5016505496212551,0.4611799915840813,0.5332785067696667,0.7890514011414804,0.7596063867365581,0.8163012588728835,dinov2,0
test_inbreast,birads,oracle,density_A,136,0.0,0.4863076351370665,0.4211036904335253,0.5513906922707347,0.8607216448173833,0.8041989906192102,0.9061162785490264,dinov2,0
test_inbreast,birads,oracle,density_B,146,0.0,0.537363117370149,0.4752225648698048,0.6437234070669083,0.7839279624582125,0.7404627566834954,0.855699054156906,dinov2,0
test_inbreast,birads,oracle,density_C,99,0.0,0.4411554420183693,0.3466603083338598,0.5410691334991709,0.7016435332160504,0.6164490866834574,0.7820269705644413,dinov2,0
test_inbreast,birads,oracle,density_D,28,0.0,0.3801319648093842,0.22171875,0.5272905112129249,0.6715654137529138,0.4563789682539683,0.7861374515013496,dinov2,0
test_inbreast,birads,oracle_density,all,410,0.998,0.2550672964854092,0.2194238342864338,0.2887637126536882,0.6737793083352936,0.6496709610313802,0.7044857023071092,dinov2,0
test_inbreast,birads,oracle_density,density_A,136,1.0,0.2421668328348288,0.1542178257942339,0.3069862515558313,0.6970689904002865,0.6501554272577106,0.7464630883569214,dinov2,0
test_inbreast,birads,oracle_density,density_B,146,1.0,0.24963481910177,0.2043628784178681,0.3091680281823596,0.7266265274737997,0.6672123293515808,0.7906433253255195,dinov2,0
test_inbreast,birads,oracle_density,density_C,99,1.0,0.2758125829453179,0.1945837377035014,0.334034189131365,0.6120881169214352,0.5641339230429228,0.667030736773621,dinov2,0
test_inbreast,birads,oracle_density,density_D,28,1.0,0.1461538461538461,0.0516215106732348,0.2434894981351829,0.6562955273892774,0.3594064133661173,0.7429003046478376,dinov2,0
test_inbreast,birads,oracle_mass,all,410,0.0,0.2757703474698729,0.2361010618815425,0.3094099285497566,0.6911679534904762,0.6634122807112076,0.7202793080306594,dinov2,0
test_inbreast,birads,oracle_mass,density_A,136,0.0,0.2450145602795573,0.1618105299198007,0.3178099926065884,0.6380735363177686,0.582084325112571,0.6890781794786874,dinov2,0
test_inbreast,birads,oracle_mass,density_B,146,0.0,0.2841099913910974,0.2347832381697704,0.3564862431010543,0.7505973554844602,0.7126370482644641,0.7916773663743372,dinov2,0
test_inbreast,birads,oracle_mass,density_C,99,0.0,0.2314224751066856,0.1300733408479887,0.3497285342953259,0.6412762292485614,0.5877179410548984,0.7073126513653021,dinov2,0
test_inbreast,birads,oracle_mass,density_D,28,0.0,0.1480861244019138,0.0384615384615384,0.2595318675889328,0.6855787441724942,0.4151269613323184,0.7889252804487179,dinov2,0
test_inbreast,birads,oracle_calc,all,410,0.0,0.4553718672734728,0.4221380880173405,0.4857145566463823,0.792911955587303,0.7622785241301236,0.8322042073160008,dinov2,0
test_inbreast,birads,oracle_calc,density_A,136,0.0,0.4187755554939111,0.3426207702067271,0.4900890939958843,0.824757316159034,0.7627436836713353,0.8838333392623836,dinov2,0
test_inbreast,birads,oracle_calc,density_B,146,0.0,0.4808130699088145,0.4389041448834248,0.592282436103258,0.8166453467522332,0.73823981151028,0.91679148579576,dinov2,0
test_inbreast,birads,oracle_calc,density_C,99,0.0,0.4651243493348757,0.3894264532750943,0.5272432388838847,0.7162268866222663,0.6689991142696959,0.7725583602996852,dinov2,0
test_inbreast,birads,oracle_calc,density_D,28,0.0,0.3223684210526316,0.1859685195689166,0.4201122416020671,0.7469223484848485,0.5452128319762248,0.8529559919447027,dinov2,0
test_inbreast,birads,oracle_other,all,410,1.0,0.2574523540383285,0.2180314627205888,0.2862369469399843,0.6789335193181425,0.6532684522331355,0.7125539284332868,dinov2,0
test_inbreast,birads,oracle_other,density_A,136,1.0,0.2277752639517345,0.1464706151549784,0.2931182749466553,0.6592545667175526,0.5989898755776228,0.7107335298078148,dinov2,0
test_inbreast,birads,oracle_other,density_B,146,1.0,0.2719817951144853,0.2184552191492243,0.3397884751858719,0.7144528634924739,0.6372341684706522,0.7921223549199928,dinov2,0
test_inbreast,birads,oracle_other,density_C,99,1.0,0.259531355036973,0.164468664180261,0.3181574226714676,0.602966541349452,0.5577703613520497,0.6627259226528593,dinov2,0
test_inbreast,birads,oracle_other,density_D,28,1.0,0.1626984126984126,0.074074074074074,0.2647288602941176,0.7017045454545455,0.4839441287878788,0.7918250128500364,dinov2,0
test_vindr,birads,pred,all,2000,1.0,0.3239883045486809,0.2863987987763426,0.3554343222633507,0.7401283288962679,0.7138903007362593,0.7650958573676496,dinov2,0
test_vindr,birads,pred,density_B,190,1.0,0.3030795863940486,0.1873702235039654,0.3657675694541393,0.7171052253083238,0.6055709646368693,0.8358134563271858,dinov2,0
test_vindr,birads,pred,density_C,1530,1.0,0.3197579658177286,0.2747109390998125,0.362057655967805,0.7493395198478436,0.7271755199784781,0.7721711227925558,dinov2,0
test_vindr,birads,pred,density_D,270,1.0,0.4423913043478261,0.2134170760861381,0.5151549735226115,0.7514036617191564,0.6446595962645203,0.8018723364362781,dinov2,0
test_vindr,birads,oracle,all,2000,0.0,0.3484646258341843,0.3099736611931497,0.3835463823489099,0.7115784657917229,0.6832954923533533,0.7348933692923888,dinov2,0
test_vindr,birads,oracle,density_B,190,0.0,0.2531986531986532,0.1594369814988372,0.3150493612078978,0.6933361775139059,0.6000370373887781,0.8021660346112125,dinov2,0
test_vindr,birads,oracle,density_C,1530,0.0,0.351464825176823,0.3035014304126986,0.3960980658532987,0.7099743243132479,0.6793133896717086,0.7355703337029986,dinov2,0
test_vindr,birads,oracle,density_D,270,0.0,0.4382242287434161,0.2185448692284057,0.4905314345698452,0.7623355373989218,0.632481136450454,0.7915913512049275,dinov2,0
test_vindr,birads,oracle_density,all,2000,1.0,0.3133484726298217,0.2686770369996905,0.3452217744340689,0.7446607806011108,0.7194093497615829,0.768522556846624,dinov2,0
test_vindr,birads,oracle_density,density_B,190,1.0,0.1923069451189898,0.1697952946991096,0.2154969158676711,0.7514039084779179,0.6609857427528666,0.8445611573626532,dinov2,0
test_vindr,birads,oracle_density,density_C,1530,1.0,0.3339763859678743,0.2846245097111828,0.3736684764845842,0.7579500535222248,0.7355092340027918,0.7804511491630973,dinov2,0
test_vindr,birads,oracle_density,density_D,270,1.0,0.2351303550373378,0.1690404688944015,0.402209938366718,0.7627594787873772,0.6532800952390597,0.8139057036352255,dinov2,0
test_vindr,birads,oracle_mass,all,2000,0.0,0.3574380438369114,0.3162047600944866,0.3918474111696265,0.7545621537988108,0.7338452032957995,0.7736235416648326,dinov2,0
test_vindr,birads,oracle_mass,density_B,190,0.0,0.290976430976431,0.1679531367419076,0.3553876676498413,0.7313284654132501,0.6323278316892741,0.8333438388715426,dinov2,0
test_vindr,birads,oracle_mass,density_C,1530,0.0,0.3508321036664627,0.302587008348904,0.3922209772989917,0.7540055073211949,0.7295127998609547,0.7751850853713664,dinov2,0
test_vindr,birads,oracle_mass,density_D,270,0.0,0.4370702541106128,0.2171549850178315,0.4897913621262459,0.758095306564367,0.5890925301918114,0.8272591337327609,dinov2,0
test_vindr,birads,oracle_calc,all,2000,0.0,0.3153374585230947,0.274787717289674,0.3448551106201609,0.7419128640824171,0.7190529803557606,0.7638714876227729,dinov2,0
test_vindr,birads,oracle_calc,density_B,190,0.0,0.2706157334728763,0.1693607617101998,0.3335663202168642,0.7087200934080939,0.5995981640942883,0.8225104206817858,dinov2,0
test_vindr,birads,oracle_calc,density_C,1530,0.0,0.322569545059403,0.2797068476104155,0.3622787605784104,0.7541245394304381,0.7337959789586387,0.7750669130319199,dinov2,0
test_vindr,birads,oracle_calc,density_D,270,0.0,0.2352484472049689,0.170128053168055,0.4021247553485861,0.7435868358494507,0.6361625559461959,0.7904837104914129,dinov2,0
test_vindr,birads,oracle_other,all,2000,1.0,0.3293939563549071,0.2935398940673158,0.358424477928556,0.7092507379825314,0.6781526828564332,0.7359243145405776,dinov2,0
test_vindr,birads,oracle_other,density_B,190,1.0,0.3022634546675243,0.185277083917692,0.3664224529683436,0.7334453981002931,0.6283714172770946,0.8412648290879264,dinov2,0
test_vindr,birads,oracle_other,density_C,1530,1.0,0.3266269190949623,0.2827175250354085,0.3650765914732546,0.7157391441267272,0.691075294461012,0.7446087598526834,dinov2,0
test_vindr,birads,oracle_other,density_D,270,1.0,0.4405701473414478,0.2206365679084317,0.50807146447212,0.7170366928031557,0.5835025559591426,0.7694137850077947,dinov2,0
val,malignant,pred,all,356,1.0,0.6332417582417582,0.573963883429734,0.685345484880542,0.7085650723025583,0.6456809755713689,0.7629402679834023,dinov2,0
val,malignant,pred,density_A,38,1.0,0.6955128205128205,0.5331730769230769,0.8606937165915522,0.8571428571428572,0.7232005952380952,0.9836172839506174,dinov2,0
val,malignant,pred,density_B,114,1.0,0.6529823118058412,0.5563818266969397,0.7309957499639976,0.7089646464646464,0.6178974089635855,0.7992446595483539,dinov2,0
val,malignant,pred,density_C,162,1.0,0.6147027027027027,0.5168170191570285,0.7094614609952824,0.6619183285849953,0.5496661928095148,0.7697523723335488,dinov2,0
val,malignant,pred,density_D,40,1.0,0.4813119755911518,0.3450513771186441,0.6319852941176471,0.640625,0.4666071428571429,0.7986764705882353,dinov2,0
val,malignant,oracle,all,356,0.0,0.6960728514513375,0.6382641894684914,0.7427874385808393,0.7606368186874306,0.7112902091000256,0.8066997899843846,dinov2,0
val,malignant,oracle,density_A,38,0.0,0.6801346801346801,0.5112734826458625,0.8126901455026455,0.8630952380952381,0.7485317460317461,0.971123745819398,dinov2,0
val,malignant,oracle,density_B,114,0.0,0.7442459493144993,0.6666089641641424,0.8112571621166161,0.7509469696969696,0.6640707836531525,0.8344460531960534,dinov2,0
val,malignant,oracle,density_C,162,0.0,0.6791744840525329,0.5801758457565357,0.757870974010176,0.745679012345679,0.6510960542609479,0.836826873524333,dinov2,0
val,malignant,oracle,density_D,40,0.0,0.5636363636363637,0.3965143715143715,0.6964484126984127,0.7083333333333334,0.5468518518518519,0.8481565656565656,dinov2,0
val,malignant,oracle_density,all,356,0.994,0.644,0.5852368398922716,0.6939243927763947,0.7099902669632925,0.6449245347983362,0.767212740491034,dinov2,0
val,malignant,oracle_density,density_A,38,1.0,0.7317647058823529,0.559123554473524,0.879716810966811,0.8571428571428572,0.7232005952380952,0.9836172839506174,dinov2,0
val,malignant,oracle_density,density_B,114,1.0,0.6561506480802152,0.5519776653317026,0.7397501740613486,0.6960227272727273,0.5931245286576169,0.779480278887808,dinov2,0
val,malignant,oracle_density,density_C,162,1.0,0.6269879518072289,0.5298056799051618,0.7184344790547798,0.6763532763532764,0.5746674906761298,0.7780612796041003,dinov2,0
val,malignant,oracle_density,density_D,40,1.0,0.4813119755911518,0.3450513771186441,0.6319852941176471,0.6380208333333333,0.4614035087719298,0.7941695971867008,dinov2,0
val,malignant,oracle_mass,all,356,0.315,0.673992673992674,0.6102022937852144,0.7226212424664159,0.7539627363737486,0.7029276859213099,0.8079273411545136,dinov2,0
val,malignant,oracle_mass,density_A,38,0.526,0.638095238095238,0.4415545598911071,0.7926190476190476,0.8809523809523809,0.7606837606837608,0.9783579192546584,dinov2,0
val,malignant,oracle_mass,density_B,114,0.36,0.6904977375565611,0.6085257575307572,0.7614490858263827,0.7402146464646465,0.6430445255512403,0.8154603209237492,dinov2,0
val,malignant,oracle_mass,density_C,162,0.241,0.6790361445783133,0.5820552504875898,0.7701358306619777,0.7329534662867996,0.6351091146503186,0.8321393839070946,dinov2,0
val,malignant,oracle_mass,density_D,40,0.275,0.5636363636363637,0.3968037518037517,0.7252910052910054,0.6979166666666666,0.5311330012077294,0.8519841269841271,dinov2,0
val,malignant,oracle_calc,all,356,0.242,0.6492275314487971,0.5878287100898186,0.6977080304684392,0.7174638487208007,0.6521599136730716,0.7648975518919143,dinov2,0
val,malignant,oracle_calc,density_A,38,0.079,0.6955128205128205,0.5331730769230769,0.8606937165915522,0.8333333333333333,0.6838022547728769,0.9733846153846152,dinov2,0
val,malignant,oracle_calc,density_B,114,0.246,0.6952890076845974,0.6098576075817264,0.7630368425770138,0.7108585858585859,0.6130637254901962,0.7918003093153039,dinov2,0
val,malignant,oracle_calc,density_C,162,0.241,0.6096385542168674,0.5143917299430607,0.7034415903390541,0.682241215574549,0.5859451649848957,0.7798097433091179,dinov2,0
val,malignant,oracle_calc,density_D,40,0.4,0.5238095238095238,0.3686601174778515,0.6762264150943397,0.6588541666666667,0.4885870927318295,0.8070188492063493,dinov2,0
val,malignant,oracle_other,all,356,0.022,0.6332417582417582,0.573963883429734,0.685345484880542,0.7109635706340378,0.6431210716032528,0.7676471983279116,dinov2,0
val,malignant,oracle_other,density_A,38,0.0,0.6955128205128205,0.5331730769230769,0.8606937165915522,0.8720238095238095,0.738552807486631,0.9836172839506172,dinov2,0
val,malignant,oracle_other,density_B,114,0.018,0.6529823118058412,0.5563818266969397,0.7309957499639976,0.7146464646464646,0.6205654761904762,0.8015068122089539,dinov2,0
val,malignant,oracle_other,density_C,162,0.031,0.6147027027027027,0.5168170191570285,0.7094614609952824,0.6613485280151947,0.5440258156014699,0.770516690368455,dinov2,0
val,malignant,oracle_other,density_D,40,0.025,0.4813119755911518,0.3450513771186441,0.6319852941176471,0.640625,0.4632884615384615,0.7943379735570811,dinov2,0
val,birads,pred,all,9182,1.0,0.3863253015165099,0.3610568100183169,0.4143233649078987,0.7939733866031966,0.7751152793027881,0.8102654793571106,dinov2,0
val,birads,pred,density_A,1031,1.0,0.3613593894947809,0.264342755178744,0.4404489110995033,0.854118153702772,0.7963421234694114,0.8941679807445265,dinov2,0
val,birads,pred,density_B,3388,1.0,0.4092341564411658,0.3601739263010283,0.4479772641464853,0.8121944693815882,0.7880842085768558,0.836436938695046,dinov2,0
val,birads,pred,density_C,4050,1.0,0.3578420456006609,0.3137329711929685,0.4006530105599443,0.7652713667868852,0.7424453147648874,0.7880455193147459,dinov2,0
val,birads,pred,density_D,669,1.0,0.3737674334983507,0.3380263895421232,0.4052762634109816,0.798946156004623,0.7551955979239042,0.8270493489891676,dinov2,0
val,birads,oracle,all,9182,0.0,0.475182190112467,0.4422332797547426,0.5050971010419978,0.8856068253817359,0.8709546910862155,0.9022064213460996,dinov2,0
val,birads,oracle,density_A,1031,0.0,0.4166035621967104,0.3309984210230233,0.4880055568350863,0.9296007406836188,0.8720467411811652,0.967513636617547,dinov2,0
val,birads,oracle,density_B,3388,0.0,0.4574475358263455,0.4048395321522438,0.5018307378248276,0.9070088910558828,0.8869291115336048,0.9279400340825348,dinov2,0
val,birads,oracle,density_C,4050,0.0,0.4779997370999974,0.4406088695910535,0.5231679645597574,0.8610883093587764,0.8457906505065881,0.8802551105170587,dinov2,0
val,birads,oracle,density_D,669,0.0,0.5370226284339926,0.3981072454844007,0.6112113565790299,0.8873297809805789,0.8512105485632618,0.9199170401956942,dinov2,0
val,birads,oracle_density,all,9182,0.995,0.390576191578542,0.3656994516791645,0.4141260908190341,0.7927870932964216,0.7747384993935614,0.8095048377548681,dinov2,0
val,birads,oracle_density,density_A,1031,1.0,0.3530410692498922,0.2599980085687757,0.4306330586814753,0.852632242325534,0.8018565073582415,0.891578497199102,dinov2,0
val,birads,oracle_density,density_B,3388,1.0,0.419464932422615,0.3716043253221076,0.4564991877890441,0.8215579021586796,0.7987325668046769,0.8430504604463543,dinov2,0
val,birads,oracle_density,density_C,4050,1.0,0.3623272351787835,0.319204994627756,0.4037005499728713,0.7661777107814015,0.7419564953466734,0.7892287123535957,dinov2,0
val,birads,oracle_density,density_D,669,1.0,0.3644866813419523,0.3308224267269495,0.4003018407408418,0.7955821265294586,0.7498582258829434,0.825202676599021,dinov2,0
val,birads,oracle_mass,all,9182,0.028,0.4498727633395971,0.4231016460370338,0.4800588223223525,0.8740938413360132,0.86247995486862,0.8857285578923516,dinov2,0
val,birads,oracle_mass,density_A,1031,0.027,0.3891687264521771,0.3057165963014566,0.464614499291639,0.923487053099688,0.891410542367027,0.9506719232805748,dinov2,0
val,birads,oracle_mass,density_B,3388,0.025,0.4428617095710619,0.3973637328326282,0.4892408579255479,0.897269983724336,0.8818247922436445,0.913199323005726,dinov2,0
val,birads,oracle_mass,density_C,4050,0.028,0.4525519300322284,0.4118622006811744,0.498074665573026,0.8467219286818203,0.831119341352632,0.8646574583439957,dinov2,0
val,birads,oracle_mass,density_D,669,0.039,0.5183075699022506,0.3859433675914572,0.587804564955021,0.8547001778813413,0.8137947983753714,0.8809000845132124,dinov2,0
val,birads,oracle_calc,all,9182,0.023,0.4266149985037359,0.4012963222297569,0.4530566514950505,0.9032922371995286,0.8926733150786478,0.912737117210682,dinov2,0
val,birads,oracle_calc,density_A,1031,0.007,0.3782090061027631,0.2924199388025531,0.4558190063729165,0.944828165487038,0.9206632315737484,0.9649486947925838,dinov2,0
val,birads,oracle_calc,density_B,3388,0.02,0.4493133473677491,0.3987735422815073,0.4845195801774937,0.923845270022126,0.9119799025020016,0.9380887881102584,dinov2,0
val,birads,oracle_calc,density_C,4050,0.024,0.3995949845496966,0.3620870811008877,0.4418805509726214,0.8891840051468568,0.8728285315433502,0.9044545265811368,dinov2,0
val,birads,oracle_calc,density_D,669,0.052,0.4281972746705627,0.3953124912281175,0.4614451773427657,0.9044626051224912,0.8674143532800634,0.9345481158534108,dinov2,0
val,birads,oracle_other,all,9182,0.83,0.3572580870866632,0.3321710919442157,0.3843889301667949,0.7080248682485221,0.6834128834804668,0.7293950790821023,dinov2,0
val,birads,oracle_other,density_A,1031,0.835,0.3441194385129695,0.2521451441833201,0.4221659599179154,0.7721446780470979,0.6848970121517793,0.8360019126650138,dinov2,0
val,birads,oracle_other,density_B,3388,0.821,0.3831944426654978,0.3329132447538606,0.4192166584956641,0.7149088768229305,0.6820639942078912,0.7502640337933919,dinov2,0
val,birads,oracle_other,density_C,4050,0.846,0.323924675597294,0.2769563709891217,0.368205286612055,0.666692463554833,0.6287410100185079,0.7026530302416552,dinov2,0
val,birads,oracle_other,density_D,669,0.797,0.3430682079388238,0.3077737102006402,0.3712654389286341,0.7559179220537201,0.6973664510490967,0.7866878493642638,dinov2,0
test_cbis_ddsm,malignant,pred,all,369,1.0,0.6551782495125271,0.6011866466514929,0.6989976019742968,0.7207737084647102,0.6690782135921489,0.7733810833297343,dinov2,1
test_cbis_ddsm,malignant,pred,density_A,38,1.0,0.6049896049896051,0.4448125,0.7420634920634921,0.7023809523809523,0.5078242035354039,0.8519029581529581,dinov2,1
test_cbis_ddsm,malignant,pred,density_B,145,1.0,0.6895961181675467,0.6198026690782413,0.7670378225859543,0.7759424795958025,0.6952282906992183,0.84902288887583,dinov2,1
test_cbis_ddsm,malignant,pred,density_C,112,1.0,0.6414676188131002,0.5410101108130999,0.7248841572919491,0.6717222783956859,0.5594004932982378,0.7563749588372983,dinov2,1
test_cbis_ddsm,malignant,pred,density_D,73,1.0,0.6163663663663663,0.5275181041294822,0.704045623285126,0.6501524390243902,0.5230890027135953,0.7584157946072839,dinov2,1
test_cbis_ddsm,malignant,oracle,all,369,0.0,0.6773136894527776,0.6323695094601964,0.7159792153992778,0.7387521222410867,0.6899370406386434,0.7903228603694442,dinov2,1
test_cbis_ddsm,malignant,oracle,density_A,38,0.0,0.7054263565891472,0.5519552669552669,0.8127997545808117,0.7946428571428571,0.6249344405594406,0.9286071428571429,dinov2,1
test_cbis_ddsm,malignant,oracle,density_B,145,0.0,0.6820175438596491,0.5983024720759443,0.759099084021682,0.7419354838709677,0.6454534760462903,0.8175322769953052,dinov2,1
test_cbis_ddsm,malignant,oracle,density_C,112,0.0,0.686429512516469,0.5983185745051881,0.7668334208147436,0.7499157398045163,0.6546213531187123,0.8346027623170481,dinov2,1
test_cbis_ddsm,malignant,oracle,density_D,73,0.0,0.6290231507622812,0.5333702865117339,0.7258669302566763,0.6661585365853658,0.5433404518376981,0.7787579315773456,dinov2,1
test_cbis_ddsm,malignant,oracle_density,all,369,0.997,0.6497479857253228,0.5982366870093633,0.7017153090049579,0.7185605141886975,0.6676353820481478,0.7697963610707897,dinov2,1
test_cbis_ddsm,malignant,oracle_density,density_A,38,1.0,0.6049896049896051,0.4193637387387387,0.7364630220055015,0.7053571428571428,0.5137852042344951,0.8637275533108867,dinov2,1
test_cbis_ddsm,malignant,oracle_density,density_B,145,1.0,0.6895961181675467,0.6248597406355944,0.7644050201140673,0.77147298872911,0.691903387784768,0.8443117519735168,dinov2,1
test_cbis_ddsm,malignant,oracle_density,density_C,112,1.0,0.6354166666666667,0.5410736712979389,0.7148001472687089,0.6777890124705089,0.5677994943885901,0.7634833937198067,dinov2,1
test_cbis_ddsm,malignant,oracle_density,density_D,73,1.0,0.6015433841520799,0.4981211468569121,0.7022249344776197,0.6585365853658537,0.5420531849103277,0.7683546589069845,dinov2,1
test_cbis_ddsm,malignant,oracle_mass,all,369,0.512,0.680524208765919,0.6346335862624684,0.7266416893280447,0.7401467378122726,0.6937109301597245,0.7863527470535506,dinov2,1
test_cbis_ddsm,malignant,oracle_mass,density_A,38,0.632,0.680672268907563,0.5390243759521857,0.8126286890871655,0.7946428571428571,0.6330594405594405,0.9234642857142856,dinov2,1
test_cbis_ddsm,malignant,oracle_mass,density_B,145,0.593,0.6753061127257134,0.5984286044897015,0.7553077252483728,0.743101438010105,0.6449051203382283,0.8105122411481956,dinov2,1
test_cbis_ddsm,malignant,oracle_mass,density_C,112,0.509,0.7028192371475954,0.5990099664287087,0.778592385021925,0.7418267610380855,0.637467815614618,0.819192622853337,dinov2,1
test_cbis_ddsm,malignant,oracle_mass,density_D,73,0.301,0.6437687687687688,0.5372318136925989,0.7322094558587928,0.6722560975609756,0.5478134384384385,0.7776900415338549,dinov2,1
test_cbis_ddsm,malignant,oracle_calc,all,369,0.374,0.6441396673954813,0.6015275672393586,0.6923842920537158,0.7177722532136794,0.6689998531956529,0.7771815808763326,dinov2,1
test_cbis_ddsm,malignant,oracle_calc,density_A,38,0.211,0.6305555555555555,0.4444047619047618,0.7590810836450371,0.7172619047619048,0.5078242035354039,0.856828947368421,dinov2,1
test_cbis_ddsm,malignant,oracle_calc,density_B,145,0.283,0.6894188205054976,0.627921568627451,0.7685776452205585,0.7804119704624952,0.7017326959232625,0.8588866051085816,dinov2,1
test_cbis_ddsm,malignant,oracle_calc,density_C,112,0.375,0.6205899363794101,0.5260939754090581,0.6906856043270103,0.681159420289855,0.5716953675176056,0.7675534728163647,dinov2,1
test_cbis_ddsm,malignant,oracle_calc,density_D,73,0.63,0.5753424657534246,0.4900415284096741,0.679677483974359,0.6158536585365855,0.5212253605818733,0.7500159574468085,dinov2,1
test_cbis_ddsm,malignant,oracle_other,all,369,0.0,0.6551782495125271,0.6011866466514929,0.6989976019742968,0.7205918020858599,0.6689270691549772,0.773233553018731,dinov2,1
test_cbis_ddsm,malignant,oracle_other,density_A,38,0.0,0.6049896049896051,0.4448125,0.7420634920634921,0.7023809523809523,0.5078242035354039,0.8519029581529581,dinov2,1
test_cbis_ddsm,malignant,oracle_other,density_B,145,0.0,0.6895961181675467,0.6198026690782413,0.7670378225859543,0.7757481539059463,0.6952184404234106,0.8488317124052419,dinov2,1
test_cbis_ddsm,malignant,oracle_other,density_C,112,0.0,0.6414676188131002,0.5410101108130999,0.7248841572919491,0.6717222783956859,0.5594004932982378,0.7563749588372983,dinov2,1
test_cbis_ddsm,malignant,oracle_other,density_D,73,0.0,0.6163663663663663,0.5275181041294822,0.704045623285126,0.6501524390243902,0.5230890027135953,0.7584157946072839,dinov2,1
test_cbis_ddsm,birads,pred,all,344,1.0,0.2808293852070676,0.2386593557089125,0.3769816596716597,0.6778294364958838,0.6502281169358987,0.7699641945905287,dinov2,1
test_cbis_ddsm,birads,pred,density_A,38,1.0,0.4442508710801393,0.264078443877551,0.5757654946679336,0.7829759286412512,0.6632505630211789,0.8786563779635327,dinov2,1
test_cbis_ddsm,birads,pred,density_B,133,1.0,0.2404759548782901,0.1860328284665842,0.3356147538418341,0.6326674877299157,0.5905980188810598,0.7495057495705725,dinov2,1
test_cbis_ddsm,birads,pred,density_C,101,1.0,0.3654590257412838,0.2652322703441622,0.4474138984932236,0.7197407681057502,0.6543019251665965,0.7793706560936884,dinov2,1
test_cbis_ddsm,birads,pred,density_D,71,1.0,0.2682252388134741,0.2051282051282051,0.4334724523172338,0.6384638812962461,0.5620687360845468,0.7605537825437947,dinov2,1
test_cbis_ddsm,birads,oracle,all,344,0.0,0.3649360180515196,0.3164007678302906,0.5043384685829676,0.6621082448375772,0.6335685794235931,0.8210842375522123,dinov2,1
test_cbis_ddsm,birads,oracle,density_A,38,0.0,0.5119047619047619,0.3506211142993783,0.6323118194441724,0.8391702887166598,0.7524467837546541,0.9069640735509747,dinov2,1
test_cbis_ddsm,birads,oracle,density_B,133,0.0,0.3859445024962266,0.3096956618615826,0.544904651567083,0.639034805562748,0.5938699863502671,0.8127193615142143,dinov2,1
test_cbis_ddsm,birads,oracle,density_C,101,0.0,0.3944647201946472,0.313671162205445,0.4674345211880994,0.8095055245253562,0.7541807096005451,0.8589263179757899,dinov2,1
test_cbis_ddsm,birads,oracle,density_D,71,0.0,0.2790740740740741,0.2195485300916483,0.4326989157631359,0.6945038913863036,0.5469009077352328,0.8068425424813676,dinov2,1
test_cbis_ddsm,birads,oracle_density,all,344,0.997,0.287878162429246,0.2468744849856031,0.3921346955998732,0.6795869168472523,0.6497013641982816,0.7673795017576948,dinov2,1
test_cbis_ddsm,birads,oracle_density,density_A,38,1.0,0.4442508710801393,0.264078443877551,0.5757654946679336,0.7654777178466694,0.6501911135788626,0.8677061539031096,dinov2,1
test_cbis_ddsm,birads,oracle_density,density_B,133,1.0,0.261167872190653,0.200688823984282,0.3759221139115878,0.6376889633228364,0.5949808781518999,0.7562573263427257,dinov2,1
test_cbis_ddsm,birads,oracle_density,density_C,101,1.0,0.3474987673986422,0.2502651117039911,0.4310049019607843,0.7250975760084565,0.6481729782988711,0.7924172210478038,dinov2,1
test_cbis_ddsm,birads,oracle_density,density_D,71,1.0,0.2547814207650273,0.2025215517241379,0.4294711181074818,0.6325714335913577,0.5345160269414817,0.7307407442501093,dinov2,1
test_cbis_ddsm,birads,oracle_mass,all,344,0.497,0.3131746031746031,0.2783545040016212,0.4263360986129086,0.6390834232897207,0.6096512997195325,0.8077379899647807,dinov2,1
test_cbis_ddsm,birads,oracle_mass,density_A,38,0.632,0.5119047619047619,0.3506211142993783,0.6323118194441724,0.8247434017595308,0.7344684756662371,0.9113580437527448,dinov2,1
test_cbis_ddsm,birads,oracle_mass,density_B,133,0.586,0.2621137231263813,0.2130922831482652,0.3664595940050661,0.623302240651362,0.5731477924091165,0.8021222461846649,dinov2,1
test_cbis_ddsm,birads,oracle_mass,density_C,101,0.465,0.4263497652582159,0.3389221073928259,0.4958344671201815,0.7870734712358699,0.727101606907207,0.8454948556850531,dinov2,1
test_cbis_ddsm,birads,oracle_mass,density_D,71,0.31,0.3032026970080067,0.2354988861702009,0.470922965709422,0.6346935066589359,0.5165691693679937,0.7723291095675467,dinov2,1
test_cbis_ddsm,birads,oracle_calc,all,344,0.381,0.3106479428430648,0.2675100794755531,0.4371294969439633,0.6850404370168481,0.6559782494998269,0.7837513753562658,dinov2,1
test_cbis_ddsm,birads,oracle_calc,density_A,38,0.211,0.4928571428571428,0.3260596546310831,0.6098535389765664,0.7890197336265885,0.6932039773095868,0.8660427998154618,dinov2,1
test_cbis_ddsm,birads,oracle_calc,density_B,133,0.278,0.2822994987468671,0.2099220250830211,0.4090946751590267,0.6495624963449612,0.6067975050404583,0.7670858761842768,dinov2,1
test_cbis_ddsm,birads,oracle_calc,density_C,101,0.406,0.3828562774496441,0.2720475464576075,0.4679796759848907,0.7368285110741359,0.686621219799153,0.802070162526278,dinov2,1
test_cbis_ddsm,birads,oracle_calc,density_D,71,0.62,0.2597477064220184,0.2033120875468831,0.4213096655108765,0.7143612720625884,0.580809323599585,0.7975686824821362,dinov2,1
test_cbis_ddsm,birads,oracle_other,all,344,0.0,0.2808293852070676,0.2386593557089125,0.3769816596716597,0.678043727141209,0.6504406057993152,0.7702386439282399,dinov2,1
test_cbis_ddsm,birads,oracle_other,density_A,38,0.0,0.4442508710801393,0.264078443877551,0.5757654946679336,0.7829759286412512,0.6632505630211789,0.8786563779635327,dinov2,1
test_cbis_ddsm,birads,oracle_other,density_B,133,0.0,0.2404759548782901,0.1860328284665842,0.3356147538418341,0.6329108497355671,0.590741579512032,0.7507150276240002,dinov2,1
test_cbis_ddsm,birads,oracle_other,density_C,101,0.0,0.3654590257412838,0.2652322703441622,0.4474138984932236,0.7206880184880793,0.654912057584637,0.7793885895491219,dinov2,1
test_cbis_ddsm,birads,oracle_other,density_D,71,0.0,0.2682252388134741,0.2051282051282051,0.4334724523172338,0.6384638812962461,0.5620687360845468,0.7605537825437947,dinov2,1
test_cdd_cesm,malignant,pred,all,566,1.0,0.7173066504131111,0.6814888978205577,0.7565985800262505,0.8029362667465649,0.7601061896273661,0.8443073691963494,dinov2,1
test_cdd_cesm,malignant,pred,density_B,183,1.0,0.7470203624135998,0.6736682427107958,0.8047422727056468,0.8349773393761665,0.7507840380246589,0.90697759013166,dinov2,1
test_cdd_cesm,malignant,pred,density_C,295,1.0,0.7106669372294372,0.6406205496556094,0.7738148458817273,0.8024737631184408,0.7493756350781166,0.8555042255502413,dinov2,1
test_cdd_cesm,malignant,pred,density_D,36,1.0,0.6296296296296295,0.4461458333333333,0.8011559737531376,0.9090909090909092,0.8208455086580088,0.9807921245421244,dinov2,1
test_cdd_cesm,malignant,oracle,all,566,0.011,0.7586270768090908,0.7168381404804333,0.7925545034971079,0.901518069882578,0.8711703598861069,0.929011906420641,dinov2,1
test_cdd_cesm,malignant,oracle,density_B,183,0.016,0.8130745658835546,0.7441049893011633,0.8654563829787234,0.9332178085843776,0.888307037167353,0.9697421034408464,dinov2,1
test_cdd_cesm,malignant,oracle,density_C,295,0.007,0.7336120401337793,0.6751308624180241,0.7848526001903566,0.8836206896551724,0.8376115132890687,0.91737678543613,dinov2,1
test_cdd_cesm,malignant,oracle,density_D,36,0.028,0.6296296296296295,0.4223441999177293,0.7819804844350418,0.866883116883117,0.7498641304347826,0.9737280701754386,dinov2,1
test_cdd_cesm,malignant,oracle_density,all,566,0.915,0.7173066504131111,0.6816228384665174,0.758964500491603,0.7987701351139265,0.7573792089653688,0.8389425096245804,dinov2,1
test_cdd_cesm,malignant,oracle_density,density_B,183,1.0,0.7635571634242682,0.6921739516702203,0.8252959886366501,0.8377765929085578,0.7516716408432815,0.907892777442196,dinov2,1
test_cdd_cesm,malignant,oracle_density,density_C,295,1.0,0.7040016326252956,0.6383695824270481,0.7600088841690842,0.8030092096808739,0.7470936126139938,0.8551730361740818,dinov2,1
test_cdd_cesm,malignant,oracle_density,density_D,36,1.0,0.5764705882352942,0.4016188197767145,0.7474561864219372,0.905844155844156,0.7823874495070148,0.9875038580246914,dinov2,1
test_cdd_cesm,malignant,oracle_mass,all,566,0.309,0.7950895208004213,0.7576834084674399,0.8295067080128401,0.8531438599494928,0.81465183632393,0.8869885563436106,dinov2,1
test_cdd_cesm,malignant,oracle_mass,density_B,183,0.388,0.8512983571807101,0.8005815534620349,0.900304125378017,0.9129565449213544,0.8669142776700636,0.95576319837644,dinov2,1
test_cdd_cesm,malignant,oracle_mass,density_C,295,0.281,0.7646723646723648,0.7150186057189118,0.8150006752704337,0.8200364103662454,0.7596888148216231,0.871212019440061,dinov2,1
test_cdd_cesm,malignant,oracle_mass,density_D,36,0.278,0.6782522343594837,0.4517094017094017,0.8518518518518519,0.8928571428571428,0.7947115384615384,0.975029761904762,dinov2,1
test_cdd_cesm,malignant,oracle_calc,all,566,0.025,0.7068442471328154,0.6687157518118617,0.7413284602783339,0.785173137011514,0.7440176358311735,0.8262617260489266,dinov2,1
test_cdd_cesm,malignant,oracle_calc,density_B,183,0.022,0.7264783658452458,0.6589426285749187,0.7903058512985652,0.8271127699280191,0.738982363620465,0.9002471861471861,dinov2,1
test_cdd_cesm,malignant,oracle_calc,density_C,295,0.024,0.7040016326252956,0.638578958194552,0.7690018006590266,0.7937459841507818,0.7348241733527159,0.852191361788618,dinov2,1
test_cdd_cesm,malignant,oracle_calc,density_D,36,0.056,0.6296296296296295,0.4461458333333333,0.8011559737531376,0.775974025974026,0.6086880510793554,0.9145054945054946,dinov2,1
test_cdd_cesm,malignant,oracle_other,all,566,1.0,0.7369204330787567,0.6942009965519412,0.7794088025559137,0.8612193068812509,0.824892543341447,0.8965483010205268,dinov2,1
test_cdd_cesm,malignant,oracle_other,density_B,183,1.0,0.7850851438637698,0.7169009380067817,0.8358886093071285,0.8691015729138897,0.7906490375830502,0.9309785563273936,dinov2,1
test_cdd_cesm,malignant,oracle_other,density_C,295,1.0,0.7106669372294372,0.6457347728690523,0.7782962966886622,0.870207753266224,0.8277033871808234,0.9204322192734048,dinov2,1
test_cdd_cesm,malignant,oracle_other,density_D,36,1.0,0.5764705882352942,0.4016188197767145,0.7474561864219372,0.9512987012987012,0.8687922077922079,1.0,dinov2,1
test_cdd_cesm,birads,pred,all,566,1.0,0.3715850309351074,0.3382204297199686,0.398923356887245,0.7550021500821018,0.7334106532976769,0.777141087224095,dinov2,1
test_cdd_cesm,birads,pred,density_B,183,1.0,0.3869325735992402,0.3251009495536838,0.4329463803860444,0.7961092220944418,0.7646799428539884,0.8340817382576177,dinov2,1
test_cdd_cesm,birads,pred,density_C,295,1.0,0.3376626635425764,0.2936299722129163,0.3790422124005485,0.7255194631442314,0.6968298065601609,0.7583206131760383,dinov2,1
test_cdd_cesm,birads,pred,density_D,36,1.0,0.4707335907335907,0.3164952305246423,0.6126802478567186,0.8311552683427683,0.7708447876906661,0.9087799918578692,dinov2,1
test_cdd_cesm,birads,oracle,all,566,0.011,0.4969976431697917,0.4604520262742774,0.5376249625637846,0.7180508515915893,0.6865067618611276,0.7451440509489275,dinov2,1
test_cdd_cesm,birads,oracle,density_B,183,0.016,0.5374120002568032,0.4497586426622957,0.6069429939092184,0.7752262838283752,0.7220032593897915,0.8219749809063033,dinov2,1
test_cdd_cesm,birads,oracle,density_C,295,0.007,0.5033113046092648,0.4491984270531743,0.542421785360605,0.7462323035955019,0.7077740359998536,0.7806048043987005,dinov2,1
test_cdd_cesm,birads,oracle,density_D,36,0.028,0.4606811145510835,0.2751531247750017,0.563425970225324,0.783683608058608,0.65425893716462,0.8671491332825273,dinov2,1
test_cdd_cesm,birads,oracle_density,all,566,0.915,0.3769555337869502,0.3425772939676645,0.4084496693972576,0.7526601214036452,0.7317917741101095,0.7739461945652293,dinov2,1
test_cdd_cesm,birads,oracle_density,density_B,183,1.0,0.3921406863613154,0.3276412604768058,0.4471161206193089,0.7926566438015589,0.7590685509787807,0.8326764157514535,dinov2,1
test_cdd_cesm,birads,oracle_density,density_C,295,1.0,0.3404990412904992,0.296686209637418,0.387268224965171,0.7275617134846764,0.6970129763217693,0.7607806008710915,dinov2,1
test_cdd_cesm,birads,oracle_density,density_D,36,1.0,0.5024796224796224,0.3371673984909279,0.6126802478567186,0.834706925019425,0.7701424059512388,0.9069156691738212,dinov2,1
test_cdd_cesm,birads,oracle_mass,all,566,0.309,0.4131525565583895,0.3805454658413185,0.441797901640999,0.7673432948465647,0.7432173671967512,0.7925375448028151,dinov2,1
test_cdd_cesm,birads,oracle_mass,density_B,183,0.388,0.4480224780109969,0.376185641226051,0.5004652022203424,0.8245051332623593,0.791842432943223,0.8541485916164618,dinov2,1
test_cdd_cesm,birads,oracle_mass,density_C,295,0.281,0.3947924142113789,0.3475273876663224,0.4309850198439579,0.7368223963113392,0.7034573128598631,0.7655437697865205,dinov2,1
test_cdd_cesm,birads,oracle_mass,density_D,36,0.278,0.3857142857142857,0.2471364221364221,0.4771553324392999,0.8529244366744366,0.7834843019289881,0.9193622474952876,dinov2,1
test_cdd_cesm,birads,oracle_calc,all,566,0.025,0.4230545118251542,0.3866781280110381,0.4614004392478305,0.7783455631224886,0.7577891140848625,0.7999969698297542,dinov2,1
test_cdd_cesm,birads,oracle_calc,density_B,183,0.022,0.4235262230429903,0.3642591953136034,0.4756652413768636,0.8028869607742937,0.7632494827742513,0.8509679245795683,dinov2,1
test_cdd_cesm,birads,oracle_calc,density_C,295,0.024,0.4126221044033106,0.3592647417452334,0.4618250974674516,0.7932358318041458,0.758757713423067,0.8259972960077742,dinov2,1
test_cdd_cesm,birads,oracle_calc,density_D,36,0.056,0.5628571428571428,0.3956129568106312,0.6782568542568543,0.8622176087801087,0.7946661369374662,0.9318957598471488,dinov2,1
test_cdd_cesm,birads,oracle_other,all,566,1.0,0.3782523012006064,0.342216117772995,0.4078823319720294,0.7340765312392349,0.7090256454552366,0.7589803480737749,dinov2,1
test_cdd_cesm,birads,oracle_other,density_B,183,1.0,0.4072684641001086,0.3505629527091191,0.4679432740849924,0.7837904816395953,0.7450664618059765,0.8299087033731191,dinov2,1
test_cdd_cesm,birads,oracle_other,density_C,295,1.0,0.3410601554603875,0.2995552401431683,0.381211888874445,0.6968590829620755,0.6633516865220435,0.733100945519618,dinov2,1
test_cdd_cesm,birads,oracle_other,density_D,36,1.0,0.4430510665804784,0.304700332242078,0.591139880952381,0.7770638736263736,0.695768950933368,0.8605733949985853,dinov2,1
test_cmmd,malignant,pred,all,1867,1.0,0.4501696217302613,0.4269727408899286,0.4704967381701522,0.7790877671493892,0.7595861769295152,0.8018178605766165,dinov2,1
test_cmmd,malignant,oracle,all,1867,0.0,0.48070731724277,0.4595615017586796,0.5026502081872147,0.7708846002623033,0.7481869612033739,0.7923504099369539,dinov2,1
test_cmmd,malignant,oracle_density,all,1867,0.0,0.4501696217302613,0.4269727408899286,0.4704967381701522,0.7790877671493892,0.7595861769295152,0.8018178605766165,dinov2,1
test_cmmd,malignant,oracle_mass,all,1867,0.0,0.4630865711378751,0.4396082181665475,0.4849210753116197,0.7783591466616809,0.7557779013976791,0.7990050461774321,dinov2,1
test_cmmd,malignant,oracle_calc,all,1867,0.0,0.4701238225959897,0.449323087074033,0.4917116092408253,0.76340318008474,0.7443225736414134,0.7831317867252894,dinov2,1
test_cmmd,malignant,oracle_other,all,1867,0.0,0.4501696217302613,0.4269727408899286,0.4704967381701522,0.7790877671493892,0.7595861769295152,0.8018178605766165,dinov2,1
test_embed,malignant,pred,all,297,1.0,0.5549342105263158,0.490756558365254,0.6164459344543841,0.6991891603542089,0.6351891202673423,0.7682687609663575,dinov2,1
test_embed,malignant,pred,density_A,29,1.0,0.4629629629629629,0.4253936170212766,0.4918032786885246,0.1599999999999999,0.0413194444444444,0.3067460317460316,dinov2,1
test_embed,malignant,pred,density_B,104,1.0,0.545397776945173,0.4254642810171825,0.636277198262428,0.7287581699346405,0.5851950529810372,0.8539206764914772,dinov2,1
test_embed,malignant,pred,density_C,138,1.0,0.5446315255097725,0.4576795824556183,0.6369747024246638,0.7150283553875236,0.6280119462780753,0.7976865243342516,dinov2,1
test_embed,malignant,pred,density_D,21,1.0,0.4473684210526316,0.3939393939393939,0.4878190584231424,0.5147058823529411,0.0,0.9446637426900584,dinov2,1
test_embed,malignant,oracle,all,297,0.0,0.6636582017844886,0.6062650342874867,0.725692607372963,0.7337031900138696,0.674515835608992,0.7966051757314216,dinov2,1
test_embed,malignant,oracle,density_A,29,0.0,0.6716981132075472,0.4509303721488595,1.0,0.8200000000000001,0.608764367816092,1.0,dinov2,1
test_embed,malignant,oracle,density_B,104,0.0,0.649306856500562,0.5128909564009411,0.741033105022831,0.7655228758169935,0.6304650906364399,0.8646963652620849,dinov2,1
test_embed,malignant,oracle,density_C,138,0.0,0.6527640106747998,0.5550070369611259,0.7484908073005312,0.6890359168241965,0.6029310974524887,0.7908054471520388,dinov2,1
test_embed,malignant,oracle,density_D,21,0.0,0.6594594594594595,0.4282738095238095,1.0,0.8676470588235294,0.5485937500000001,1.0,dinov2,1
test_embed,malignant,oracle_density,all,297,0.983,0.5549342105263158,0.490756558365254,0.6164459344543841,0.6844660194174758,0.6160863366139493,0.7591187911361541,dinov2,1
test_embed,malignant,oracle_density,density_A,29,1.0,0.4629629629629629,0.4253936170212766,0.4918032786885246,0.3299999999999999,0.0609375,0.6675362318840578,dinov2,1
test_embed,malignant,oracle_density,density_B,104,1.0,0.545397776945173,0.4254642810171825,0.636277198262428,0.7197712418300654,0.5761925270083978,0.8433500384033598,dinov2,1
test_embed,malignant,oracle_density,density_C,138,1.0,0.5446315255097725,0.4576795824556183,0.6369747024246638,0.6897448015122873,0.6008200775276127,0.7984380241434762,dinov2,1
test_embed,malignant,oracle_density,density_D,21,1.0,0.4473684210526316,0.3939393939393939,0.4878190584231424,0.3970588235294117,0.0,0.894736842105263,dinov2,1
test_embed,malignant,oracle_mass,all,297,0.199,0.6164352056612119,0.5490931814338649,0.682339277849819,0.7604822362103916,0.6980020100938182,0.8225417921015882,dinov2,1
test_embed,malignant,oracle_mass,density_A,29,0.069,0.4629629629629629,0.4253936170212766,0.4918032786885246,0.43,0.1327083333333333,1.0,dinov2,1
test_embed,malignant,oracle_mass,density_B,104,0.25,0.6153846153846154,0.47630784742693,0.7142367873946821,0.7618464052287581,0.6183367460908414,0.8756030466053378,dinov2,1
test_embed,malignant,oracle_mass,density_C,138,0.181,0.5967532467532467,0.5043806358159703,0.6841080286394485,0.7549621928166351,0.6623833231727969,0.8458003350725358,dinov2,1
test_embed,malignant,oracle_mass,density_D,21,0.19,0.6594594594594595,0.4282738095238095,1.0,0.9705882352941176,0.8588107638888889,1.0,dinov2,1
test_embed,malignant,oracle_calc,all,297,0.094,0.5607776655605252,0.4970726644351175,0.6290725616302528,0.6710764963192147,0.6095415391195691,0.748909070780438,dinov2,1
test_embed,malignant,oracle_calc,density_A,29,0.0,0.4629629629629629,0.4253936170212766,0.4918032786885246,0.49,0.0609375,0.9482411067193672,dinov2,1
test_embed,malignant,oracle_calc,density_B,104,0.087,0.5641025641025641,0.451977951427104,0.665489300984584,0.6997549019607843,0.5679220626876877,0.8105212602459017,dinov2,1
test_embed,malignant,oracle_calc,density_C,138,0.116,0.5395395395395395,0.4544241816908898,0.633042111422921,0.6604442344045368,0.5601054580532736,0.7690800242355665,dinov2,1
test_embed,malignant,oracle_calc,density_D,21,0.143,0.4473684210526316,0.3939393939393939,0.4878190584231424,0.4705882352941176,0.0,0.9169956140350878,dinov2,1
test_embed,malignant,oracle_other,all,297,0.03,0.5549342105263158,0.490756558365254,0.6164459344543841,0.6720900458764536,0.6061920128672322,0.7400585592768355,dinov2,1
test_embed,malignant,oracle_other,density_A,29,0.034,0.4629629629629629,0.4253936170212766,0.4918032786885246,0.27,0.0413194444444444,0.5652173913043479,dinov2,1
test_embed,malignant,oracle_other,density_B,104,0.029,0.545397776945173,0.4254642810171825,0.636277198262428,0.6968954248366014,0.5668832850041425,0.8008689839572193,dinov2,1
test_embed,malignant,oracle_other,density_C,138,0.029,0.5446315255097725,0.4576795824556183,0.6369747024246638,0.6930529300567108,0.6045503453448099,0.7887477018046612,dinov2,1
test_embed,malignant,oracle_other,density_D,21,0.048,0.4473684210526316,0.3939393939393939,0.4878190584231424,0.4705882352941176,0.0,0.8465686274509798,dinov2,1
test_embed,birads,pred,all,11881,1.0,0.3140848274602809,0.2840901094688652,0.3439366447881435,0.7927703156577576,0.7776957608987601,0.8080907286608758,dinov2,1
test_embed,birads,pred,density_A,1547,1.0,0.2512650498499327,0.2238820768398183,0.3386912717604846,0.7847264250552897,0.7137344997847184,0.830490594996373,dinov2,1
test_embed,birads,pred,density_B,4969,1.0,0.334318701607512,0.2802971971797099,0.3770795359687034,0.7957317984651235,0.7618564807368212,0.8211623932840357,dinov2,1
test_embed,birads,pred,density_C,4644,1.0,0.2990911848479111,0.2612794626971293,0.350531979800964,0.7847129733965085,0.7611750773509426,0.8088422857855171,dinov2,1
test_embed,birads,pred,density_D,642,1.0,0.2863969715925023,0.2184849955911169,0.3272400176110793,0.7725391912056453,0.7161395218299775,0.8145047799166246,dinov2,1
test_embed,birads,oracle,all,11881,0.0,0.4236390322470814,0.3929332684377649,0.4575972051286274,0.9009441684320624,0.8856536480664585,0.9143357959290668,dinov2,1
test_embed,birads,oracle,density_A,1547,0.0,0.3085386444104377,0.2658289767216497,0.3826543245390852,0.8695710957117898,0.8049681843844835,0.9173102755394849,dinov2,1
test_embed,birads,oracle,density_B,4969,0.0,0.4143535171195546,0.3560787572536371,0.468206457540701,0.9047632486055678,0.8698344204559617,0.9295206778844274,dinov2,1
test_embed,birads,oracle,density_C,4644,0.0,0.4271162285358325,0.369043466514633,0.4697803756841148,0.9113466674177731,0.8889345366862857,0.929695884966044,dinov2,1
test_embed,birads,oracle,density_D,642,0.0,0.4430552892297858,0.3315728907360757,0.5324861077729833,0.9191269590416624,0.8747732812794952,0.9474190460339788,dinov2,1
test_embed,birads,oracle_density,all,11881,0.993,0.3132095037885546,0.286027275914116,0.3424082031649759,0.7924574247485661,0.7772478683063534,0.8077726528257062,dinov2,1
test_embed,birads,oracle_density,density_A,1547,1.0,0.2502897455278408,0.2211460884397326,0.3092682997310765,0.7865253367617953,0.7158543541236269,0.8327520582635095,dinov2,1
test_embed,birads,oracle_density,density_B,4969,1.0,0.3253719361498476,0.2817595254248404,0.3707116786818122,0.8030456958875313,0.7678004353954639,0.8273650183168059,dinov2,1
test_embed,birads,oracle_density,density_C,4644,1.0,0.3030286565968225,0.266046528729456,0.3503664889353074,0.7877900895641793,0.7651567773136645,0.8101969476000436,dinov2,1
test_embed,birads,oracle_density,density_D,642,1.0,0.3041272377129729,0.2295881924932506,0.3586930859507955,0.7671141955739285,0.7079234694420764,0.8114750039586157,dinov2,1
test_embed,birads,oracle_mass,all,11881,0.02,0.3893229500051858,0.3538687038952267,0.4285871372083335,0.8706107790544767,0.858625537978917,0.8820856884890875,dinov2,1
test_embed,birads,oracle_mass,density_A,1547,0.013,0.2987555896521456,0.2552144043280064,0.4057233418368456,0.8561782321650725,0.7941057678246214,0.9006331848754291,dinov2,1
test_embed,birads,oracle_mass,density_B,4969,0.014,0.3662750763686379,0.3097465456479272,0.4240025051736691,0.8712219916281903,0.8424498182104934,0.8886072969464297,dinov2,1
test_embed,birads,oracle_mass,density_C,4644,0.023,0.3945637753977519,0.3300676881150329,0.4359549142797151,0.8832741214687664,0.8694716746997362,0.8972992839003274,dinov2,1
test_embed,birads,oracle_mass,density_D,642,0.044,0.393505772005772,0.2780645693089583,0.4792345459709196,0.8568891994683179,0.8171992150334085,0.8919059347760763,dinov2,1
test_embed,birads,oracle_calc,all,11881,0.018,0.3613682468610038,0.3279581958188218,0.3942709933897917,0.9097863612731386,0.8988384466641285,0.9192219080640804,dinov2,1
test_embed,birads,oracle_calc,density_A,1547,0.008,0.2752004601668105,0.252496963628571,0.3657571994266914,0.9301666064322284,0.9093504857253528,0.9557573951910332,dinov2,1
test_embed,birads,oracle_calc,density_B,4969,0.012,0.3726268874935527,0.3154921859480067,0.4232254418718931,0.9170474188968304,0.8962094831126225,0.9307583025017042,dinov2,1
test_embed,birads,oracle_calc,density_C,4644,0.024,0.3547917458158055,0.3117805826880281,0.4004642732177938,0.911658762389511,0.8947802773588002,0.926962869888073,dinov2,1
test_embed,birads,oracle_calc,density_D,642,0.033,0.3564562825709322,0.274837096138839,0.4053409311096718,0.9035507953831392,0.8592105712513872,0.9325276605631794,dinov2,1
test_embed,birads,oracle_other,all,11881,0.824,0.2941944149674176,0.2640153662454112,0.3218693352192927,0.7049518387169613,0.6814320323526827,0.7273076239145629,dinov2,1
test_embed,birads,oracle_other,density_A,1547,0.889,0.2426284347376486,0.2159191129957091,0.326733312626833,0.6115599720665494,0.5389200364068801,0.7234331653550423,dinov2,1
test_embed,birads,oracle_other,density_B,4969,0.826,0.3165968173426778,0.262522884309869,0.3577205065579955,0.7030403400862272,0.6581268154660238,0.735628364510108,dinov2,1
test_embed,birads,oracle_other,density_C,4644,0.816,0.2750822720496942,0.2390033750234893,0.3245155678915454,0.6840235526068146,0.6473624908869616,0.7201633915802896,dinov2,1
test_embed,birads,oracle_other,density_D,642,0.785,0.2587671997736017,0.1990387523945633,0.2980163977012695,0.6921158595301498,0.6212771854930484,0.7473252391991626,dinov2,1
test_embed_fuji,birads,pred,all,3620,1.0,0.2325648470740461,0.223929478146495,0.3002566023133416,0.6960732905736403,0.5935828340109399,0.741545207312144,dinov2,1
test_embed_fuji,birads,pred,density_A,298,1.0,0.3428103428103428,0.3053423983266756,0.5897500841141644,0.4669066222542272,0.4078230048626877,0.679649043315623,dinov2,1
test_embed_fuji,birads,pred,density_B,1631,1.0,0.3003073919455002,0.2799746976403637,0.3213944219154582,0.7288952383529745,0.6364606032868462,0.8148590113537157,dinov2,1
test_embed_fuji,birads,pred,density_C,1554,1.0,0.2317872036171417,0.2185495296651449,0.3044057256037034,0.6681943532583287,0.5322797247086681,0.7547071378345253,dinov2,1
test_embed_fuji,birads,pred,density_D,131,1.0,0.5356547122602169,0.4266132075471698,0.636223707324966,0.5958279009126467,0.3996874999999999,0.7529711712293389,dinov2,1
test_embed_fuji,birads,oracle,all,3620,0.0,0.372089640395513,0.3427254845348707,0.5149359366781637,0.8895120254009428,0.8203520497990358,0.9502764856813076,dinov2,1
test_embed_fuji,birads,oracle,density_A,298,0.0,0.5678930869493483,0.4980982881964129,0.939968523635125,0.6084625676579699,0.5538704727542091,1.0,dinov2,1
test_embed_fuji,birads,oracle,density_B,1631,0.0,0.5220742575336098,0.4355065985833248,0.6324472859030936,0.9736117349536152,0.956112808216818,0.9883403179375682,dinov2,1
test_embed_fuji,birads,oracle,density_C,1554,0.0,0.3458306207035082,0.3310197195623722,0.4462536244361398,0.8867459449618049,0.7928491218099751,0.9583944008622864,dinov2,1
test_embed_fuji,birads,oracle,density_D,131,0.0,0.837603305785124,0.4916493682310469,0.9464880658062476,0.9230769230769232,0.6659090909090909,1.0,dinov2,1
test_embed_fuji,birads,oracle_density,all,3620,0.998,0.2327471152233344,0.2235499942127973,0.3014077802495932,0.6983618668656518,0.5993528656801107,0.7443085274122362,dinov2,1
test_embed_fuji,birads,oracle_density,density_A,298,1.0,0.3381269791283962,0.3046117464161458,0.5711085024815002,0.4673603453855985,0.4087834940030244,0.6743069727891157,dinov2,1
test_embed_fuji,birads,oracle_density,density_B,1631,1.0,0.2989836919147264,0.2790533570522215,0.397555848520382,0.7432969193495377,0.6372057208037963,0.8233042595184206,dinov2,1
test_embed_fuji,birads,oracle_density,density_C,1554,1.0,0.2334115046964209,0.2207605671767732,0.3079394614605831,0.6659251538679662,0.524939845702315,0.7555857360665491,dinov2,1
test_embed_fuji,birads,oracle_density,density_D,131,1.0,0.5356547122602169,0.4266132075471698,0.636223707324966,0.5958279009126467,0.3962773541114058,0.7513773566632231,dinov2,1
test_embed_fuji,birads,oracle_mass,all,3620,0.004,0.2924227855020903,0.2663364593208822,0.4126528832834547,0.8327271019417276,0.7595347160891206,0.8656397151510291,dinov2,1
test_embed_fuji,birads,oracle_mass,density_A,298,0.0,0.3712791972341682,0.3190449042116026,0.6521572793222251,0.6563577481515354,0.5969627100946847,0.7888116293681988,dinov2,1
test_embed_fuji,birads,oracle_mass,density_B,1631,0.004,0.4113206267274127,0.3296537118279917,0.5061404403302295,0.8774797053067749,0.8262437512840182,0.9229976957908712,dinov2,1
test_embed_fuji,birads,oracle_mass,density_C,1554,0.004,0.2789173420847629,0.2644420133896121,0.3636658858095888,0.8177739915840359,0.7247756058484243,0.8652146597887682,dinov2,1
test_embed_fuji,birads,oracle_mass,density_D,131,0.008,0.6490149724192278,0.4666477272727273,0.7750151035673186,0.7757496740547588,0.6148093841642229,0.8874654750631313,dinov2,1
test_embed_fuji,birads,oracle_calc,all,3620,0.008,0.3400877676512926,0.3292961786724994,0.4367201684735069,0.8860145205268563,0.8389432335128002,0.91603433828518,dinov2,1
test_embed_fuji,birads,oracle_calc,density_A,298,0.017,0.545196018687792,0.4780174345246809,0.8994659384859023,0.8392296874820483,0.8011617228939617,0.972906289308176,dinov2,1
test_embed_fuji,birads,oracle_calc,density_B,1631,0.002,0.4331738383309084,0.4106978660653709,0.4528724163723999,0.9169803887427896,0.8723918747969428,0.9542801260179842,dinov2,1
test_embed_fuji,birads,oracle_calc,density_C,1554,0.012,0.3354876969987497,0.3194767405435198,0.434691978352175,0.8904020847535868,0.8396711361083178,0.9369566715136896,dinov2,1
test_embed_fuji,birads,oracle_calc,density_D,131,0.008,0.837603305785124,0.4916493682310469,0.9464880658062476,0.9146023468057366,0.8093231074481074,0.976116120721384,dinov2,1
test_embed_fuji,birads,oracle_other,all,3620,0.914,0.2074085015670661,0.1999102409230087,0.2668970783859498,0.6017949618060185,0.4608292586408785,0.6720809089790986,dinov2,1
test_embed_fuji,birads,oracle_other,density_A,298,0.903,0.3194385964912281,0.2880668960434868,0.5502604155182678,0.2925871948764313,0.2303629652844749,0.5674987219085702,dinov2,1
test_embed_fuji,birads,oracle_other,density_B,1631,0.917,0.2702933712962038,0.2525465942339844,0.2910336770740812,0.5915643297019899,0.4699649292741643,0.7440024166017934,dinov2,1
test_embed_fuji,birads,oracle_other,density_C,1554,0.916,0.2031481481481481,0.1923575208363779,0.2649191461205515,0.5653372071288256,0.3889718231413576,0.6706021709991634,dinov2,1
test_embed_fuji,birads,oracle_other,density_D,131,0.901,0.4595709570957095,0.3924945248934843,0.5602855177238513,0.4680573663624511,0.2182170092838196,0.657034237463925,dinov2,1
test_embed_ge,malignant,pred,all,324,1.0,0.5389976189093444,0.4846972858633962,0.5975418198101807,0.6680605931299338,0.6110555637623147,0.7212535699714403,dinov2,1
test_embed_ge,malignant,pred,density_B,101,1.0,0.6278947368421053,0.5074416469971151,0.7109294620656511,0.7025898078529658,0.5886668070547618,0.8224058167570826,dinov2,1
test_embed_ge,malignant,pred,density_C,189,1.0,0.4926732673267326,0.4364618074650967,0.551136136349234,0.6544323088646178,0.5755656199677939,0.7147867182495743,dinov2,1
test_embed_ge,malignant,oracle,all,324,0.0,0.6207894432225952,0.5687634450194026,0.667041550566114,0.6738638788137401,0.6078891675273304,0.7316568894544677,dinov2,1
test_embed_ge,malignant,oracle,density_B,101,0.0,0.6974654377880185,0.5941873333151457,0.7955382691894987,0.7243107769423559,0.5777374878522837,0.8322390572390573,dinov2,1
test_embed_ge,malignant,oracle,density_C,189,0.0,0.5852664576802508,0.4998980883728202,0.6488520130288886,0.6675133350266701,0.5808955989888193,0.744030911247728,dinov2,1
test_embed_ge,malignant,oracle_density,all,324,0.991,0.5389976189093444,0.4846972858633962,0.5975418198101807,0.6601024109238318,0.6000320732049528,0.717247508617458,dinov2,1
test_embed_ge,malignant,oracle_density,density_B,101,1.0,0.6278947368421053,0.5074416469971151,0.7109294620656511,0.691311612364244,0.5706708277103014,0.8120717679419855,dinov2,1
test_embed_ge,malignant,oracle_density,density_C,189,1.0,0.4926732673267326,0.4364618074650967,0.551136136349234,0.6525273050546101,0.5723074305725471,0.7179494348215208,dinov2,1
test_embed_ge,malignant,oracle_mass,all,324,0.179,0.5836144578313254,0.5194794102451538,0.6387032236051154,0.7066780456582035,0.6496518331270509,0.7501672947819569,dinov2,1
test_embed_ge,malignant,oracle_mass,density_B,101,0.228,0.6456140350877193,0.5350923295454546,0.7548505434782609,0.7096908939014203,0.577891826923077,0.8229076126321889,dinov2,1
test_embed_ge,malignant,oracle_mass,density_C,189,0.143,0.5561224489795918,0.4862778521646582,0.6264427996410076,0.7120904241808482,0.6386278297153484,0.7733710056768609,dinov2,1
test_embed_ge,malignant,oracle_calc,all,324,0.136,0.5513030341180913,0.4995150255860535,0.6004685030392064,0.610753147002347,0.5482332411848118,0.6678081633481854,dinov2,1
test_embed_ge,malignant,oracle_calc,density_B,101,0.109,0.6461461461461462,0.5385548200656913,0.7305525846702318,0.7268170426065163,0.5782853978057388,0.8378238030184751,dinov2,1
test_embed_ge,malignant,oracle_calc,density_C,189,0.159,0.4992307692307692,0.4416128489854823,0.565185395205887,0.564516129032258,0.4661013074169638,0.6436024365795358,dinov2,1
test_embed_ge,malignant,oracle_other,all,324,0.028,0.5461988304093567,0.4846972858633962,0.6068358982712464,0.6746746319607424,0.6153876361185632,0.732413291971841,dinov2,1
test_embed_ge,malignant,oracle_other,density_B,101,0.01,0.6278947368421053,0.5074416469971151,0.7109294620656511,0.6942355889724311,0.5725359889481373,0.8068379871328377,dinov2,1
test_embed_ge,malignant,oracle_other,density_C,189,0.016,0.505925409550366,0.4447156281285077,0.5620581420068027,0.6775463550927102,0.5953790697963653,0.7467331495305324,dinov2,1
test_embed_ge,birads,pred,all,21363,1.0,0.2834855638542538,0.2710325150705117,0.2982122033191437,0.7668970979880104,0.7392144218245126,0.7879195017220845,dinov2,1
test_embed_ge,birads,pred,density_A,1402,1.0,0.249708710753664,0.2335712908662679,0.3099115390249713,0.7906388990803717,0.6305904093191029,0.8588188211684679,dinov2,1
test_embed_ge,birads,pred,density_B,9416,1.0,0.2709218931267725,0.2559530935465209,0.2881752061105839,0.7767640876541007,0.7315673158169327,0.8138874051946371,dinov2,1
test_embed_ge,birads,pred,density_C,9684,1.0,0.2791879717764465,0.2634612449407719,0.2982381351886639,0.7468638642145735,0.7285990263568057,0.7681347858131489,dinov2,1
test_embed_ge,birads,pred,density_D,771,1.0,0.2987133529988014,0.2528824640963925,0.4158622651700092,0.6593276402632186,0.6162542804835522,0.7682851743619008,dinov2,1
test_embed_ge,birads,oracle,all,21363,0.0,0.3955834285873393,0.3756027103477783,0.4138732439118262,0.8998300392750714,0.879812339465888,0.9145261111775136,dinov2,1
test_embed_ge,birads,oracle,density_A,1402,0.0,0.3017473000993115,0.2844478004163908,0.3183355721016945,0.9459163214202048,0.9137100739864858,0.9651355610254438,dinov2,1
test_embed_ge,birads,oracle,density_B,9416,0.0,0.4118777713943508,0.3755347424499357,0.4477387144453204,0.9113631190379756,0.8778597842463601,0.9388769694052717,dinov2,1
test_embed_ge,birads,oracle,density_C,9684,0.0,0.3925189994365053,0.363028183300021,0.4222031173938411,0.8976939812593996,0.8813088347906156,0.914255316483672,dinov2,1
test_embed_ge,birads,oracle,density_D,771,0.0,0.3603353557639271,0.3340431375040569,0.4893039208461267,0.8680473539860143,0.7854392023633796,0.9120347856214256,dinov2,1
test_embed_ge,birads,oracle_density,all,21363,0.996,0.2852927192438008,0.2724112929215509,0.3005268802055058,0.7648485513880002,0.7370247539135243,0.7856562229522992,dinov2,1
test_embed_ge,birads,oracle_density,density_A,1402,1.0,0.2455307806780827,0.2285216975667522,0.2931811992349819,0.7717961808707965,0.6049725685428239,0.8435743399364395,dinov2,1
test_embed_ge,birads,oracle_density,density_B,9416,1.0,0.2776914411042055,0.2574777665089917,0.2998911548768954,0.7843312226967576,0.7437269692309171,0.8201860290532491,dinov2,1
test_embed_ge,birads,oracle_density,density_C,9684,1.0,0.2784986733278646,0.2629362632845693,0.2980521700203613,0.7482760892993471,0.7295382720784369,0.7672973584296621,dinov2,1
test_embed_ge,birads,oracle_density,density_D,771,1.0,0.2860312160630345,0.2472108804159832,0.3931369901277282,0.6629496268560022,0.6169298783067761,0.7598501218639082,dinov2,1
test_embed_ge,birads,oracle_mass,all,21363,0.016,0.3459246093416445,0.3278925801046535,0.3633198743518507,0.8720750399519648,0.8498679225753073,0.8882018605385364,dinov2,1
test_embed_ge,birads,oracle_mass,density_A,1402,0.008,0.2695895387898098,0.2515920065840784,0.2884047669253561,0.8667254391146819,0.7693334451893269,0.9149885758202831,dinov2,1
test_embed_ge,birads,oracle_mass,density_B,9416,0.012,0.3515745970845493,0.3162680802689511,0.3785845836009871,0.8815432190105069,0.8462259654158758,0.9093248362829944,dinov2,1
test_embed_ge,birads,oracle_mass,density_C,9684,0.019,0.3424189438832465,0.3143019640727168,0.3712338206698572,0.8686038103357596,0.8567286138398852,0.880095019791219,dinov2,1
test_embed_ge,birads,oracle_mass,density_D,771,0.038,0.3332210601289548,0.3021141685168269,0.4461666043003874,0.8585345042764155,0.7952794343555568,0.8875819709316591,dinov2,1
test_embed_ge,birads,oracle_calc,all,21363,0.015,0.3584056262169072,0.3431514434651177,0.3752097999076759,0.8836086349573051,0.8633845690848196,0.901141881331905,dinov2,1
test_embed_ge,birads,oracle_calc,density_A,1402,0.006,0.3017798683995867,0.2831831975700475,0.3830077865291157,0.918549928022042,0.8467001788669554,0.955514126446161,dinov2,1
test_embed_ge,birads,oracle_calc,density_B,9416,0.007,0.3476393483685481,0.3211797342808333,0.3725483167105267,0.896973351230437,0.8683901914843997,0.923245300634488,dinov2,1
test_embed_ge,birads,oracle_calc,density_C,9684,0.023,0.3596183801422172,0.3385617091281955,0.3795204442367677,0.8752483213973857,0.8592295174420658,0.8901388087477226,dinov2,1
test_embed_ge,birads,oracle_calc,density_D,771,0.026,0.3617228662058128,0.3206651531389507,0.4972599982073788,0.8251045564097268,0.7837399665960305,0.902196028976086,dinov2,1
test_embed_ge,birads,oracle_other,all,21363,0.804,0.2559900201875135,0.2436639249358619,0.2687472805229687,0.6805665350782426,0.6479328139982238,0.7036475051563466,dinov2,1
test_embed_ge,birads,oracle_other,density_A,1402,0.842,0.2355417153671949,0.2209943769032303,0.2882169804141651,0.7259372211046654,0.513208233070725,0.8088573557527808,dinov2,1
test_embed_ge,birads,oracle_other,density_B,9416,0.838,0.2471152534399059,0.2315244731002205,0.2655331551437548,0.6870639442731883,0.6400899702982693,0.7315331088409762,dinov2,1
test_embed_ge,birads,oracle_other,density_C,9684,0.772,0.2485584155349824,0.2337166356266435,0.2659459584640715,0.6507722294058398,0.6243250903359633,0.6803907605143186,dinov2,1
test_embed_ge,birads,oracle_other,density_D,771,0.764,0.2595445205971521,0.2185091743146842,0.3623016210389115,0.5778867491768989,0.5255521578594442,0.6915078199380605,dinov2,1
test_inbreast,birads,pred,all,410,1.0,0.2776487165344915,0.2368930665111112,0.3167673728704719,0.6780837164226087,0.6522721836474703,0.7096787270450525,dinov2,1
test_inbreast,birads,pred,density_A,136,1.0,0.2463834900731452,0.1621168360515214,0.3114479088512019,0.6587762116414969,0.6022979602553703,0.7141612635344894,dinov2,1
test_inbreast,birads,pred,density_B,146,1.0,0.3013346258840003,0.2277294813621181,0.4054425705512188,0.7360524758905378,0.6759238291754419,0.7994174164028394,dinov2,1
test_inbreast,birads,pred,density_C,99,1.0,0.197565543071161,0.1227544676662123,0.269899943165672,0.5978160689588075,0.555036909873789,0.654163653995114,dinov2,1
test_inbreast,birads,pred,density_D,28,1.0,0.3568376068376068,0.1479280956112852,0.4925036656891496,0.6919707896270396,0.4099584231310966,0.7768275695658509,dinov2,1
test_inbreast,birads,oracle,all,410,0.0,0.5111602164305481,0.4712118170835336,0.5454437286564193,0.7948702179151698,0.7685249786222786,0.8202745801129154,dinov2,1
test_inbreast,birads,oracle,density_A,136,0.0,0.4865984654731458,0.4126339529139919,0.5575815711501821,0.8706620261357543,0.8131914513666705,0.9155665148475788,dinov2,1
test_inbreast,birads,oracle,density_B,146,0.0,0.5130669166764326,0.4550314605348195,0.6231353939143004,0.7807341910972616,0.7316890589510532,0.8591104802165308,dinov2,1
test_inbreast,birads,oracle,density_C,99,0.0,0.4975784288306973,0.3920195652173913,0.5906383991894631,0.7354903715744784,0.6718418292023002,0.8142495172561609,dinov2,1
test_inbreast,birads,oracle,density_D,28,0.0,0.4807486631016043,0.2552532327586207,0.609453125,0.6618589743589743,0.5222948232323232,0.7617964221014493,dinov2,1
test_inbreast,birads,oracle_density,all,410,0.998,0.2722268850841127,0.2337088915799481,0.3066194343450984,0.6751639562518745,0.6500214206934712,0.7052387488968073,dinov2,1
test_inbreast,birads,oracle_density,density_A,136,1.0,0.2421357294843977,0.1612742759303319,0.3088810623100309,0.6790575207875872,0.6251739191427973,0.7434752147937399,dinov2,1
test_inbreast,birads,oracle_density,density_B,146,1.0,0.260907790937143,0.2051757524177632,0.3194891547264366,0.7296714398164369,0.6764681458482508,0.7935265907434527,dinov2,1
test_inbreast,birads,oracle_density,density_C,99,1.0,0.2496789727126805,0.1494271592817624,0.3129735259957641,0.5968940879240321,0.5523929266369267,0.6516152217010973,dinov2,1
test_inbreast,birads,oracle_density,density_D,28,1.0,0.3568376068376068,0.1479280956112852,0.4925036656891496,0.6848685168997668,0.3648792585627795,0.7746015168128656,dinov2,1
test_inbreast,birads,oracle_mass,all,410,0.0,0.2988727551778927,0.2561781241528407,0.3343238703485081,0.6978198669598388,0.6701656310390484,0.7256364230601465,dinov2,1
test_inbreast,birads,oracle_mass,density_A,136,0.0,0.2701106083459025,0.1944211940552553,0.3323325912523134,0.6642127888954573,0.6060088003805923,0.7175747148954038,dinov2,1
test_inbreast,birads,oracle_mass,density_B,146,0.0,0.3118640648035419,0.254196054311603,0.4070788310744145,0.7617960058310791,0.720871399148185,0.7981890918572996,dinov2,1
test_inbreast,birads,oracle_mass,density_C,99,0.0,0.2282440430330679,0.1326667744926786,0.3281886754219412,0.6223091374390902,0.5590949981115462,0.6861085334511284,dinov2,1
test_inbreast,birads,oracle_mass,density_D,28,0.0,0.1737373737373737,0.0504924242424242,0.3060997637628073,0.6612580128205128,0.3166990740740741,0.7606347922758285,dinov2,1
test_inbreast,birads,oracle_calc,all,410,0.0,0.4779409991414722,0.4392369173166218,0.5220434815966665,0.7928111538840114,0.762268378713547,0.8292907176215847,dinov2,1
test_inbreast,birads,oracle_calc,density_A,136,0.0,0.4631545120322634,0.3889066721376952,0.5263444976076556,0.8258671380029299,0.7617682083832157,0.891007044608934,dinov2,1
test_inbreast,birads,oracle_calc,density_B,146,0.0,0.5084141583054625,0.4532736298450583,0.6238853611629788,0.8108198202148372,0.7459107284244195,0.9010373829082884,dinov2,1
test_inbreast,birads,oracle_calc,density_C,99,0.0,0.3837037037037036,0.3011561264822134,0.4558062775785563,0.7211886529205925,0.6811550450264621,0.7633942833283632,dinov2,1
test_inbreast,birads,oracle_calc,density_D,28,0.0,0.5257400257400258,0.296172462406015,0.6674537483912484,0.7689393939393939,0.5875864391305933,0.8737766011790092,dinov2,1
test_inbreast,birads,oracle_other,all,410,1.0,0.27894351037543,0.2382798402178454,0.3152788079278187,0.6818458201078472,0.6545318299660061,0.7145974497036777,dinov2,1
test_inbreast,birads,oracle_other,density_A,136,1.0,0.2431527693244065,0.1639208790535998,0.3185779458679772,0.6545984594309177,0.5904756931854441,0.7120348349508505,dinov2,1
test_inbreast,birads,oracle_other,density_B,146,1.0,0.313571556040592,0.2491806055227924,0.4091380870867727,0.736175626317601,0.6714522252345294,0.8061441683555065,dinov2,1
test_inbreast,birads,oracle_other,density_C,99,1.0,0.1915018315018314,0.1163950855932045,0.2580615801154985,0.6008622237314649,0.5546161767741039,0.6606852730279241,dinov2,1
test_inbreast,birads,oracle_other,density_D,28,1.0,0.3736383442265795,0.1678232319149127,0.5013628467721027,0.7003751456876457,0.4899967948717948,0.7846868686868688,dinov2,1
test_vindr,birads,pred,all,2000,1.0,0.2962249221326192,0.25739438047312,0.3398572670532754,0.7372595050406121,0.712153489999347,0.7617912319552955,dinov2,1
test_vindr,birads,pred,density_B,190,1.0,0.2995536886321869,0.1735730266344721,0.3630530673786191,0.7298964709637973,0.6332783917194076,0.834620622980889,dinov2,1
test_vindr,birads,pred,density_C,1530,1.0,0.2936770027546135,0.2433745481761428,0.3314340719064546,0.7482543839429564,0.7270896503417704,0.7701835167441744,dinov2,1
test_vindr,birads,pred,density_D,270,1.0,0.1912852112676056,0.1743838400055803,0.2618308944593936,0.7441409333811766,0.6265602458861966,0.7991134132095038,dinov2,1
test_vindr,birads,oracle,all,2000,0.0,0.3417943005662304,0.3017913186325651,0.3797741559191661,0.7175258518571761,0.6906856649957489,0.7446285172388276,dinov2,1
test_vindr,birads,oracle,density_B,190,0.0,0.3976430976430977,0.2587610642507549,0.4965119823141183,0.6935772476238284,0.5984696631681112,0.8047629094584341,dinov2,1
test_vindr,birads,oracle,density_C,1530,0.0,0.333312969924812,0.2778115367741544,0.3890136496393969,0.7185874555342,0.6887618314926058,0.7429358972103044,dinov2,1
test_vindr,birads,oracle,density_D,270,0.0,0.2347154568135915,0.1737867524103465,0.3531354801112867,0.7634489274483378,0.6348101458844163,0.7937535613883914,dinov2,1
test_vindr,birads,oracle_density,all,2000,1.0,0.2914017006389762,0.2505923633050402,0.3256405836930782,0.7385352611804041,0.7142375537340027,0.7631754211388576,dinov2,1
test_vindr,birads,oracle_density,density_B,190,1.0,0.2692551892551892,0.1687591814990043,0.3463100600600601,0.7562845634364397,0.6750666132356123,0.8307914937279095,dinov2,1
test_vindr,birads,oracle_density,density_C,1530,1.0,0.2971221324164614,0.2469155010091053,0.3393159295302024,0.7528969377141443,0.732227172849024,0.7720955925909434,dinov2,1
test_vindr,birads,oracle_density,density_D,270,1.0,0.1919384057971014,0.1744815320684465,0.2618478551106826,0.7481733471100743,0.6382660218856756,0.8046084252710463,dinov2,1
test_vindr,birads,oracle_mass,all,2000,0.0,0.3382329540648714,0.2959963690850311,0.3769471544933575,0.7677317198301155,0.7507073152333362,0.7886067399259169,dinov2,1
test_vindr,birads,oracle_mass,density_B,190,0.0,0.2979796189632255,0.1721038961038961,0.3649897944460301,0.7359303085052865,0.6333204521730201,0.8315993776311978,dinov2,1
test_vindr,birads,oracle_mass,density_C,1530,0.0,0.3335693261759099,0.2796186719098704,0.3869058299817893,0.7699427858086417,0.7475603574595181,0.788356282686017,dinov2,1
test_vindr,birads,oracle_mass,density_D,270,0.0,0.240780678811239,0.1798188994348185,0.3612196239533863,0.8060878096873474,0.671640356362639,0.8617116733521134,dinov2,1
test_vindr,birads,oracle_calc,all,2000,0.0,0.3020405462052312,0.2605629592354198,0.351430902355947,0.7451335618952741,0.7209586794005604,0.7687112619890861,dinov2,1
test_vindr,birads,oracle_calc,density_B,190,0.0,0.4008108108108108,0.255737330647391,0.5034822899150312,0.724779146192198,0.630098309880911,0.8263812963190369,dinov2,1
test_vindr,birads,oracle_calc,density_C,1530,0.0,0.2904245328453405,0.2383077571785583,0.3295717853949374,0.7591597522148689,0.7404323436384542,0.7780264693066482,dinov2,1
test_vindr,birads,oracle_calc,density_D,270,0.0,0.1800176056338028,0.1664411712300291,0.2404838084955838,0.7413620344591825,0.6224817506711489,0.7948362675606698,dinov2,1
test_vindr,birads,oracle_other,all,2000,1.0,0.3165945295255715,0.274242368028868,0.3547909981616595,0.7150714826950735,0.6871054240336328,0.7449357589157078,dinov2,1
test_vindr,birads,oracle_other,density_B,190,1.0,0.3776470588235294,0.2405560550997214,0.4789253355137657,0.7410962639784199,0.6372355750955208,0.8369396160450766,dinov2,1
test_vindr,birads,oracle_other,density_C,1530,1.0,0.3115955395462666,0.2660637928736411,0.3517280796982069,0.7210460421473432,0.6938531860082721,0.7475177660662753,dinov2,1
test_vindr,birads,oracle_other,density_D,270,1.0,0.1912852112676056,0.1743838400055803,0.2618308944593936,0.7328946284975051,0.6126439675941213,0.7884146273506086,dinov2,1
val,malignant,pred,all,356,1.0,0.6702706172567792,0.6173682926042098,0.7157674728986702,0.7217394327030032,0.6630494064404595,0.7766902468794284,dinov2,1
val,malignant,pred,density_A,38,1.0,0.7989417989417988,0.645532464846981,0.9187360421836228,0.8690476190476191,0.7239950090744102,0.9852459733893558,dinov2,1
val,malignant,pred,density_B,114,1.0,0.7038961038961039,0.6221118458035207,0.785682055749129,0.7143308080808081,0.6266626984126984,0.8028565842151181,dinov2,1
val,malignant,pred,density_C,162,1.0,0.6116322701688555,0.5157252596122618,0.6858992200942056,0.6763532763532762,0.5844609370179181,0.7663943724856933,dinov2,1
val,malignant,pred,density_D,40,1.0,0.5604395604395604,0.3967632214175993,0.725341386554622,0.6875,0.5270224567099567,0.8376696832579187,dinov2,1
val,malignant,oracle,all,356,0.0,0.7250965250965251,0.6709838811840003,0.7690785029039371,0.7584121245828699,0.7101426620533555,0.8022714300021385,dinov2,1
val,malignant,oracle,density_A,38,0.0,0.7441077441077442,0.5683208670260558,0.8957507973555902,0.8511904761904763,0.7254604468599033,0.9683579638752052,dinov2,1
val,malignant,oracle,density_B,114,0.0,0.7631074168797953,0.6718578638255749,0.8290383869479876,0.7632575757575757,0.672365302163109,0.8466332427178568,dinov2,1
val,malignant,oracle,density_C,162,0.0,0.6903125807284939,0.5998202127121777,0.7865133127492245,0.7268755935422603,0.6280599248152455,0.8215638881668339,dinov2,1
val,malignant,oracle,density_D,40,0.0,0.636617749825297,0.4931160830467515,0.7573179831574459,0.7473958333333334,0.5944911995898838,0.871246722027972,dinov2,1
val,malignant,oracle_density,all,356,0.994,0.6686418888407626,0.616956368580913,0.7141118645973908,0.71875,0.6591568605528088,0.772400797631809,dinov2,1
val,malignant,oracle_density,density_A,38,1.0,0.7989417989417988,0.645532464846981,0.9187360421836228,0.8690476190476191,0.7239950090744102,0.9852459733893558,dinov2,1
val,malignant,oracle_density,density_B,114,1.0,0.7038961038961039,0.6221118458035207,0.785682055749129,0.7051767676767675,0.6064982274159665,0.7954390056573377,dinov2,1
val,malignant,oracle_density,density_C,162,1.0,0.6116322701688555,0.5157252596122618,0.6858992200942056,0.6773029439696107,0.5825145781553,0.7643904376940556,dinov2,1
val,malignant,oracle_density,density_D,40,1.0,0.5441595441595442,0.390942671394799,0.7120535714285716,0.671875,0.5087005605730303,0.8344337606837607,dinov2,1
val,malignant,oracle_mass,all,356,0.315,0.702917090795712,0.648984947162344,0.7559471058033466,0.762583426028921,0.7108589121698673,0.8167847703066299,dinov2,1
val,malignant,oracle_mass,density_A,38,0.526,0.7194421657095981,0.5470810796754733,0.8782051282051282,0.8630952380952381,0.746326164874552,0.9647765469824292,dinov2,1
val,malignant,oracle_mass,density_B,114,0.36,0.7429951690821256,0.6649428562512186,0.8239178913197149,0.7471590909090909,0.6458303078981398,0.8305830091899847,dinov2,1
val,malignant,oracle_mass,density_C,162,0.241,0.6680327868852459,0.5805249281565036,0.7569816707621342,0.7413105413105413,0.6415740389505364,0.8335213872983502,dinov2,1
val,malignant,oracle_mass,density_D,40,0.275,0.6153846153846154,0.4558038038921495,0.7693850267379679,0.7395833333333333,0.580530303030303,0.8846296296296297,dinov2,1
val,malignant,oracle_calc,all,356,0.242,0.6883265291076481,0.6295213545446627,0.742530202986482,0.7222956062291435,0.6585587470186182,0.7744396582038442,dinov2,1
val,malignant,oracle_calc,density_A,38,0.079,0.8246153846153846,0.6706771204561655,0.940521978021978,0.8422619047619048,0.6901816361556063,0.9837688521156264,dinov2,1
val,malignant,oracle_calc,density_B,114,0.246,0.7246376811594203,0.6398061528170925,0.801527932120286,0.7320075757575757,0.6387088585434173,0.8215827749010053,dinov2,1
val,malignant,oracle_calc,density_C,162,0.241,0.6218166383701189,0.5223938881107999,0.6991690102801214,0.6647673314339981,0.5607822125127917,0.7474350897577948,dinov2,1
val,malignant,oracle_calc,density_D,40,0.4,0.5807127882599581,0.4262565847234416,0.7138847524056235,0.6901041666666667,0.5342016173245614,0.8545157967032967,dinov2,1
val,malignant,oracle_other,all,356,0.022,0.6702706172567792,0.6173682926042098,0.7157674728986702,0.7203142380422691,0.658822562415973,0.7764293245132574,dinov2,1
val,malignant,oracle_other,density_A,38,0.0,0.7989417989417988,0.645532464846981,0.9187360421836228,0.875,0.7393614718614718,0.9773240546218488,dinov2,1
val,malignant,oracle_other,density_B,114,0.018,0.7038961038961039,0.6221118458035207,0.785682055749129,0.7231691919191919,0.6288115005238293,0.8091346983226779,dinov2,1
val,malignant,oracle_other,density_C,162,0.031,0.6116322701688555,0.5157252596122618,0.6858992200942056,0.664957264957265,0.5657713898567558,0.7528334710711642,dinov2,1
val,malignant,oracle_other,density_D,40,0.025,0.5604395604395604,0.3967632214175993,0.725341386554622,0.6796875,0.5136295995670996,0.8333333333333334,dinov2,1
val,birads,pred,all,9182,1.0,0.3980229618598636,0.3746466293408996,0.4251237136780124,0.7951339857758195,0.7769192159093169,0.8092313994691211,dinov2,1
val,birads,pred,density_A,1031,1.0,0.3992569175767113,0.3073287154647911,0.4855973209055017,0.8640988473702681,0.818047838287697,0.8957668301599104,dinov2,1
val,birads,pred,density_B,3388,1.0,0.4271209390613797,0.3790024652151278,0.4689079368246815,0.813531541632603,0.7892209901090648,0.8399544938400137,dinov2,1
val,birads,pred,density_C,4050,1.0,0.3582526233538715,0.3191564586020914,0.4030344504385873,0.7611468520256459,0.730074080329249,0.7906708439157116,dinov2,1
val,birads,pred,density_D,669,1.0,0.3919614062913031,0.3536782306351554,0.421879528066797,0.8163566298249185,0.7792290885910408,0.8439740174674579,dinov2,1
val,birads,oracle,all,9182,0.0,0.4669184616451391,0.4353464214264202,0.496893870947588,0.8906280657316105,0.8754287564732716,0.9034811582415948,dinov2,1
val,birads,oracle,density_A,1031,0.0,0.4101707228453047,0.3263890925586436,0.4818411028765279,0.9400466708843396,0.8784404476643115,0.974219884745576,dinov2,1
val,birads,oracle,density_B,3388,0.0,0.4664058890028624,0.4176848118169695,0.5078611899095566,0.9185303497547588,0.8996927352402269,0.9386053962259724,dinov2,1
val,birads,oracle,density_C,4050,0.0,0.4566243784081048,0.4162324003536176,0.5016545375292882,0.8507609662293589,0.8293529939580067,0.874592308574531,dinov2,1
val,birads,oracle,density_D,669,0.0,0.5054373383747751,0.4109599975182538,0.5771163521360435,0.88746232833282,0.8485055877704023,0.920350973953362,dinov2,1
val,birads,oracle_density,all,9182,0.995,0.3961143324690591,0.3734983403036259,0.4259267528577361,0.7941845975201628,0.7764581708184572,0.8098335946398275,dinov2,1
val,birads,oracle_density,density_A,1031,1.0,0.3925567218708641,0.3054930250330324,0.477705069303247,0.8632563852156624,0.8194528136481251,0.8963303633666183,dinov2,1
val,birads,oracle_density,density_B,3388,1.0,0.4307840687774108,0.3793141469296611,0.4658941247791205,0.8211565902174727,0.7989222614433877,0.8425028222665096,dinov2,1
val,birads,oracle_density,density_C,4050,1.0,0.3530080720998952,0.3137863717440477,0.3942932621356795,0.7606743834570064,0.7298470267934177,0.7907769652999139,dinov2,1
val,birads,oracle_density,density_D,669,1.0,0.392960697421486,0.3599921543511273,0.4246951913300456,0.81132373600915,0.7738710414315564,0.8400548624766196,dinov2,1
val,birads,oracle_mass,all,9182,0.028,0.4470587782538129,0.4207671402661488,0.475462342742005,0.8669186216485227,0.8550582299084623,0.8790959590477595,dinov2,1
val,birads,oracle_mass,density_A,1031,0.027,0.3840713191922207,0.306499528624665,0.4599577306325924,0.922402130116479,0.8924564798066905,0.9487985569718448,dinov2,1
val,birads,oracle_mass,density_B,3388,0.025,0.4560217070829134,0.4109605259579761,0.4959402346792398,0.8932695659545468,0.8767627297868659,0.9095241486318284,dinov2,1
val,birads,oracle_mass,density_C,4050,0.028,0.4339989318507951,0.3929065896609967,0.4799185977558601,0.8310603739591145,0.8106192304817499,0.8543354700559213,dinov2,1
val,birads,oracle_mass,density_D,669,0.039,0.4949122246559321,0.3901736613803755,0.5656441371400963,0.8564482049836615,0.8151394890546387,0.8833804262166924,dinov2,1
val,birads,oracle_calc,all,9182,0.023,0.4276640255122349,0.4031152490338968,0.4564309580485174,0.9037932242268536,0.893631891644156,0.9134107274115172,dinov2,1
val,birads,oracle_calc,density_A,1031,0.007,0.4075716374269006,0.3129443014035554,0.4880179906877422,0.9524938329321192,0.931618201111955,0.9668816794056077,dinov2,1
val,birads,oracle_calc,density_B,3388,0.02,0.449875562406094,0.3939955786384358,0.487969135384827,0.9269380849255144,0.914305205616894,0.939948373833417,dinov2,1
val,birads,oracle_calc,density_C,4050,0.024,0.3961111551868097,0.3544545806360256,0.4379225280601854,0.8875429041823782,0.8706030029966806,0.9056724491375336,dinov2,1
val,birads,oracle_calc,density_D,669,0.052,0.4274297833388127,0.3834364754377469,0.4587629037064933,0.9033813924706868,0.8740960836812449,0.9309278347473174,dinov2,1
val,birads,oracle_other,all,9182,0.83,0.3778809205190718,0.3536763519104089,0.405512180096203,0.7246640834373178,0.7016105119953365,0.7452819036475857,dinov2,1
val,birads,oracle_other,density_A,1031,0.835,0.3862164697396077,0.296504259852766,0.4713107106434148,0.8023989974512705,0.7288736113641189,0.8557933777715208,dinov2,1
val,birads,oracle_other,density_B,3388,0.821,0.4050827086233715,0.3585808345473917,0.4407720530692631,0.7338701851450932,0.7040348797085149,0.7695047380535676,dinov2,1
val,birads,oracle_other,density_C,4050,0.846,0.3396457101346686,0.3012640484515333,0.3852853691637433,0.6780672645953996,0.6357482797312412,0.7155853657388315,dinov2,1
val,birads,oracle_other,density_D,669,0.797,0.3688885039551937,0.3313729765866983,0.3978305611249645,0.7841739107560102,0.7386870706945974,0.8164238850482708,dinov2,1
test_cbis_ddsm,malignant,pred,all,369,1.0,0.6525191858525192,0.5982451363764107,0.6935716480435377,0.7220167353868543,0.6715488426961029,0.7674871592748729,dinov2,2
test_cbis_ddsm,malignant,pred,density_A,38,1.0,0.5742296918767507,0.4142934287246453,0.6990148944193063,0.7470238095238095,0.5501030844155844,0.9078448275862068,dinov2,2
test_cbis_ddsm,malignant,pred,density_B,145,1.0,0.6820175438596491,0.6121091649902978,0.7626552651171166,0.7570928876797512,0.6745376945534389,0.8283251953125,dinov2,2
test_cbis_ddsm,malignant,pred,density_C,112,1.0,0.6656716417910448,0.5736040249433108,0.7431494378502437,0.704752275025278,0.6150985054347825,0.7938542172856647,dinov2,2
test_cbis_ddsm,malignant,pred,density_D,73,1.0,0.6015433841520799,0.4917437266715352,0.70044499848338,0.6486280487804879,0.5177260536398468,0.7795182172899564,dinov2,2
test_cbis_ddsm,malignant,oracle,all,369,0.0,0.694438434853967,0.6505701394146183,0.7335701777575759,0.7615813727868057,0.7182469616348734,0.8048509289083431,dinov2,2
test_cbis_ddsm,malignant,oracle,density_A,38,0.0,0.7338935574229692,0.5998989898989899,0.8606558911165347,0.8035714285714285,0.6412511671335202,0.950317555251766,dinov2,2
test_cbis_ddsm,malignant,oracle,density_B,145,0.0,0.7014031895024184,0.6205672001936431,0.7663853490031302,0.7841041585697629,0.6975949272837619,0.8577379582442873,dinov2,2
test_cbis_ddsm,malignant,oracle,density_C,112,0.0,0.7087003943283833,0.6036868727472584,0.7836454849498329,0.7812605325244355,0.6887588029937713,0.8627347779194039,dinov2,2
test_cbis_ddsm,malignant,oracle,density_D,73,0.0,0.6276213867372,0.5129773065747404,0.7390203036735784,0.65625,0.5306552006552007,0.773516230620155,dinov2,2
test_cbis_ddsm,malignant,oracle_density,all,369,0.997,0.6583459871856598,0.6102294545541705,0.7018506573717019,0.7247453310696095,0.6741108970209437,0.7715450602021409,dinov2,2
test_cbis_ddsm,malignant,oracle_density,density_A,38,1.0,0.5742296918767507,0.4142934287246453,0.6990148944193063,0.7380952380952381,0.5383141233766234,0.9017011494252872,dinov2,2
test_cbis_ddsm,malignant,oracle_density,density_B,145,1.0,0.6681922196796339,0.5933910343663567,0.7466428970207583,0.7572872133696075,0.671253773694116,0.8285451600609756,dinov2,2
test_cbis_ddsm,malignant,oracle_density,density_C,112,1.0,0.688379705400982,0.6066160782625335,0.758608339888145,0.7148634984833165,0.6241306022274954,0.7988023504273504,dinov2,2
test_cbis_ddsm,malignant,oracle_density,density_D,73,1.0,0.6276213867372,0.5218601624227758,0.7243540523195111,0.65625,0.5309709412611199,0.7835360291882031,dinov2,2
test_cbis_ddsm,malignant,oracle_mass,all,369,0.512,0.6868038596700221,0.6418095750881193,0.7289358647421181,0.7589134125636672,0.7121412708275798,0.8015101496458331,dinov2,2
test_cbis_ddsm,malignant,oracle_mass,density_A,38,0.632,0.7589852008456659,0.6283333333333333,0.8814967105263158,0.8154761904761904,0.6798350168350168,0.960074074074074,dinov2,2
test_cbis_ddsm,malignant,oracle_mass,density_B,145,0.593,0.6809223115193265,0.6018255060938869,0.7534712510275126,0.7767197823552273,0.6892924098688971,0.8494623244405499,dinov2,2
test_cbis_ddsm,malignant,oracle_mass,density_C,112,0.509,0.7005347593582887,0.601403396636553,0.7701398987805951,0.7630603302999663,0.6498114543114544,0.8383504996745416,dinov2,2
test_cbis_ddsm,malignant,oracle_mass,density_D,73,0.301,0.6290231507622812,0.5119519838906378,0.7181323848565229,0.6791158536585366,0.5463131154410226,0.7983034781310643,dinov2,2
test_cbis_ddsm,malignant,oracle_calc,all,369,0.374,0.6627031606483305,0.612720536898112,0.7069414187225391,0.7265643948581129,0.6793895372359293,0.7774834745218843,dinov2,2
test_cbis_ddsm,malignant,oracle_calc,density_A,38,0.211,0.5498257839721254,0.3943378558585932,0.6829549434950133,0.7500000000000001,0.5623409090909092,0.9077011494252872,dinov2,2
test_cbis_ddsm,malignant,oracle_calc,density_B,145,0.283,0.7025428176136634,0.6286876988248044,0.7754766369524619,0.7747765254566653,0.6938285903617345,0.8459901061776062,dinov2,2
test_cbis_ddsm,malignant,oracle_calc,density_C,112,0.375,0.6818181818181819,0.5903226910076225,0.7658456220119166,0.7216043141220088,0.6264401088336319,0.812639638704319,dinov2,2
test_cbis_ddsm,malignant,oracle_calc,density_D,73,0.63,0.6000377857547705,0.4918560606060606,0.7394620821997668,0.6227134146341464,0.5081853433741711,0.7565822259136215,dinov2,2
test_cbis_ddsm,malignant,oracle_other,all,369,0.0,0.6525191858525192,0.5982451363764107,0.6935716480435377,0.7217741935483871,0.6713946776232735,0.76750643612629,dinov2,2
test_cbis_ddsm,malignant,oracle_other,density_A,38,0.0,0.5742296918767507,0.4142934287246453,0.6990148944193063,0.7440476190476191,0.5501030844155844,0.8990315934065934,dinov2,2
test_cbis_ddsm,malignant,oracle_other,density_B,145,0.0,0.6820175438596491,0.6121091649902978,0.7626552651171166,0.7572872133696075,0.6745376945534389,0.8283251953125,dinov2,2
test_cbis_ddsm,malignant,oracle_other,density_C,112,0.0,0.6656716417910448,0.5736040249433108,0.7431494378502437,0.704752275025278,0.6150985054347825,0.7938542172856647,dinov2,2
test_cbis_ddsm,malignant,oracle_other,density_D,73,0.0,0.6015433841520799,0.4917437266715352,0.70044499848338,0.6486280487804879,0.5177260536398468,0.7795182172899564,dinov2,2
test_cbis_ddsm,birads,pred,all,344,1.0,0.3077858749437697,0.2553513607537893,0.4151850495218535,0.6285048838512484,0.5985276067182693,0.7531532113646661,dinov2,2
test_cbis_ddsm,birads,pred,density_A,38,1.0,0.5373983739837398,0.3162703094777563,0.642545817669173,0.7835801127635805,0.6859381118075496,0.8766628851117743,dinov2,2
test_cbis_ddsm,birads,pred,density_B,133,1.0,0.2404961554282821,0.1733033826638478,0.3319203745482462,0.557687451842783,0.5005810980687935,0.6815265806720349,dinov2,2
test_cbis_ddsm,birads,pred,density_C,101,1.0,0.4013191273465246,0.2756585170219367,0.5053372037035044,0.7370824157033118,0.6623328483168901,0.7906435706098159,dinov2,2
test_cbis_ddsm,birads,pred,density_D,71,1.0,0.2392156862745098,0.1948500651890482,0.3969406041986687,0.6419956367403592,0.547638924426421,0.7407719889703573,dinov2,2
test_cbis_ddsm,birads,oracle,all,344,0.0,0.3976650677200902,0.3515154393585877,0.5430626425101616,0.6582586721253303,0.6305631876709021,0.8196805943569317,dinov2,2
test_cbis_ddsm,birads,oracle,density_A,38,0.0,0.5256302521008404,0.316275641025641,0.6250892857142857,0.8270108923334729,0.7265957497149627,0.9029185814185816,dinov2,2
test_cbis_ddsm,birads,oracle,density_B,133,0.0,0.3948779511804722,0.3152502026683086,0.562653680886939,0.6409209861114336,0.5952888401128978,0.8163300720105857,dinov2,2
test_cbis_ddsm,birads,oracle,density_C,101,0.0,0.4822950763775232,0.3565081232360644,0.5562030774480845,0.8116668220366379,0.7402813848398666,0.8665622078664383,dinov2,2
test_cbis_ddsm,birads,oracle,density_D,71,0.0,0.3032026970080067,0.2328493265993266,0.4686010868364352,0.694644025845105,0.5594786840880922,0.8032220685056239,dinov2,2
test_cbis_ddsm,birads,oracle_density,all,344,0.997,0.3217142412693474,0.2782467454158491,0.4306383763556524,0.6356367818215312,0.6043382404164817,0.750573798782078,dinov2,2
test_cbis_ddsm,birads,oracle_density,density_A,38,1.0,0.5544871794871795,0.3573081205039394,0.6605427631578947,0.7801079632732859,0.6755297673699835,0.8759895565706861,dinov2,2
test_cbis_ddsm,birads,oracle_density,density_B,133,1.0,0.2611010777120991,0.1975595780573571,0.3593032102574165,0.5623088400891663,0.5100090122739425,0.6965834517412807,dinov2,2
test_cbis_ddsm,birads,oracle_density,density_C,101,1.0,0.4074351378625607,0.3021637577261281,0.5056690705128204,0.7387503616132958,0.6655861615632078,0.7982865599646262,dinov2,2
test_cbis_ddsm,birads,oracle_density,density_D,71,1.0,0.249205340114431,0.199978813559322,0.4169549426255395,0.651379241212614,0.5504300736576856,0.7345198832006307,dinov2,2
test_cbis_ddsm,birads,oracle_mass,all,344,0.497,0.3300483091787439,0.2826277067204479,0.4511359957763045,0.6346173416503347,0.6065211862220576,0.798574443967923,dinov2,2
test_cbis_ddsm,birads,oracle_mass,density_A,38,0.632,0.4936483739837398,0.3153058995450299,0.5933429688907325,0.8455549155145929,0.7576193935826732,0.9301583611016176,dinov2,2
test_cbis_ddsm,birads,oracle_mass,density_B,133,0.586,0.2727272727272727,0.2125160402971939,0.4070902130886348,0.6061858780385777,0.5582762245369927,0.7786019312668532,dinov2,2
test_cbis_ddsm,birads,oracle_mass,density_C,101,0.465,0.4502437943262411,0.3320282858763577,0.5326882741772069,0.785274040241342,0.7045669399963789,0.8434206856930355,dinov2,2
test_cbis_ddsm,birads,oracle_mass,density_D,71,0.31,0.3032026970080067,0.2307044169113134,0.4693975543433747,0.6844710767371464,0.5870359160811789,0.8098802396564234,dinov2,2
test_cbis_ddsm,birads,oracle_calc,all,344,0.381,0.3215976833623892,0.2680406289765347,0.4410706568306781,0.6442294370421271,0.616507743208997,0.7685319486012615,dinov2,2
test_cbis_ddsm,birads,oracle_calc,density_A,38,0.211,0.5373983739837398,0.3162703094777563,0.642545817669173,0.7708505708001676,0.6670044112331964,0.8593178592649181,dinov2,2
test_cbis_ddsm,birads,oracle_calc,density_B,133,0.278,0.2613442998719072,0.2000080738882379,0.366579097415922,0.6027282942881348,0.556425257724076,0.7431224905479085,dinov2,2
test_cbis_ddsm,birads,oracle_calc,density_C,101,0.406,0.4333704093978067,0.3129588664740018,0.5143634541134541,0.762792128773932,0.7136736155736247,0.8137591716303801,dinov2,2
test_cbis_ddsm,birads,oracle_calc,density_D,71,0.62,0.2346398305084746,0.1896551724137931,0.3879759426815627,0.6729885849949299,0.5482720366683379,0.7624900897146831,dinov2,2
test_cbis_ddsm,birads,oracle_other,all,344,0.0,0.3077858749437697,0.2553513607537893,0.4151850495218535,0.6290886162638047,0.5986100920554328,0.7542367192125444,dinov2,2
test_cbis_ddsm,birads,oracle_other,density_A,38,0.0,0.5373983739837398,0.3162703094777563,0.642545817669173,0.7904925551598939,0.6941990474851205,0.883867712746915,dinov2,2
test_cbis_ddsm,birads,oracle_other,density_B,133,0.0,0.2404961554282821,0.1733033826638478,0.3319203745482462,0.5579932622403365,0.5007855494638358,0.6819606084498128,dinov2,2
test_cbis_ddsm,birads,oracle_other,density_C,101,0.0,0.4013191273465246,0.2756585170219367,0.5053372037035044,0.7373678652489837,0.6627128199077991,0.7915756703026579,dinov2,2
test_cbis_ddsm,birads,oracle_other,density_D,71,0.0,0.2392156862745098,0.1948500651890482,0.3969406041986687,0.6419956367403592,0.547638924426421,0.7407719889703573,dinov2,2
test_cdd_cesm,malignant,pred,all,566,1.0,0.7154022582921665,0.6734208489004598,0.7591268768860782,0.7885402844954272,0.7429992594965743,0.8360684248339387,dinov2,2
test_cdd_cesm,malignant,pred,density_B,183,1.0,0.7630977764240023,0.7008083326336912,0.8345267909550829,0.8121834177552653,0.7355343587736356,0.8806270193418362,dinov2,2
test_cdd_cesm,malignant,pred,density_C,295,1.0,0.6796623231049461,0.6172128720512216,0.7400942895864208,0.7908545727136431,0.7361167357854219,0.8465909937613659,dinov2,2
test_cdd_cesm,malignant,pred,density_D,36,1.0,0.6296296296296295,0.4461458333333333,0.8011559737531376,0.8149350649350648,0.6363408330799636,0.9491136363636364,dinov2,2
test_cdd_cesm,malignant,oracle,all,566,0.011,0.7431224689289205,0.6978467533817513,0.7804125369666951,0.8689023955256887,0.8335746232801513,0.9066376685062562,dinov2,2
test_cdd_cesm,malignant,oracle,density_B,183,0.016,0.8211278195488722,0.7539568449593735,0.8764051163027784,0.9014929352172756,0.8428099491002903,0.9508532600604842,dinov2,2
test_cdd_cesm,malignant,oracle,density_C,295,0.007,0.6867220278198499,0.6235659724557198,0.7412992154537769,0.8604893981580637,0.8098229617242977,0.899433610220948,dinov2,2
test_cdd_cesm,malignant,oracle,density_D,36,0.028,0.6782522343594837,0.4642857142857143,0.8173401162790698,0.8701298701298702,0.7602725625823451,0.9738118022328548,dinov2,2
test_cdd_cesm,malignant,oracle_density,all,566,0.915,0.7218917258927788,0.6874361738993567,0.7673789617497676,0.7848592503816577,0.7386481786950088,0.8268689946968637,dinov2,2
test_cdd_cesm,malignant,oracle_density,density_B,183,1.0,0.7798496240601505,0.7198436321619582,0.8486978953068587,0.8297787256731538,0.7500490459228473,0.8989132154882155,dinov2,2
test_cdd_cesm,malignant,oracle_density,density_C,295,1.0,0.6796623231049461,0.6172128720512216,0.7400942895864208,0.796423216962947,0.7356622375986299,0.8463094987367934,dinov2,2
test_cdd_cesm,malignant,oracle_density,density_D,36,1.0,0.6296296296296295,0.4461458333333333,0.8011559737531376,0.8311688311688312,0.6674371823828346,0.9518731506547468,dinov2,2
test_cdd_cesm,malignant,oracle_mass,all,566,0.309,0.7562290251463709,0.717770281626164,0.7962285594635012,0.8405741271811553,0.7957490211375409,0.8769625888032061,dinov2,2
test_cdd_cesm,malignant,oracle_mass,density_B,183,0.388,0.804090221122965,0.749610312194544,0.8656901041666668,0.8853639029592107,0.8217403654925101,0.940285354108233,dinov2,2
test_cdd_cesm,malignant,oracle_mass,density_C,295,0.281,0.7271687770098707,0.6696866868274843,0.7797046924735825,0.8208931248661384,0.7671436010759708,0.870407717350326,dinov2,2
test_cdd_cesm,malignant,oracle_mass,density_D,36,0.278,0.6782522343594837,0.4517094017094017,0.8518518518518519,0.8409090909090909,0.6664663461538461,0.94625,dinov2,2
test_cdd_cesm,malignant,oracle_calc,all,566,0.025,0.7004824902723735,0.654520187750833,0.7441956024603592,0.7681947238511035,0.7277045660631087,0.8160492471586845,dinov2,2
test_cdd_cesm,malignant,oracle_calc,density_B,183,0.022,0.7545318667841949,0.6763280185059292,0.8268570625833678,0.7904558784324179,0.7050488411626874,0.8646395502645503,dinov2,2
test_cdd_cesm,malignant,oracle_calc,density_C,295,0.024,0.6621085834111614,0.6069471353906588,0.717261526345277,0.7781109445277362,0.719705053337385,0.8348542661745549,dinov2,2
test_cdd_cesm,malignant,oracle_calc,density_D,36,0.056,0.6296296296296295,0.4461458333333333,0.8011559737531376,0.7110389610389611,0.5029017857142857,0.8945594405594406,dinov2,2
test_cdd_cesm,malignant,oracle_other,all,566,1.0,0.7169255067122927,0.6785583635396529,0.7620708937801479,0.8420722224600151,0.8049212756814274,0.8789259512984174,dinov2,2
test_cdd_cesm,malignant,oracle_other,density_B,183,1.0,0.7798496240601505,0.7192095722341934,0.8483598209946758,0.8447080778459077,0.7584851730221438,0.9098214285714288,dinov2,2
test_cdd_cesm,malignant,oracle_other,density_C,295,1.0,0.6764506188959105,0.6169255307050373,0.7377380574815173,0.8451488541443563,0.791568022090328,0.8984713023773112,dinov2,2
test_cdd_cesm,malignant,oracle_other,density_D,36,1.0,0.6296296296296295,0.4461458333333333,0.8011559737531376,0.8928571428571429,0.7470285149632976,0.9859531997607656,dinov2,2
test_cdd_cesm,birads,pred,all,566,1.0,0.3469438107531064,0.3114005020744209,0.3788856444178867,0.7532149059614209,0.7322258700338237,0.775570741946545,dinov2,2
test_cdd_cesm,birads,pred,density_B,183,1.0,0.3483603897981305,0.2748948525733935,0.4054470323493008,0.7894705294103997,0.7590685995409059,0.8300300566284115,dinov2,2
test_cdd_cesm,birads,pred,density_C,295,1.0,0.3096828704956784,0.2688990039443661,0.3479590501811799,0.7259537901567624,0.6975145454258465,0.7588183162066225,dinov2,2
test_cdd_cesm,birads,pred,density_D,36,1.0,0.4810695187165775,0.3869342105263158,0.5909111280875987,0.8001993145743146,0.7224250696993224,0.8753853884030102,dinov2,2
test_cdd_cesm,birads,oracle,all,566,0.011,0.4967016664659145,0.4619653053435875,0.5324745438694398,0.7147290528816282,0.6846288443246153,0.7440461559066608,dinov2,2
test_cdd_cesm,birads,oracle,density_B,183,0.016,0.5104617524472485,0.4272656464117657,0.5759895785376652,0.7897288729565208,0.7438088905661715,0.8361647621239041,dinov2,2
test_cdd_cesm,birads,oracle,density_C,295,0.007,0.5236327030320816,0.4719391013026321,0.5643037503127004,0.7284890079608823,0.6872540465898668,0.7630460654228399,dinov2,2
test_cdd_cesm,birads,oracle,density_D,36,0.028,0.4520261437908496,0.2751531247750017,0.5429973987967528,0.7766403388278388,0.6475826099633026,0.8619241942205305,dinov2,2
test_cdd_cesm,birads,oracle_density,all,566,0.915,0.3409982860377579,0.3038020338411973,0.3726581385029241,0.7489595513339176,0.7279112227099948,0.7703810131264555,dinov2,2
test_cdd_cesm,birads,oracle_density,density_B,183,1.0,0.3012195121951219,0.2563506460589468,0.3553102752945345,0.7826358924606328,0.7506291735193237,0.8217228525937219,dinov2,2
test_cdd_cesm,birads,oracle_density,density_C,295,1.0,0.330634447327318,0.2859068819501834,0.3676307501140739,0.7261320020693162,0.6953857749851509,0.7584733838292583,dinov2,2
test_cdd_cesm,birads,oracle_density,density_D,36,1.0,0.4494677871148459,0.298080919080919,0.5877795331437097,0.8029887473637473,0.7262018948823792,0.8816828192549225,dinov2,2
test_cdd_cesm,birads,oracle_mass,all,566,0.309,0.4237015082114901,0.3874719342074298,0.4515175852425796,0.7652703488532048,0.7438170167361016,0.7887953977746809,dinov2,2
test_cdd_cesm,birads,oracle_mass,density_B,183,0.388,0.4619801703672671,0.3840060033532833,0.5206559537688812,0.8127119573412441,0.7803324868714677,0.8460914738010219,dinov2,2
test_cdd_cesm,birads,oracle_mass,density_C,295,0.281,0.4030094553551256,0.3528807022939938,0.4385926872441461,0.7462565919323083,0.7124575290408698,0.776010058813422,dinov2,2
test_cdd_cesm,birads,oracle_mass,density_D,36,0.278,0.4423208923208923,0.2937474747474747,0.5536051362430673,0.8326231407481407,0.7634048234499337,0.9053848325253856,dinov2,2
test_cdd_cesm,birads,oracle_calc,all,566,0.025,0.4132630591659517,0.3774834567961683,0.4507915050845244,0.7787576584313118,0.7600088804622716,0.802173018102877,dinov2,2
test_cdd_cesm,birads,oracle_calc,density_B,183,0.022,0.4003238866396761,0.3364304674653512,0.4623610783656181,0.806940961706896,0.7694969777557129,0.844806968263979,dinov2,2
test_cdd_cesm,birads,oracle_calc,density_C,295,0.024,0.4208187134502924,0.3682954212239365,0.4682269039749151,0.7894974053240806,0.7603907075430967,0.8200879928550748,dinov2,2
test_cdd_cesm,birads,oracle_calc,density_D,36,0.056,0.5329004329004329,0.3771385281385281,0.6491959706959707,0.8466113400488402,0.7555300556221272,0.9108530487514032,dinov2,2
test_cdd_cesm,birads,oracle_other,all,566,1.0,0.3742915882538221,0.3383377936705647,0.4075817542378864,0.7345330244583582,0.7076326165320759,0.7592554110463643,dinov2,2
test_cdd_cesm,birads,oracle_other,density_B,183,1.0,0.3915321221808393,0.3285845037840286,0.4618297466210756,0.7832579959261221,0.748818966084436,0.8291582268899913,dinov2,2
test_cdd_cesm,birads,oracle_other,density_C,295,1.0,0.3256522462853939,0.282393179891046,0.3671918612090745,0.6945160840007547,0.6583903459927115,0.7270209453934405,dinov2,2
test_cdd_cesm,birads,oracle_other,density_D,36,1.0,0.4618181818181819,0.3515146396396396,0.5669398083216456,0.7441957348207348,0.6404178035870008,0.8412220790076693,dinov2,2
test_cmmd,malignant,pred,all,1867,1.0,0.4124848256273056,0.3905248101957231,0.4338114034051021,0.757564592893613,0.7366683732954491,0.7786476302868078,dinov2,2
test_cmmd,malignant,oracle,all,1867,0.0,0.4423811585575385,0.4208642107334397,0.4623885066235766,0.7649745257780429,0.7388976744627493,0.7856724955403577,dinov2,2
test_cmmd,malignant,oracle_density,all,1867,0.0,0.4124848256273056,0.3905248101957231,0.4338114034051021,0.757564592893613,0.7366683732954491,0.7786476302868078,dinov2,2
test_cmmd,malignant,oracle_mass,all,1867,0.0,0.4334054716867936,0.411311286085527,0.4541112227094884,0.7719115427232809,0.7464295717925916,0.7922973896588378,dinov2,2
test_cmmd,malignant,oracle_calc,all,1867,0.0,0.4222455693858928,0.4005841193846372,0.4427303424457467,0.7485338231129417,0.7235059977186826,0.7681139683247795,dinov2,2
test_cmmd,malignant,oracle_other,all,1867,0.0,0.4124848256273056,0.3905248101957231,0.4338114034051021,0.757564592893613,0.7366683732954491,0.7786476302868078,dinov2,2
test_embed,malignant,pred,all,297,1.0,0.5425619834710744,0.4843313176514496,0.6067498787916331,0.6787047903552758,0.6033456259955895,0.7512377607632088,dinov2,2
test_embed,malignant,pred,density_A,29,1.0,0.4629629629629629,0.4253936170212766,0.4918032786885246,0.27,0.0468253968253968,0.5189482758620686,dinov2,2
test_embed,malignant,pred,density_B,104,1.0,0.5594917212167886,0.4437648525080954,0.6567802089215133,0.701388888888889,0.5626415958687323,0.8157436766862171,dinov2,2
test_embed,malignant,pred,density_C,138,1.0,0.5069281045751635,0.427204449572291,0.5804133878360669,0.7051039697542533,0.6127636324689836,0.8015443869855634,dinov2,2
test_embed,malignant,pred,density_D,21,1.0,0.4473684210526316,0.3939393939393939,0.4878190584231424,0.4705882352941176,0.0950396825396825,0.8888888888888888,dinov2,2
test_embed,malignant,oracle,all,297,0.0,0.6644859970662126,0.6075316085603037,0.7270681771344708,0.7451723034247306,0.6857942372638595,0.8155182897286822,dinov2,2
test_embed,malignant,oracle,density_A,29,0.0,0.4629629629629629,0.4253936170212766,0.4918032786885246,0.8,0.5512539184952978,1.0,dinov2,2
test_embed,malignant,oracle,density_B,104,0.0,0.6823308270676691,0.5366386564404119,0.7738786420743117,0.7749183006535948,0.6524053051590423,0.8751400816925011,dinov2,2
test_embed,malignant,oracle,density_C,138,0.0,0.6289149003479911,0.5326655853343035,0.7248575223810737,0.7079395085066164,0.6210458839406208,0.8059307745825603,dinov2,2
test_embed,malignant,oracle,density_D,21,0.0,0.8055555555555556,0.46125,1.0,0.8823529411764706,0.555138888888889,1.0,dinov2,2
test_embed,malignant,oracle_density,all,297,0.983,0.568321895755524,0.5044067805383022,0.637613004402881,0.658433799210498,0.5854395963573933,0.7354852780226472,dinov2,2
test_embed,malignant,oracle_density,density_A,29,1.0,0.4629629629629629,0.4253936170212766,0.4918032786885246,0.44,0.0690748207885304,0.7920138888888888,dinov2,2
test_embed,malignant,oracle_density,density_B,104,1.0,0.5787341772151899,0.4665032679738561,0.6732644409114998,0.6924019607843137,0.5555325376971719,0.805166516406436,dinov2,2
test_embed,malignant,oracle_density,density_C,138,1.0,0.5446315255097725,0.4636821464297265,0.6364510702310413,0.6665879017013233,0.5749876524390245,0.76741704805492,dinov2,2
test_embed,malignant,oracle_density,density_D,21,1.0,0.4473684210526316,0.3939393939393939,0.4878190584231424,0.3529411764705882,0.0553362573099415,0.6842105263157895,dinov2,2
test_embed,malignant,oracle_mass,all,297,0.199,0.6257573403759515,0.5583520108572194,0.6901994672739709,0.7748319641523526,0.7064275525974648,0.8408162933427726,dinov2,2
test_embed,malignant,oracle_mass,density_A,29,0.069,0.4629629629629629,0.4253936170212766,0.4918032786885246,0.49,0.1997727272727272,1.0,dinov2,2
test_embed,malignant,oracle_mass,density_B,104,0.25,0.6578947368421053,0.5190292106622751,0.7548467831929848,0.7904411764705882,0.6639734464132465,0.8941049653314176,dinov2,2
test_embed,malignant,oracle_mass,density_C,138,0.181,0.5799259563965447,0.4864331473739849,0.6746573208902891,0.773156899810964,0.6790961890441626,0.8569631873728514,dinov2,2
test_embed,malignant,oracle_mass,density_D,21,0.19,0.6594594594594595,0.4282738095238095,1.0,0.9705882352941176,0.8588107638888889,1.0,dinov2,2
test_embed,malignant,oracle_calc,all,297,0.094,0.5488663307646711,0.4850801162847324,0.6145753639946365,0.669956257334898,0.6024679483164213,0.7447632674101506,dinov2,2
test_embed,malignant,oracle_calc,density_A,29,0.0,0.4629629629629629,0.4253936170212766,0.4918032786885246,0.49,0.0605902777777778,0.9482411067193672,dinov2,2
test_embed,malignant,oracle_calc,density_B,104,0.087,0.5594917212167886,0.4437648525080954,0.6567802089215133,0.6899509803921569,0.5561141666515853,0.8116599219540397,dinov2,2
test_embed,malignant,oracle_calc,density_C,138,0.116,0.5212792960487351,0.4468868842246501,0.6092761179153071,0.6644612476370511,0.5724596774193548,0.7689801282831974,dinov2,2
test_embed,malignant,oracle_calc,density_D,21,0.143,0.4473684210526316,0.3939393939393939,0.4878190584231424,0.4852941176470588,0.0277777777777777,0.9446637426900584,dinov2,2
test_embed,malignant,oracle_other,all,297,0.03,0.5425619834710744,0.4843313176514496,0.6067498787916331,0.6611543796009816,0.5835748288008709,0.7249635259471385,dinov2,2
test_embed,malignant,oracle_other,density_A,29,0.034,0.4629629629629629,0.4253936170212766,0.4918032786885246,0.29,0.0309895833333333,0.589957264957265,dinov2,2
test_embed,malignant,oracle_other,density_B,104,0.029,0.5594917212167886,0.4437648525080954,0.6567802089215133,0.6834150326797386,0.5576486697965571,0.7923932287902875,dinov2,2
test_embed,malignant,oracle_other,density_C,138,0.029,0.5069281045751635,0.427204449572291,0.5804133878360669,0.6873818525519849,0.5966572457453715,0.7852753411306044,dinov2,2
test_embed,malignant,oracle_other,density_D,21,0.048,0.4473684210526316,0.3939393939393939,0.4878190584231424,0.4558823529411765,0.1494642857142857,0.8011842105263156,dinov2,2
test_embed,birads,pred,all,11881,1.0,0.308474475105712,0.2828312590578702,0.3342493358650914,0.7882636994648478,0.7749857496626715,0.8036328599408524,dinov2,2
test_embed,birads,pred,density_A,1547,1.0,0.2506114259374746,0.2270582274883083,0.3122419898354794,0.7762260249840709,0.7082735129112278,0.8318566535116727,dinov2,2
test_embed,birads,pred,density_B,4969,1.0,0.3464557133456655,0.2976792153846214,0.3903860649657066,0.7986041919510246,0.7645904176972004,0.8217712890420191,dinov2,2
test_embed,birads,pred,density_C,4644,1.0,0.2827583431492646,0.258202011091714,0.3194763383858319,0.7798891873681806,0.7535105988075453,0.8026003673953885,dinov2,2
test_embed,birads,pred,density_D,642,1.0,0.3161764234519314,0.2326693144478219,0.3706724513076075,0.7558465484242701,0.693164328870231,0.7967180607576989,dinov2,2
test_embed,birads,oracle,all,11881,0.0,0.4177025156322692,0.3861142584294938,0.4487637179939709,0.8971810957262955,0.8809838897340247,0.9134936629507384,dinov2,2
test_embed,birads,oracle,density_A,1547,0.0,0.3274506245975073,0.2666972309244268,0.397008941407633,0.6953438798601742,0.6440883081503027,0.9288232824264672,dinov2,2
test_embed,birads,oracle,density_B,4969,0.0,0.3914085389149394,0.3327237761669905,0.4483837365283391,0.9064586303270532,0.873276678301999,0.9305929369845224,dinov2,2
test_embed,birads,oracle,density_C,4644,0.0,0.4313319187918406,0.3758535482675539,0.4761544626694432,0.8989737013021027,0.8690039059196863,0.9272661356321662,dinov2,2
test_embed,birads,oracle,density_D,642,0.0,0.447262569030025,0.3224529792388188,0.5462646580666111,0.9137135501609376,0.863838585386871,0.9467529097004006,dinov2,2
test_embed,birads,oracle_density,all,11881,0.993,0.3123431767298865,0.2885496840905192,0.3392265889552365,0.787496771523576,0.7745705775526505,0.8026523234939578,dinov2,2
test_embed,birads,oracle_density,density_A,1547,1.0,0.2489518863052963,0.2225769870969617,0.2977749777309684,0.7663710516201401,0.7047772011836853,0.8138370334498278,dinov2,2
test_embed,birads,oracle_density,density_B,4969,1.0,0.3488519573698942,0.3037052026904754,0.3934756987545443,0.8052220141571679,0.7701214323171768,0.8279025970002548,dinov2,2
test_embed,birads,oracle_density,density_C,4644,1.0,0.2887026073266964,0.259543777952344,0.3201762516519877,0.7795134363986258,0.7553613793703938,0.8016659133787137,dinov2,2
test_embed,birads,oracle_density,density_D,642,1.0,0.3132223433210745,0.2270020174578637,0.3671868329394221,0.7503247862107766,0.6841168670860388,0.7960032306090443,dinov2,2
test_embed,birads,oracle_mass,all,11881,0.02,0.3841765073280392,0.3475573178129195,0.4186143944579732,0.8762094926199875,0.8659343649067779,0.8874804008026702,dinov2,2
test_embed,birads,oracle_mass,density_A,1547,0.013,0.3211641697877653,0.2690025555904146,0.4033214110060517,0.8805807590589086,0.8365558788084568,0.9134398375322428,dinov2,2
test_embed,birads,oracle_mass,density_B,4969,0.014,0.3693770461241211,0.3087608370201596,0.4232273070008006,0.8804967220691198,0.8573826840966846,0.8964008989752994,dinov2,2
test_embed,birads,oracle_mass,density_C,4644,0.023,0.386676228105687,0.3268727223204247,0.4297716981133003,0.8870823706596456,0.8705877928951059,0.9032103114701652,dinov2,2
test_embed,birads,oracle_mass,density_D,642,0.044,0.4139329190136697,0.2861686246867168,0.5157983656150132,0.8649677811414718,0.8258287676713048,0.8973411905134608,dinov2,2
test_embed,birads,oracle_calc,all,11881,0.018,0.3694891342259453,0.3396756677121914,0.3986443653882626,0.9057894939685472,0.8951556705498374,0.9163570992694416,dinov2,2
test_embed,birads,oracle_calc,density_A,1547,0.008,0.2761911590582736,0.2581547459534076,0.3475104676074978,0.9221676873871713,0.8952235330121892,0.9475706714789932,dinov2,2
test_embed,birads,oracle_calc,density_B,4969,0.012,0.3843211828779209,0.3343517799530805,0.4329612499001892,0.9163148877408688,0.8948469871099548,0.9309782842567594,dinov2,2
test_embed,birads,oracle_calc,density_C,4644,0.024,0.3673051815313939,0.3279265091792256,0.4087334662748397,0.909023499358472,0.8922877105969272,0.9257238053923064,dinov2,2
test_embed,birads,oracle_calc,density_D,642,0.033,0.389500325132509,0.2960741225540963,0.4518750753397766,0.8957014856732917,0.8470692060451483,0.9284858650096316,dinov2,2
test_embed,birads,oracle_other,all,11881,0.824,0.2830441339412702,0.2582083491012678,0.3107947286843257,0.6936561661871921,0.6705293768260546,0.7189935051573515,dinov2,2
test_embed,birads,oracle_other,density_A,1547,0.889,0.235775400577359,0.2121218744179281,0.2905354780713162,0.4938878590994333,0.4273598042490583,0.699552462775936,dinov2,2
test_embed,birads,oracle_other,density_B,4969,0.826,0.3298668198484046,0.2806652168644838,0.3752445239927243,0.6958354369090618,0.6455026763762381,0.7273980038565759,dinov2,2
test_embed,birads,oracle_other,density_C,4644,0.816,0.2467468076027839,0.2230202241156029,0.2818268725255163,0.6720851922923039,0.6311625652570471,0.7075011273339163,dinov2,2
test_embed,birads,oracle_other,density_D,642,0.785,0.2767641511017418,0.1977508659475482,0.3293679068905609,0.6560668070414349,0.5681295585242675,0.7177548040148016,dinov2,2
test_embed_fuji,birads,pred,all,3620,1.0,0.2324011866689805,0.2234522126825615,0.3017022163149097,0.6961596250017716,0.6026631323427583,0.7450634482260449,dinov2,2
test_embed_fuji,birads,pred,density_A,298,1.0,0.3688941655359565,0.3271903905156332,0.6386674895060903,0.56791760755462,0.495576106839403,0.7103223862137525,dinov2,2
test_embed_fuji,birads,pred,density_B,1631,1.0,0.3073447859761746,0.2845948047492441,0.3379689009122921,0.7075054311763453,0.6035343574642278,0.8229096835005811,dinov2,2
test_embed_fuji,birads,pred,density_C,1554,1.0,0.2215436563960004,0.2084962984706289,0.2890899494092812,0.664308202874131,0.5317846584906287,0.7535310071849507,dinov2,2
test_embed_fuji,birads,pred,density_D,131,1.0,0.5629691409507923,0.435606484608704,0.664534693877551,0.6707953063885267,0.4443233082706767,0.7926161283891547,dinov2,2
test_embed_fuji,birads,oracle,all,3620,0.0,0.3758848259829438,0.3473458782268254,0.5233412093045839,0.892182076944304,0.8174435208102567,0.9492161607672072,dinov2,2
test_embed_fuji,birads,oracle,density_A,298,0.0,0.5574373665880238,0.4743895964780111,0.9265125047054396,0.6328957334704461,0.5834741309680846,1.0,dinov2,2
test_embed_fuji,birads,oracle,density_B,1631,0.0,0.5368005136783164,0.4368405948716191,0.6357810248028556,0.8935903146181019,0.7243216503987767,0.9856296530730282,dinov2,2
test_embed_fuji,birads,oracle,density_C,1554,0.0,0.3484707720718801,0.3342475193988023,0.4512341391365017,0.8880774108442993,0.7896102286206619,0.9592411686391564,dinov2,2
test_embed_fuji,birads,oracle,density_D,131,0.0,0.837603305785124,0.4916493682310469,0.9464880658062476,0.9230769230769232,0.6659090909090909,1.0,dinov2,2
test_embed_fuji,birads,oracle_density,all,3620,0.998,0.2332105180286569,0.224697864695909,0.3026107712542842,0.707278762495511,0.6111440684594438,0.7606194830286408,dinov2,2
test_embed_fuji,birads,oracle_density,density_A,298,1.0,0.3706440587347959,0.3272171801890198,0.6409437319187534,0.5655793503120768,0.4891080387768184,0.7138764482001392,dinov2,2
test_embed_fuji,birads,oracle_density,density_B,1631,1.0,0.3077160719063951,0.2853272705819907,0.3391057031255099,0.7232995957625377,0.5915436756281065,0.8347120990612933,dinov2,2
test_embed_fuji,birads,oracle_density,density_C,1554,1.0,0.2222642307641002,0.208344026340158,0.2921355541903746,0.6667846901183834,0.5220279069905769,0.7594527971662902,dinov2,2
test_embed_fuji,birads,oracle_density,density_D,131,1.0,0.5746753246753247,0.4419234090241034,0.6741195670686014,0.6714471968709257,0.4402443609022556,0.7972524285921415,dinov2,2
test_embed_fuji,birads,oracle_mass,all,3620,0.004,0.3001658679387846,0.2695724900457683,0.4286541243671404,0.8377536060829118,0.7734702497946379,0.875289838766482,dinov2,2
test_embed_fuji,birads,oracle_mass,density_A,298,0.0,0.4015522875816993,0.3462719765902529,0.6931817120347219,0.7607695376720716,0.670443367706045,0.8454705870325155,dinov2,2
test_embed_fuji,birads,oracle_mass,density_B,1631,0.004,0.4382860208606188,0.3389183260495182,0.5355848031975107,0.8724433815623374,0.8150315950477303,0.9224037985707432,dinov2,2
test_embed_fuji,birads,oracle_mass,density_C,1554,0.004,0.2756541544574444,0.2560868143199912,0.3592828233441522,0.8233034719326204,0.7394286044973833,0.8791163778783508,dinov2,2
test_embed_fuji,birads,oracle_mass,density_D,131,0.008,0.6903073286052009,0.4792299629092082,0.78994260860006,0.8415906127770535,0.674175559357011,0.931830018939394,dinov2,2
test_embed_fuji,birads,oracle_calc,all,3620,0.008,0.3392670352659892,0.3280453631080228,0.4355446970060844,0.8844192674213737,0.8313326113437135,0.9211200449118122,dinov2,2
test_embed_fuji,birads,oracle_calc,density_A,298,0.017,0.5505513278459389,0.4859233226510223,0.9071632258899864,0.8783573239593835,0.8408166012597923,0.9738566953746148,dinov2,2
test_embed_fuji,birads,oracle_calc,density_B,1631,0.002,0.4392837465564738,0.4176908612148937,0.4607075776226443,0.909902671210776,0.8506857038182534,0.962202495166367,dinov2,2
test_embed_fuji,birads,oracle_calc,density_C,1554,0.012,0.3292154545780069,0.3145918580976741,0.4281471942359569,0.8858212689267431,0.8175448308783606,0.9445607576465948,dinov2,2
test_embed_fuji,birads,oracle_calc,density_D,131,0.008,0.8015151515151515,0.4876473315783176,0.9236075688756988,0.9569752281616688,0.8812664783427495,0.9916666666666668,dinov2,2
test_embed_fuji,birads,oracle_other,all,3620,0.914,0.2210587147545137,0.1980885552735903,0.3215830140027575,0.5938042757969519,0.4816170223304832,0.6658235816418496,dinov2,2
test_embed_fuji,birads,oracle_other,density_A,298,0.903,0.340038596146927,0.3056421543593197,0.5875720308384704,0.28706293425667,0.2103049043513386,0.5835240874810009,dinov2,2
test_embed_fuji,birads,oracle_other,density_B,1631,0.917,0.3315260169538299,0.2603079556767715,0.4737113915301173,0.5779709304356763,0.4417243466309336,0.7646402710379969,dinov2,2
test_embed_fuji,birads,oracle_other,density_C,1554,0.916,0.1866416570633059,0.1766324658145844,0.242521407522159,0.5482189436294825,0.4028740939161283,0.6660745112449932,dinov2,2
test_embed_fuji,birads,oracle_other,density_D,131,0.901,0.4624368686868687,0.3719447292473608,0.5463085502167654,0.5045632333767927,0.1957959905660377,0.6640625506400907,dinov2,2
test_embed_ge,malignant,pred,all,324,1.0,0.4850090382098111,0.4353200576402053,0.5418020546119556,0.6574354597823768,0.596490956352767,0.7090570584552708,dinov2,2
test_embed_ge,malignant,pred,density_B,101,1.0,0.5496098104793756,0.424437952883965,0.6563553510406959,0.7159565580618212,0.6044037381537382,0.8273694934197309,dinov2,2
test_embed_ge,malignant,pred,density_C,189,1.0,0.4467053798531458,0.393166942230454,0.4994944956733204,0.6329692659385319,0.557164786613087,0.6996290354472245,dinov2,2
test_embed_ge,malignant,oracle,all,324,0.0,0.5898570229322957,0.5343987902027125,0.6417932334538163,0.6602517601877534,0.5910701948518603,0.7165901627940744,dinov2,2
test_embed_ge,malignant,oracle,density_B,101,0.0,0.659458202534589,0.5391675510854229,0.7629121022430881,0.7234753550543025,0.590958307068001,0.8273703335195272,dinov2,2
test_embed_ge,malignant,oracle,density_C,189,0.0,0.5521885521885521,0.4688590882721804,0.634248455403408,0.6394462788925578,0.5504206845001366,0.7243449800939478,dinov2,2
test_embed_ge,malignant,oracle_density,all,324,0.991,0.5073891625615764,0.4565085062216821,0.5604999537648744,0.6503093663324088,0.5852051523407091,0.7058479783131579,dinov2,2
test_embed_ge,malignant,oracle_density,density_B,101,1.0,0.5900974025974026,0.4700234411509863,0.7015759759284188,0.6925647451963242,0.5792015118927126,0.8085071328109303,dinov2,2
test_embed_ge,malignant,oracle_density,density_C,189,1.0,0.4592655128746306,0.4044933026445552,0.5222114172768464,0.6303022606045212,0.5565562365094049,0.6998442082111438,dinov2,2
test_embed_ge,malignant,oracle_mass,all,324,0.179,0.5761287090129711,0.5099844521707217,0.6323283156237701,0.6885427778963089,0.62755458722564,0.7342416189833042,dinov2,2
test_embed_ge,malignant,oracle_mass,density_B,101,0.228,0.6294031311154599,0.5065635673306953,0.7369770368266167,0.6984126984126985,0.5693215811965812,0.8054109644835451,dinov2,2
test_embed_ge,malignant,oracle_mass,density_C,189,0.143,0.5514950166112957,0.453995519187291,0.6277776497078489,0.681737363474727,0.6053627470619658,0.7500336745689655,dinov2,2
test_embed_ge,malignant,oracle_calc,all,324,0.136,0.51122462696599,0.4634750083666677,0.5668506804431618,0.6007680819287391,0.5427773742851351,0.6593498759176264,dinov2,2
test_embed_ge,malignant,oracle_calc,density_B,101,0.109,0.5934294247500325,0.4858832020731939,0.6869925431475681,0.7259816207184628,0.5948540872392913,0.8304574068433345,dinov2,2
test_embed_ge,malignant,oracle_calc,density_C,189,0.159,0.4592655128746306,0.4046900187336304,0.508969613948508,0.5474980949961901,0.4510830540012074,0.6311237980769232,dinov2,2
test_embed_ge,malignant,oracle_other,all,324,0.028,0.4814085200689485,0.431734477124183,0.5393192647270402,0.6682312780029869,0.6031115228506938,0.7208195318060285,dinov2,2
test_embed_ge,malignant,oracle_other,density_B,101,0.01,0.5424845573095401,0.4231227587553748,0.6530515372298645,0.7013366750208855,0.5673868718189455,0.8103650402046785,dinov2,2
test_embed_ge,malignant,oracle_other,density_C,189,0.016,0.4441176470588235,0.3926854758898533,0.4952450318419059,0.6610363220726442,0.5717711199914213,0.7330217749950307,dinov2,2
test_embed_ge,birads,pred,all,21363,1.0,0.2959428373777429,0.2815901759067183,0.3135844765226697,0.7568559325499871,0.7294250193888248,0.7789635030671561,dinov2,2
test_embed_ge,birads,pred,density_A,1402,1.0,0.3184967206993324,0.2486998673598233,0.4372973059734579,0.7912134046613655,0.6747540762349268,0.8478653137414747,dinov2,2
test_embed_ge,birads,pred,density_B,9416,1.0,0.2816182375535592,0.2552122978074433,0.3131318399129439,0.7664857645875494,0.7220895414353989,0.8020879825090895,dinov2,2
test_embed_ge,birads,pred,density_C,9684,1.0,0.2882053243325183,0.2697177700682889,0.3157024082607897,0.7348769314954285,0.7089330403157759,0.7590121268444757,dinov2,2
test_embed_ge,birads,pred,density_D,771,1.0,0.2933906166354035,0.2554882130009737,0.4154071969713092,0.6775369067935053,0.6308802960519722,0.7600592602392406,dinov2,2
test_embed_ge,birads,oracle,all,21363,0.0,0.4101320890756976,0.3889008811932293,0.4325502347676619,0.8937587622699004,0.871829389067894,0.9111202392105024,dinov2,2
test_embed_ge,birads,oracle,density_A,1402,0.0,0.3371528028434158,0.2943728489025786,0.4323160199344216,0.93170321081757,0.8973342908526323,0.9522125857078793,dinov2,2
test_embed_ge,birads,oracle,density_B,9416,0.0,0.4271152456487587,0.387896664657145,0.4658579311329663,0.9084984640315558,0.8766064169882617,0.9343858030498384,dinov2,2
test_embed_ge,birads,oracle,density_C,9684,0.0,0.3972824185188967,0.366140323688471,0.432598444006659,0.8923562944102823,0.8664017903355854,0.9109940289085904,dinov2,2
test_embed_ge,birads,oracle,density_D,771,0.0,0.3755557529679469,0.3353996451434094,0.5092084417361243,0.8678723230676489,0.791955702626816,0.9145165948348376,dinov2,2
test_embed_ge,birads,oracle_density,all,21363,0.996,0.2975042370201894,0.2831286618988449,0.3154374198750381,0.7545935199539221,0.7280581551686117,0.7759242967248791,dinov2,2
test_embed_ge,birads,oracle_density,density_A,1402,1.0,0.3164140838124007,0.2456012806560836,0.4330885715897152,0.7775581473184332,0.6547122284309245,0.8387634224487718,dinov2,2
test_embed_ge,birads,oracle_density,density_B,9416,1.0,0.2813293382498323,0.2545921921277732,0.3110713292251696,0.7763196505014782,0.7384094634886808,0.8102006971158183,dinov2,2
test_embed_ge,birads,oracle_density,density_C,9684,1.0,0.2865114613990301,0.2699303412021678,0.3131290640835174,0.7377814864132983,0.7112596688910422,0.7616343301516073,dinov2,2
test_embed_ge,birads,oracle_density,density_D,771,1.0,0.3052442506134065,0.2681919363511383,0.422661272422936,0.6830106583603106,0.6367654357986334,0.7583600544664406,dinov2,2
test_embed_ge,birads,oracle_mass,all,21363,0.016,0.3623283803713256,0.3408975944843954,0.3832552080639391,0.8720222362958967,0.8511597679029185,0.887657699901284,dinov2,2
test_embed_ge,birads,oracle_mass,density_A,1402,0.008,0.2980859233880991,0.2636471188936263,0.3791549108008378,0.8779248936934394,0.8079038168023515,0.9170540508371636,dinov2,2
test_embed_ge,birads,oracle_mass,density_B,9416,0.012,0.3607362346048122,0.321013599262,0.392035903016502,0.8830688859318032,0.8525949783743697,0.9079746362567253,dinov2,2
test_embed_ge,birads,oracle_mass,density_C,9684,0.019,0.3644467559426597,0.3343632263459918,0.3992525139680778,0.8700864863118426,0.8585571904119232,0.882637700090216,dinov2,2
test_embed_ge,birads,oracle_mass,density_D,771,0.038,0.3266991213990031,0.2979107920727088,0.4392555070098465,0.8588319639340941,0.7923112930790196,0.888391001352906,dinov2,2
test_embed_ge,birads,oracle_calc,all,21363,0.015,0.3700433029261351,0.3503512740321611,0.3859533312776265,0.8797416097504829,0.8609908917137558,0.8971776684936328,dinov2,2
test_embed_ge,birads,oracle_calc,density_A,1402,0.006,0.3628136665501307,0.2923109420387023,0.4830906515692814,0.912783364433886,0.8499231316011008,0.9462305468899904,dinov2,2
test_embed_ge,birads,oracle_calc,density_B,9416,0.007,0.361125204386944,0.329273472771542,0.392174447010912,0.8957095813607332,0.8690086683514939,0.919019245523817,dinov2,2
test_embed_ge,birads,oracle_calc,density_C,9684,0.023,0.3690271414570879,0.3472344413956699,0.396195563345014,0.8724591486298381,0.8515521938700827,0.8885446126360862,dinov2,2
test_embed_ge,birads,oracle_calc,density_D,771,0.026,0.3582869539243225,0.3260009374278613,0.4959186260585013,0.829703535865313,0.78278076576066,0.8949481867102609,dinov2,2
test_embed_ge,birads,oracle_other,all,21363,0.804,0.2662282712845186,0.2508529564707559,0.2842077722457631,0.6566821299013739,0.6233632259348598,0.6848394407437889,dinov2,2
test_embed_ge,birads,oracle_other,density_A,1402,0.842,0.3027028502635695,0.2335084110214423,0.4219610605660292,0.7221969299364931,0.5381573269111779,0.801372731867291,dinov2,2
test_embed_ge,birads,oracle_other,density_B,9416,0.838,0.2585112699814063,0.2347432766247547,0.2894572373122971,0.653164928989874,0.6061763282940915,0.702790340043946,dinov2,2
test_embed_ge,birads,oracle_other,density_C,9684,0.772,0.2507591335548657,0.2321284209693395,0.2777735611402794,0.6220491356227944,0.5844908982173663,0.6575922659878408,dinov2,2
test_embed_ge,birads,oracle_other,density_D,771,0.764,0.2608088902883513,0.213882291747501,0.3844190312260789,0.5759278809965348,0.5154618360902407,0.6749337385460051,dinov2,2
test_inbreast,birads,pred,all,410,1.0,0.2568971813744092,0.2143121942127782,0.2913693207530236,0.6948614428919686,0.668432729888981,0.7298366774433087,dinov2,2
test_inbreast,birads,pred,density_A,136,1.0,0.2187132601923337,0.1518823214639644,0.2749947203697204,0.6896472837654386,0.6393332279689004,0.7445670514446591,dinov2,2
test_inbreast,birads,pred,density_B,146,1.0,0.2969166360973791,0.2255032670527751,0.3741067587988996,0.757102452308599,0.6860541455623783,0.8260458758533448,dinov2,2
test_inbreast,birads,pred,density_C,99,1.0,0.1734236314196295,0.0862262627750677,0.2491018524187702,0.5917881717502775,0.528380436087232,0.658253482970471,dinov2,2
test_inbreast,birads,pred,density_D,28,1.0,0.2851851851851852,0.1099834011565645,0.4582580051527419,0.6261563956876457,0.3275410353535353,0.7666806891025642,dinov2,2
test_inbreast,birads,oracle,all,410,0.0,0.5026573772711427,0.4632563258384645,0.5336289612416697,0.7956947864512725,0.7681423837781579,0.8218656225851064,dinov2,2
test_inbreast,birads,oracle,density_A,136,0.0,0.5097357203751065,0.4523717848312458,0.5766167880456882,0.8812219821489553,0.8238075140877148,0.9262718547172556,dinov2,2
test_inbreast,birads,oracle,density_B,146,0.0,0.5041817395286371,0.4493242672212718,0.6262932623672591,0.7692057216792803,0.727731228296351,0.8525369730624743,dinov2,2
test_inbreast,birads,oracle,density_C,99,0.0,0.4608457711442786,0.3506998916576381,0.5769929574895093,0.7146375013529525,0.6242622470647745,0.7967578229333614,dinov2,2
test_inbreast,birads,oracle,density_D,28,0.0,0.378125,0.2123345588235294,0.5280582922824303,0.6182983682983683,0.2774101307189542,0.7554039802439695,dinov2,2
test_inbreast,birads,oracle_density,all,410,0.998,0.2651146442019571,0.2247591794219222,0.297509358110228,0.6920748408520588,0.6670848416036947,0.7243540967241806,dinov2,2
test_inbreast,birads,oracle_density,density_A,136,1.0,0.2713461656724679,0.1867592944302826,0.3450095924713072,0.713119708559399,0.6655404789362455,0.7619146370092177,dinov2,2
test_inbreast,birads,oracle_density,density_B,146,1.0,0.26896103280343,0.2166659277859624,0.3132611274187514,0.7623728742602586,0.705322533740563,0.8238425364061691,dinov2,2
test_inbreast,birads,oracle_density,density_C,99,1.0,0.1734236314196295,0.0862262627750677,0.2491018524187702,0.5973010608790059,0.5329053286326959,0.6666568363748023,dinov2,2
test_inbreast,birads,oracle_density,density_D,28,1.0,0.2851851851851852,0.1099834011565645,0.4582580051527419,0.6139641608391608,0.3109514074569222,0.7601697860962566,dinov2,2
test_inbreast,birads,oracle_mass,all,410,0.0,0.2744230554589895,0.2371070896543791,0.3115777795301837,0.699691941249381,0.6715640667130467,0.7286118577170997,dinov2,2
test_inbreast,birads,oracle_mass,density_A,136,0.0,0.2672774308500158,0.1915601493101493,0.3331455289972587,0.6702751611707021,0.621280636486848,0.7284662878979369,dinov2,2
test_inbreast,birads,oracle_mass,density_B,146,0.0,0.2883277726343738,0.2206132358260771,0.3751929317529829,0.7619681507607261,0.7309365153203996,0.7986644985245622,dinov2,2
test_inbreast,birads,oracle_mass,density_C,99,0.0,0.189701393434738,0.0975304588678972,0.2843632318440482,0.6014723827879067,0.5282872150023302,0.6801426436590821,dinov2,2
test_inbreast,birads,oracle_mass,density_D,28,0.0,0.1957800511508951,0.0729166666666666,0.3107686335403729,0.6513421474358975,0.277,0.7641304166182284,dinov2,2
test_inbreast,birads,oracle_calc,all,410,0.0,0.4814651424656636,0.4392614594982375,0.5200863434574369,0.7978387745663332,0.762604955265757,0.8348674292941186,dinov2,2
test_inbreast,birads,oracle_calc,density_A,136,0.0,0.4736563146997929,0.400726167198723,0.5494678353893176,0.861792025735505,0.8133294654332169,0.9145007605514622,dinov2,2
test_inbreast,birads,oracle_calc,density_B,146,0.0,0.5155826399468729,0.4545039661856062,0.6402463567274438,0.8046610630653428,0.7375864114029981,0.8877240513457414,dinov2,2
test_inbreast,birads,oracle_calc,density_C,99,0.0,0.3852187028657617,0.2989124364843789,0.4538261886612444,0.7179910570126145,0.6695247878831058,0.7785819242468929,dinov2,2
test_inbreast,birads,oracle_calc,density_D,28,0.0,0.4777777777777777,0.2610887096774193,0.6026617526617527,0.666785037878788,0.36158509110715,0.7842699629567736,dinov2,2
test_inbreast,birads,oracle_other,all,410,1.0,0.2770541865394806,0.234025398061363,0.3113849168708141,0.702085538116609,0.6767631628769694,0.7317935004825193,dinov2,2
test_inbreast,birads,oracle_other,density_A,136,1.0,0.259980936494698,0.1754261145500799,0.3405462982508261,0.6970024104330519,0.6420148933609127,0.7483785057212623,dinov2,2
test_inbreast,birads,oracle_other,density_B,146,1.0,0.308081841432225,0.237345838721289,0.3864142212910471,0.7595502714518491,0.6810437286927482,0.8268468963405768,dinov2,2
test_inbreast,birads,oracle_other,density_C,99,1.0,0.191144845034788,0.1035998764737154,0.261373007602256,0.5897818129182713,0.5246412936428559,0.6593140438282243,dinov2,2
test_inbreast,birads,oracle_other,density_D,28,1.0,0.2831896551724138,0.1080357142857142,0.4619288088798738,0.6453598484848485,0.3673504035452565,0.7891884511230729,dinov2,2
test_vindr,birads,pred,all,2000,1.0,0.2894228567976455,0.2464762425562045,0.3241676181053067,0.7500906720697496,0.7240117519413094,0.7739539322355559,dinov2,2
test_vindr,birads,pred,density_B,190,1.0,0.2274240280304561,0.1629478096789075,0.3058412318461012,0.725283729597096,0.6264052958495688,0.8158948476608295,dinov2,2
test_vindr,birads,pred,density_C,1530,1.0,0.2988832157317729,0.2498761686025252,0.3402711314622417,0.7641800331392803,0.7430013992245262,0.7839110188442668,dinov2,2
test_vindr,birads,pred,density_D,270,1.0,0.2633249489412018,0.1902689746401497,0.4238255417096381,0.753989806545147,0.6449203270437243,0.8083279737370309,dinov2,2
test_vindr,birads,oracle,all,2000,0.0,0.3483717062435427,0.3048806362884299,0.389654804410781,0.7103498118007764,0.6844878000026017,0.7354137431558733,dinov2,2
test_vindr,birads,oracle,density_B,190,0.0,0.2531986531986532,0.1594369814988372,0.3150493612078978,0.7563791622561066,0.6780753703084341,0.8044418740004354,dinov2,2
test_vindr,birads,oracle,density_C,1530,0.0,0.3489145753332557,0.2985559503652381,0.3978907656293198,0.7013416898036332,0.6693795908913412,0.7278478654356382,dinov2,2
test_vindr,birads,oracle,density_D,270,0.0,0.4465575620767494,0.2185448692284057,0.5014830981423901,0.7629770665600357,0.6328090375920213,0.7930761338317875,dinov2,2
test_vindr,birads,oracle_density,all,2000,1.0,0.282091690045882,0.2328818445776138,0.3136876736006813,0.7544042807412766,0.7275176206181861,0.7763685343820164,dinov2,2
test_vindr,birads,oracle_density,density_B,190,1.0,0.1826385776184073,0.1558779486596388,0.2113287967959248,0.766848120498416,0.6713587018277923,0.8363852654957793,dinov2,2
test_vindr,birads,oracle_density,density_C,1530,1.0,0.2988367036843417,0.2498240051242253,0.3402000056673654,0.7721613472468076,0.7524351294679721,0.7917466377199712,dinov2,2
test_vindr,birads,oracle_density,density_D,270,1.0,0.2633249489412018,0.1902689746401497,0.4238255417096381,0.7582519228717339,0.6509238993589312,0.8156056895446508,dinov2,2
test_vindr,birads,oracle_mass,all,2000,0.0,0.3499794855053438,0.3041987969844609,0.3858157068897918,0.7596375958899463,0.7371201412491247,0.780850215599448,dinov2,2
test_vindr,birads,oracle_mass,density_B,190,0.0,0.2597560302478335,0.1605073829477109,0.3203835304477279,0.7362029100334245,0.6451729919200244,0.8189616043001912,dinov2,2
test_vindr,birads,oracle_mass,density_C,1530,0.0,0.3490345107009934,0.2979900493788042,0.4027701662075699,0.7667970132786104,0.7392495230865439,0.786212037289595,dinov2,2
test_vindr,birads,oracle_mass,density_D,270,0.0,0.4573250173250173,0.2258622315918577,0.5181318844058413,0.7769992411748712,0.6322757777541428,0.8393249356022241,dinov2,2
test_vindr,birads,oracle_calc,all,2000,0.0,0.2695426525529265,0.2300971832737482,0.3072851786900341,0.7546434845473542,0.7309190844757477,0.7767346387389518,dinov2,2
test_vindr,birads,oracle_calc,density_B,190,0.0,0.2506694670517196,0.1569447942069377,0.310952129504178,0.716814214163252,0.6132394117108827,0.8130560926357765,dinov2,2
test_vindr,birads,oracle_calc,density_C,1530,0.0,0.2755009301702927,0.2224266980051671,0.316235244461201,0.7705116689049245,0.7528151626758375,0.788593548624955,dinov2,2
test_vindr,birads,oracle_calc,density_D,270,0.0,0.2008097165991902,0.1777734353835116,0.277594002633347,0.7491312824596152,0.6429449932473004,0.8010335308486306,dinov2,2
test_vindr,birads,oracle_other,all,2000,1.0,0.2933716027016165,0.2501953036576273,0.3267019554062509,0.7390477936482112,0.711379342003888,0.7661748796676348,dinov2,2
test_vindr,birads,oracle_other,density_B,190,1.0,0.2682936507936507,0.1747502194953971,0.3334491699001319,0.7085635671201308,0.6140536009514924,0.8150592151342377,dinov2,2
test_vindr,birads,oracle_other,density_C,1530,1.0,0.2936664396573354,0.2384054664712703,0.3320944417346324,0.7500175282635115,0.7255173269793197,0.7747511101384671,dinov2,2
test_vindr,birads,oracle_other,density_D,270,1.0,0.2663503163503163,0.1867035832916909,0.4268062499387009,0.759635550474546,0.6545127202497326,0.8138780617418344,dinov2,2
val,malignant,pred,all,356,1.0,0.644,0.587466772804835,0.6897981296112525,0.7231646273637375,0.6591257489684679,0.7744864726363435,dinov2,2
val,malignant,pred,density_A,38,1.0,0.7317647058823529,0.5529411764705883,0.8784963768115942,0.8779761904761905,0.7290178571428573,0.9897471264367816,dinov2,2
val,malignant,pred,density_B,114,1.0,0.6418650793650794,0.5509520653700867,0.7224180252892896,0.694760101010101,0.5945994971555453,0.775892225884954,dinov2,2
val,malignant,pred,density_C,162,1.0,0.6147027027027027,0.5192808769043565,0.6842501312384179,0.6839506172839507,0.585148833291041,0.7652350907770517,dinov2,2
val,malignant,pred,density_D,40,1.0,0.5807127882599581,0.4106172860827116,0.7352956784594716,0.7109375,0.5379971590909092,0.885515448603684,dinov2,2
val,malignant,oracle,all,356,0.0,0.6986121548222626,0.6449275120235366,0.7475041982591527,0.7699179644048942,0.722057663183735,0.8157047940453848,dinov2,2
val,malignant,oracle,density_A,38,0.0,0.6801346801346801,0.5112734826458625,0.8126901455026455,0.8839285714285714,0.7797723286174374,0.9814270064301024,dinov2,2
val,malignant,oracle,density_B,114,0.0,0.7467708761826408,0.6724225448568689,0.8152551962144263,0.744949494949495,0.6515412932138284,0.8306556341095266,dinov2,2
val,malignant,oracle,density_C,162,0.0,0.6672432432432432,0.5811116218510062,0.7567217838396408,0.7437796771130105,0.6524950910321795,0.8311714975845411,dinov2,2
val,malignant,oracle,density_D,40,0.0,0.6011396011396011,0.4153333333333333,0.7530926338975099,0.7838541666666667,0.6295920138888889,0.901657938743179,dinov2,2
val,malignant,oracle_density,all,356,0.994,0.6396590704846232,0.5819318019179521,0.686908277692176,0.7255283648498331,0.6595414582607282,0.7772004638632313,dinov2,2
val,malignant,oracle_density,density_A,38,1.0,0.7317647058823529,0.5529411764705883,0.8784963768115942,0.875,0.7231339285714286,0.9883627450980392,dinov2,2
val,malignant,oracle_density,density_B,114,1.0,0.6342245989304813,0.5411668216759932,0.716879666283991,0.6837121212121211,0.5882685598632068,0.7692472174946915,dinov2,2
val,malignant,oracle_density,density_C,162,1.0,0.6147027027027027,0.5192808769043565,0.6842501312384179,0.6907882241215575,0.5904135338345865,0.7664709955170481,dinov2,2
val,malignant,oracle_density,density_D,40,1.0,0.5636363636363637,0.4268341307814992,0.7255202156334233,0.7161458333333333,0.5472953216374269,0.8818709415584416,dinov2,2
val,malignant,oracle_mass,all,356,0.315,0.6952026117963628,0.6404195310809316,0.7431890781300707,0.7705436596218019,0.7201442155459042,0.8196897068393402,dinov2,2
val,malignant,oracle_mass,density_A,38,0.526,0.7194421657095981,0.5664880952380952,0.8565157858015001,0.8988095238095238,0.8040760869565217,0.982279688191066,dinov2,2
val,malignant,oracle_mass,density_B,114,0.36,0.7172619047619048,0.6360800658571205,0.7999332399934809,0.7518939393939393,0.657454701251797,0.8325375333885973,dinov2,2
val,malignant,oracle_mass,density_C,162,0.241,0.6616867469879518,0.5746915670353719,0.744078668113003,0.7386514719848052,0.641446932304645,0.8320575068870523,dinov2,2
val,malignant,oracle_mass,density_D,40,0.275,0.6484110885733604,0.4501012591933928,0.8126447870844495,0.7526041666666666,0.5853442513368983,0.8960565476190476,dinov2,2
val,malignant,oracle_calc,all,356,0.242,0.659865103915392,0.6053320254924829,0.7116419900880715,0.7237208008898776,0.6631352534880814,0.7767251198755073,dinov2,2
val,malignant,oracle_calc,density_A,38,0.079,0.6955128205128205,0.5331730769230769,0.8606937165915522,0.8482142857142857,0.6933741359447004,0.9767341482047364,dinov2,2
val,malignant,oracle_calc,density_B,114,0.246,0.6826072715361939,0.5948474732189689,0.7639945058917083,0.685290404040404,0.5831812231196034,0.7801350562614819,dinov2,2
val,malignant,oracle_calc,density_C,162,0.241,0.6198220815368662,0.522660453579022,0.6925356407995297,0.6913580246913579,0.5922141472868216,0.7759611182170632,dinov2,2
val,malignant,oracle_calc,density_D,40,0.4,0.6011396011396011,0.4344157000407,0.7382646876932591,0.7473958333333333,0.5889347431414739,0.9048076923076924,dinov2,2
val,malignant,oracle_other,all,356,0.022,0.644,0.587466772804835,0.6897981296112525,0.7221913236929922,0.6585568477327125,0.7730641284640074,dinov2,2
val,malignant,oracle_other,density_A,38,0.0,0.7317647058823529,0.5529411764705883,0.8784963768115942,0.8869047619047619,0.7572638146167558,0.9933529411764708,dinov2,2
val,malignant,oracle_other,density_B,114,0.018,0.6418650793650794,0.5509520653700867,0.7224180252892896,0.7007575757575757,0.599975093399751,0.786255126737184,dinov2,2
val,malignant,oracle_other,density_C,162,0.031,0.6147027027027027,0.5192808769043565,0.6842501312384179,0.6774928774928776,0.5786349136061307,0.7607882050166739,dinov2,2
val,malignant,oracle_other,density_D,40,0.025,0.5807127882599581,0.4106172860827116,0.7352956784594716,0.7057291666666667,0.5293066801619434,0.8853817587641117,dinov2,2
val,birads,pred,all,9182,1.0,0.3921630653691568,0.3664601874611743,0.4175330225478555,0.7954171336400824,0.7773738852247453,0.8109128243844015,dinov2,2
val,birads,pred,density_A,1031,1.0,0.3485857138031051,0.26725836112832,0.4340295885727105,0.8429714554135458,0.7818495810635729,0.8865234080036918,dinov2,2
val,birads,pred,density_B,3388,1.0,0.4157197448089843,0.3631890417838975,0.4568864089526843,0.8147441388074796,0.7910906383518231,0.8398621975631639,dinov2,2
val,birads,pred,density_C,4050,1.0,0.3707275681375431,0.331331550042616,0.4150265068557678,0.7673965746958672,0.7360252328526867,0.795658701126361,dinov2,2
val,birads,pred,density_D,669,1.0,0.3810258784791891,0.3470174280132221,0.449623248955814,0.806001709627434,0.7555086556844812,0.8331495349653757,dinov2,2
val,birads,oracle,all,9182,0.0,0.4763921871775293,0.447086852501766,0.5074709200735629,0.8903698596434376,0.8779656841798116,0.9029071079137906,dinov2,2
val,birads,oracle,density_A,1031,0.0,0.4429910081407675,0.3635313425093107,0.5170883330013605,0.9556434070821456,0.9361483598470564,0.9718148675735097,dinov2,2
val,birads,oracle,density_B,3388,0.0,0.4513423438999192,0.4061629032168837,0.4949326264833101,0.929399304991544,0.9153459309154568,0.9435248679413482,dinov2,2
val,birads,oracle,density_C,4050,0.0,0.4869939344679884,0.4438994799476764,0.5346602221021217,0.8455506234794579,0.8173627442850288,0.8747189886196777,dinov2,2
val,birads,oracle,density_D,669,0.0,0.5273305092524966,0.3839652851477284,0.6162747869868077,0.8918803582516442,0.8566736942504831,0.9219933555782815,dinov2,2
val,birads,oracle_density,all,9182,0.995,0.3958906976305312,0.3702731550126543,0.4211271912953143,0.7931830649114069,0.7748161708693126,0.8088960958818814,dinov2,2
val,birads,oracle_density,density_A,1031,1.0,0.3590126722264647,0.2709786790722208,0.4452534283348667,0.841294953882179,0.7850864485777103,0.8863017151019557,dinov2,2
val,birads,oracle_density,density_B,3388,1.0,0.4160469956506885,0.3640584114881871,0.4593779917210388,0.8196119417706754,0.7963055323409556,0.8417859527964031,dinov2,2
val,birads,oracle_density,density_C,4050,1.0,0.3783137932818914,0.3361496486189547,0.4282509206849944,0.7659795176621191,0.7333148474997179,0.7947663507999774,dinov2,2
val,birads,oracle_density,density_D,669,1.0,0.3757991773877277,0.33909246395239,0.4507335507446046,0.802817423609824,0.752506956852843,0.8302140909390887,dinov2,2
val,birads,oracle_mass,all,9182,0.028,0.4552177448905013,0.4311030959166931,0.4878252300871069,0.873015603641376,0.8621929891607661,0.8846446078487874,dinov2,2
val,birads,oracle_mass,density_A,1031,0.027,0.4232342536690362,0.3347413796940158,0.4982949742320667,0.9181302236052528,0.8843685347313902,0.9455856622806068,dinov2,2
val,birads,oracle_mass,density_B,3388,0.025,0.4523007753323891,0.406199520218199,0.4959388708696745,0.897646713177312,0.8825720786813148,0.913372235438552,dinov2,2
val,birads,oracle_mass,density_C,4050,0.028,0.4505934491623725,0.408774968531011,0.4990283403393284,0.8433938149153812,0.8242778557458353,0.8632031883316588,dinov2,2
val,birads,oracle_mass,density_D,669,0.039,0.5146108242493785,0.3744617166848323,0.6022203049887831,0.8626909601626771,0.8193238608409639,0.8894583882236572,dinov2,2
val,birads,oracle_calc,all,9182,0.023,0.4311688313841914,0.4083180062191677,0.4559039781660282,0.9022181872143712,0.8904538659873614,0.9117978376668768,dinov2,2
val,birads,oracle_calc,density_A,1031,0.007,0.3595138451440722,0.2857991887467846,0.4300422594294573,0.9431863997658044,0.9166502905367092,0.9627529377896812,dinov2,2
val,birads,oracle_calc,density_B,3388,0.02,0.4422366958287792,0.3906497866264924,0.4826116114583267,0.925561272244336,0.9126397035571796,0.9387783337070448,dinov2,2
val,birads,oracle_calc,density_C,4050,0.024,0.4230023171838201,0.3847721832258158,0.4651001206776969,0.8876150770645804,0.8709615178554594,0.904633252542314,dinov2,2
val,birads,oracle_calc,density_D,669,0.052,0.433794866897964,0.3993469628028911,0.5254823423737828,0.9071322898416608,0.8758424323120542,0.934922849236543,dinov2,2
val,birads,oracle_other,all,9182,0.83,0.3715995727345811,0.3460784329207506,0.3960603525785154,0.7187324531585004,0.6930338249882827,0.7412483656136013,dinov2,2
val,birads,oracle_other,density_A,1031,0.835,0.3327544897557685,0.2494705731201325,0.4179304406277109,0.771300217804162,0.6885576859724386,0.8285950978938141,dinov2,2
val,birads,oracle_other,density_B,3388,0.821,0.3954031763670008,0.344950679978886,0.4386239673037174,0.7313568266539069,0.6996539765465845,0.7675407616738821,dinov2,2
val,birads,oracle_other,density_C,4050,0.846,0.3501940276201061,0.3097415156062094,0.3936659038103716,0.6757244430952949,0.6259213357545834,0.7197257741719133,dinov2,2
val,birads,oracle_other,density_D,669,0.797,0.3485648947775384,0.3133484624950827,0.4121163194908544,0.7679925125436625,0.7127345839474847,0.7994074836731002,dinov2,2
test_cbis_ddsm,malignant,pred,all,369,1.0,0.6684636118598383,0.6227259946651225,0.7180045107728686,0.7167111326703856,0.6662499927369938,0.7719887571060633,ft2,0
test_cbis_ddsm,malignant,pred,density_A,38,1.0,0.6274509803921569,0.4600086799227236,0.7686501448495994,0.7827380952380953,0.578121212121212,0.9381688963210704,ft2,0
test_cbis_ddsm,malignant,pred,density_B,145,1.0,0.6891228738863214,0.6062075943200295,0.7728160032761231,0.7543723280217645,0.653102598398916,0.8390248868778281,ft2,0
test_cbis_ddsm,malignant,pred,density_C,112,1.0,0.7083333333333333,0.6346153841876767,0.7850442194240493,0.7128412537917088,0.6221952979856249,0.7966208333333334,ft2,0
test_cbis_ddsm,malignant,pred,density_D,73,1.0,0.5672212660164467,0.4365079365079365,0.6758863971337933,0.5685975609756098,0.4385934532288699,0.6991068245480011,ft2,0
test_cbis_ddsm,malignant,oracle,all,369,0.0,0.7052004823635816,0.6618377736894264,0.7487444285551675,0.7505760368663595,0.7047605921931096,0.803985130472961,ft2,0
test_cbis_ddsm,malignant,oracle,density_A,38,0.0,0.7797101449275362,0.6245144457313074,0.8903216756070017,0.8154761904761906,0.6725223214285714,0.9347858245433496,ft2,0
test_cbis_ddsm,malignant,oracle,density_B,145,0.0,0.6748723820428415,0.5930515030946065,0.762636600652933,0.7485425573260784,0.6716859610660653,0.8291826436071071,ft2,0
test_cbis_ddsm,malignant,oracle,density_C,112,0.0,0.7582664249330916,0.6770217471670807,0.8179900921719178,0.7829457364341085,0.6904982501274741,0.8637875,ft2,0
test_cbis_ddsm,malignant,oracle,density_D,73,0.0,0.632170542635659,0.5183242202986652,0.7607134183363693,0.6463414634146342,0.5296609237536657,0.795596830392267,ft2,0
test_cbis_ddsm,malignant,oracle_density,all,369,0.997,0.6558991383490619,0.6075081868498982,0.7059634235069825,0.7223199126849381,0.6724150031023848,0.7749823140443529,ft2,0
test_cbis_ddsm,malignant,oracle_density,density_A,38,1.0,0.6274509803921569,0.4600086799227236,0.7686501448495994,0.7827380952380952,0.58915544332211,0.9380852842809364,ft2,0
test_cbis_ddsm,malignant,oracle_density,density_B,145,1.0,0.682622763608679,0.5995977527582225,0.7602370133122412,0.7555382821609017,0.6583140919303175,0.8398091638865721,ft2,0
test_cbis_ddsm,malignant,oracle_density,density_C,112,1.0,0.6841835426813638,0.611435360388772,0.7546567525301703,0.7192450286484664,0.6319619573172353,0.8013666666666666,ft2,0
test_cbis_ddsm,malignant,oracle_density,density_D,73,1.0,0.5514592933947773,0.4277655746390569,0.6511979188391431,0.5922256097560976,0.4694234457446601,0.7203609181516158,ft2,0
test_cbis_ddsm,malignant,oracle_mass,all,369,0.512,0.6930921570243599,0.6433539298134241,0.7357718894009218,0.7440577249575553,0.6964716045402369,0.7964715676453431,ft2,0
test_cbis_ddsm,malignant,oracle_mass,density_A,38,0.632,0.7548387096774194,0.6142866847826086,0.8776725589225589,0.8214285714285715,0.6829645445134576,0.9361111111111112,ft2,0
test_cbis_ddsm,malignant,oracle_mass,density_B,145,0.593,0.6748723820428415,0.5898699653965674,0.75496786952768,0.7432957636999611,0.6527682166111636,0.8286516775828655,ft2,0
test_cbis_ddsm,malignant,oracle_mass,density_C,112,0.509,0.75556525534701,0.6789042231639408,0.8183445361633229,0.7613751263902933,0.667632695219438,0.8414880952380952,ft2,0
test_cbis_ddsm,malignant,oracle_mass,density_D,73,0.301,0.5871040723981901,0.4555833645018005,0.6891324200913242,0.6219512195121951,0.4913423023336816,0.7501566080977846,ft2,0
test_cbis_ddsm,malignant,oracle_calc,all,369,0.374,0.6718269520651191,0.6295952328952703,0.720480219409867,0.7206524375454766,0.6719735437539248,0.7795591567359588,ft2,0
test_cbis_ddsm,malignant,oracle_calc,density_A,38,0.211,0.6518675123326286,0.4738421052631579,0.8134536142668869,0.7827380952380952,0.5823838383838384,0.9407101051122788,ft2,0
test_cbis_ddsm,malignant,oracle_calc,density_B,145,0.283,0.6820175438596491,0.6104201775703183,0.7721278403944075,0.7520404197434901,0.6648547466106081,0.8391735912507665,ft2,0
test_cbis_ddsm,malignant,oracle_calc,density_C,112,0.375,0.7002503669170336,0.6262554112554113,0.7771551431417232,0.7360970677451971,0.6455502163551988,0.8279529546372326,ft2,0
test_cbis_ddsm,malignant,oracle_calc,density_D,73,0.63,0.5944444444444444,0.4774772970849495,0.7370671015852939,0.5815548780487805,0.4598448426573427,0.7508403110047847,ft2,0
test_cbis_ddsm,malignant,oracle_other,all,369,0.0,0.6684636118598383,0.6227259946651225,0.7180045107728686,0.7166808149405772,0.6662484797861344,0.7719904099986253,ft2,0
test_cbis_ddsm,malignant,oracle_other,density_A,38,0.0,0.6274509803921569,0.4600086799227236,0.7686501448495994,0.7827380952380953,0.578121212121212,0.9381688963210704,ft2,0
test_cbis_ddsm,malignant,oracle_other,density_B,145,0.0,0.6891228738863214,0.6062075943200295,0.7728160032761231,0.7543723280217645,0.653102598398916,0.8390248868778281,ft2,0
test_cbis_ddsm,malignant,oracle_other,density_C,112,0.0,0.7083333333333333,0.6346153841876767,0.7850442194240493,0.7128412537917088,0.6221952979856249,0.7966208333333334,ft2,0
test_cbis_ddsm,malignant,oracle_other,density_D,73,0.0,0.5672212660164467,0.4365079365079365,0.6758863971337933,0.5685975609756098,0.4385934532288699,0.6991068245480011,ft2,0
test_cbis_ddsm,birads,pred,all,344,1.0,0.3525582455302135,0.3081498296060961,0.474466644687091,0.6507340739333727,0.6228774138040265,0.7867431456787659,ft2,0
test_cbis_ddsm,birads,pred,density_A,38,1.0,0.5342261904761905,0.3929621848739495,0.6400754213376039,0.832571611855886,0.7076632073237493,0.9323940569664252,ft2,0
test_cbis_ddsm,birads,pred,density_B,133,1.0,0.2820158460667798,0.2130382056984673,0.4077206501592277,0.6185451728932103,0.5694888450173262,0.7414556610885186,ft2,0
test_cbis_ddsm,birads,pred,density_C,101,1.0,0.5268871341640105,0.4150556679270342,0.6118192616959065,0.7660677624053679,0.6972104982765431,0.8341337031467703,ft2,0
test_cbis_ddsm,birads,pred,density_D,71,1.0,0.274968394437421,0.2176983870967742,0.4359849997781032,0.512900104038031,0.4135625603241996,0.7233076325156467,ft2,0
test_cbis_ddsm,birads,oracle,all,344,0.0,0.3736689250147971,0.3364597501275117,0.5108357389616232,0.6868116664340367,0.6594874849352246,0.8306063470363183,ft2,0
test_cbis_ddsm,birads,oracle,density_A,38,0.0,0.4746621621621621,0.3181748896377379,0.5893796277585444,0.8516718160871387,0.772741674099752,0.9265884806965812,ft2,0
test_cbis_ddsm,birads,oracle,density_B,133,0.0,0.3624040676672255,0.2906159863945578,0.5116259229383864,0.6665471988771362,0.6193037354400258,0.8206197355966861,ft2,0
test_cbis_ddsm,birads,oracle,density_C,101,0.0,0.5056168300653595,0.4050962975320683,0.5837021869558634,0.8261018824607377,0.7644382971803991,0.8756904765813565,ft2,0
test_cbis_ddsm,birads,oracle,density_D,71,0.0,0.2909090909090909,0.2165610895324594,0.3591323010685757,0.6895235883331827,0.5470301045337507,0.7888915978504499,ft2,0
test_cbis_ddsm,birads,oracle_density,all,344,0.997,0.3416455499750694,0.2974176099074123,0.4785688713973476,0.6438004608956958,0.6143835072298074,0.7854163234366685,ft2,0
test_cbis_ddsm,birads,oracle_density,density_A,38,1.0,0.538961038961039,0.3890336134453782,0.643261350522099,0.827278182167295,0.684283604840441,0.9368858498957182,ft2,0
test_cbis_ddsm,birads,oracle_density,density_B,133,1.0,0.3044218094017267,0.2299555782332923,0.4301344482288113,0.6063142861484029,0.5586595986318366,0.7380239083271887,ft2,0
test_cbis_ddsm,birads,oracle_density,density_C,101,1.0,0.420102048334807,0.2951929978888107,0.516520737078291,0.7684656626405526,0.6873431749858508,0.8353579539297513,ft2,0
test_cbis_ddsm,birads,oracle_density,density_D,71,1.0,0.274968394437421,0.2176983870967742,0.4359849997781032,0.5034763479764666,0.4151635303320539,0.7108243220073578,ft2,0
test_cbis_ddsm,birads,oracle_mass,all,344,0.497,0.3835975135975136,0.3412056887716607,0.5066292114581046,0.6790476496294862,0.6536489612843409,0.82215503654496,ft2,0
test_cbis_ddsm,birads,oracle_mass,density_A,38,0.632,0.5416666666666666,0.3968993506493506,0.6456547975051266,0.8753748603546991,0.801573881666407,0.935970989870906,ft2,0
test_cbis_ddsm,birads,oracle_mass,density_B,133,0.586,0.3190436241610738,0.2532796927510191,0.4497241215657554,0.6495172248183673,0.602243997413012,0.8052066781084415,ft2,0
test_cbis_ddsm,birads,oracle_mass,density_C,101,0.465,0.5762867647058824,0.4494679021224493,0.6520071070196324,0.8075293185580005,0.7314387199178841,0.8658575472613951,ft2,0
test_cbis_ddsm,birads,oracle_mass,density_D,71,0.31,0.3159028593811202,0.2500959268004722,0.4911512204920445,0.555707588815096,0.4642161975371772,0.756835943421335,ft2,0
test_cbis_ddsm,birads,oracle_calc,all,344,0.381,0.3601870662965731,0.3193705131623026,0.4879784291466565,0.6628029276649394,0.6355978685425918,0.7931115428058438,ft2,0
test_cbis_ddsm,birads,oracle_calc,density_A,38,0.211,0.4913082437275985,0.352687134502924,0.5890190018315018,0.8258819473537216,0.6924154287478677,0.9252555093344156,ft2,0
test_cbis_ddsm,birads,oracle_calc,density_B,133,0.278,0.3069417751612777,0.2313118554886847,0.4428095821979979,0.6400067450843192,0.5995142142400344,0.7672140883952658,ft2,0
test_cbis_ddsm,birads,oracle_calc,density_C,101,0.406,0.5493203114150104,0.4437421008110663,0.63581016377843,0.7750866271614453,0.7153303453665015,0.8367163398197489,ft2,0
test_cbis_ddsm,birads,oracle_calc,density_D,71,0.62,0.2696267696267696,0.1992607038217241,0.3736862840716596,0.6634067011661295,0.5127054476507716,0.7602853623572357,ft2,0
test_cbis_ddsm,birads,oracle_other,all,344,0.0,0.3525582455302135,0.3081498296060961,0.474466644687091,0.6508068613583768,0.6229459202483202,0.7868481557598368,ft2,0
test_cbis_ddsm,birads,oracle_other,density_A,38,0.0,0.5342261904761905,0.3929621848739495,0.6400754213376039,0.832571611855886,0.7076632073237493,0.9323940569664252,ft2,0
test_cbis_ddsm,birads,oracle_other,density_B,133,0.0,0.2820158460667798,0.2130382056984673,0.4077206501592277,0.6185451728932101,0.5695774640189676,0.7420614392805036,ft2,0
test_cbis_ddsm,birads,oracle_other,density_C,101,0.0,0.5268871341640105,0.4150556679270342,0.6118192616959065,0.7661693884216281,0.6974287483848225,0.8341392414719807,ft2,0
test_cbis_ddsm,birads,oracle_other,density_D,71,0.0,0.274968394437421,0.2176983870967742,0.4359849997781032,0.512900104038031,0.4135625603241996,0.7235897505712025,ft2,0
test_cdd_cesm,malignant,pred,all,566,1.0,0.728617799936353,0.6808192892740268,0.768939651312252,0.7190857338526729,0.6654529677232471,0.7729844958346986,ft2,0
test_cdd_cesm,malignant,pred,density_B,183,1.0,0.7512138279277529,0.6791443452380953,0.8160239240401951,0.7576646227672621,0.6545819937709711,0.8491308003236014,ft2,0
test_cdd_cesm,malignant,pred,density_C,295,1.0,0.7392969363707776,0.6788013896345153,0.7956763567906493,0.7351681302206039,0.6633652219879472,0.8086931049551604,ft2,0
test_cdd_cesm,malignant,pred,density_D,36,1.0,0.5764705882352942,0.3980546062125009,0.7638326585695007,0.5292207792207793,0.2652065527065527,0.7612651515151515,ft2,0
test_cdd_cesm,malignant,oracle,all,566,0.011,0.7238926436414596,0.674101145523599,0.7665862741510686,0.90582687725606,0.8723852784293052,0.9376854372634243,ft2,0
test_cdd_cesm,malignant,oracle,density_B,183,0.016,0.7709637046307884,0.7027840294840294,0.8269854549340597,0.9390829112236736,0.8935462700436088,0.9789627715121136,ft2,0
test_cdd_cesm,malignant,oracle,density_C,295,0.007,0.7140354755871499,0.646069588540318,0.7653180389416087,0.9167648318697796,0.8717821406913282,0.9526758777843728,ft2,0
test_cdd_cesm,malignant,oracle,density_D,36,0.028,0.5764705882352942,0.3702777777777777,0.755119889937107,0.8766233766233764,0.7087281683833409,1.0,ft2,0
test_cdd_cesm,malignant,oracle_density,all,566,0.915,0.7268894758228363,0.6792510626997648,0.7657391359447734,0.728245516414844,0.676728097839419,0.7824330177483825,ft2,0
test_cdd_cesm,malignant,oracle_density,density_B,183,1.0,0.7512138279277529,0.6791443452380953,0.8160239240401951,0.7747267395361237,0.6811756421712923,0.8573539146130194,ft2,0
test_cdd_cesm,malignant,oracle_density,density_C,295,1.0,0.7358567358567358,0.6731180338873605,0.7905835428012847,0.7427714714071536,0.6740717466092387,0.8171025170422231,ft2,0
test_cdd_cesm,malignant,oracle_density,density_D,36,1.0,0.5764705882352942,0.3980546062125009,0.7638326585695007,0.5324675324675324,0.286274154589372,0.7797465034965035,ft2,0
test_cdd_cesm,malignant,oracle_mass,all,566,0.309,0.7780392156862745,0.7337258403170172,0.8222618021562502,0.8463524946853287,0.8002305403648908,0.8887260709972575,ft2,0
test_cdd_cesm,malignant,oracle_mass,density_B,183,0.388,0.8153932374369512,0.7621669859745518,0.8696139587991403,0.8703012529992002,0.8067698709657551,0.9382464713761404,ft2,0
test_cdd_cesm,malignant,oracle_mass,density_C,295,0.281,0.755067155067155,0.7037748435558104,0.8032287771210782,0.8733668879845792,0.8311190028312043,0.9167599007982344,ft2,0
test_cdd_cesm,malignant,oracle_mass,density_D,36,0.278,0.6296296296296295,0.3980546062125009,0.807732157548334,0.8084415584415584,0.6152006172839507,0.9592425431711146,ft2,0
test_cdd_cesm,malignant,oracle_calc,all,566,0.025,0.7020268491708344,0.6585170581611763,0.7502523656392501,0.6946739145943015,0.6346852220069108,0.7525041673893907,ft2,0
test_cdd_cesm,malignant,oracle_calc,density_B,183,0.022,0.720048309178744,0.6412484755732144,0.7879018893523811,0.7226073047187417,0.6236637409200969,0.8134207037046794,ft2,0
test_cdd_cesm,malignant,oracle_calc,density_C,295,0.024,0.700689935064935,0.6386158667414301,0.7619267428756511,0.7097344185050333,0.6373668807624573,0.7784246330379005,ft2,0
test_cdd_cesm,malignant,oracle_calc,density_D,36,0.056,0.5764705882352942,0.3980546062125009,0.7638326585695007,0.5941558441558441,0.3826019296607532,0.822266317016317,ft2,0
test_cdd_cesm,malignant,oracle_other,all,566,1.0,0.7276273953768153,0.6855374066624655,0.7689541848419174,0.7583072950106294,0.7052406143714927,0.8104573683762484,ft2,0
test_cdd_cesm,malignant,oracle_other,density_B,183,1.0,0.7477253928866832,0.670686246212158,0.8160239240401951,0.7871234337509998,0.7058913977109578,0.8737098484020082,ft2,0
test_cdd_cesm,malignant,oracle_other,density_C,295,1.0,0.7392969363707776,0.6788013896345153,0.7956763567906493,0.7776825872777896,0.7086989171267357,0.8416174278718193,ft2,0
test_cdd_cesm,malignant,oracle_other,density_D,36,1.0,0.5178571428571428,0.3702777777777777,0.6826132872503841,0.6688311688311688,0.4373958333333334,0.8596948506039417,ft2,0
test_cdd_cesm,birads,pred,all,566,1.0,0.4279307864720511,0.3894416208048335,0.4629907964240023,0.7797047252238324,0.7573088895571177,0.8012535304787294,ft2,0
test_cdd_cesm,birads,pred,density_B,183,1.0,0.463191480126964,0.3931071415693042,0.5210470197507957,0.8163724551944183,0.7805737841883313,0.8585923388804753,ft2,0
test_cdd_cesm,birads,pred,density_C,295,1.0,0.3845582236945087,0.3434933875536896,0.4272180182842728,0.7550148970463955,0.7197486674893466,0.7871386858186238,ft2,0
test_cdd_cesm,birads,pred,density_D,36,1.0,0.4337995337995338,0.2655225563909774,0.5794429708222812,0.85877331002331,0.8001599292968273,0.9404903091444912,ft2,0
test_cdd_cesm,birads,oracle,all,566,0.011,0.4965765059345878,0.4573992809093788,0.5268051638929777,0.760480609947369,0.7379874002303546,0.7842284630897525,ft2,0
test_cdd_cesm,birads,oracle,density_B,183,0.016,0.50057332996628,0.4272563658099635,0.57127617198635,0.8039626209207069,0.7692119109478052,0.8475387608611088,ft2,0
test_cdd_cesm,birads,oracle,density_C,295,0.007,0.5357023763507237,0.4791868295014861,0.568776816724008,0.7732731249501806,0.7365157393899829,0.8075327149702437,ft2,0
test_cdd_cesm,birads,oracle,density_D,36,0.028,0.4731372549019608,0.269890826873385,0.573388888888889,0.8272413003663004,0.7572460639909596,0.8997568366578957,ft2,0
test_cdd_cesm,birads,oracle_density,all,566,0.915,0.4244085369769159,0.3907389507920558,0.4546412461190127,0.7783354564512773,0.7558510693187982,0.8005572012989647,ft2,0
test_cdd_cesm,birads,oracle_density,density_B,183,1.0,0.4636066301182581,0.3927153536467885,0.524121402689273,0.8146577415483993,0.7798853737505379,0.8552532555496057,ft2,0
test_cdd_cesm,birads,oracle_density,density_C,295,1.0,0.3756994603569946,0.3319811640176028,0.4149728609004068,0.7541097488867818,0.719897845411802,0.7874453147677588,ft2,0
test_cdd_cesm,birads,oracle_density,density_D,36,1.0,0.4337995337995338,0.2655225563909774,0.5794429708222812,0.8663723776223776,0.8083883571504242,0.9407204902343946,ft2,0
test_cdd_cesm,birads,oracle_mass,all,566,0.309,0.4538947626277402,0.4178287883823736,0.4922106743163329,0.7957517368988427,0.7709644464200696,0.8151416681244447,ft2,0
test_cdd_cesm,birads,oracle_mass,density_B,183,0.388,0.4540788177339901,0.3894770908662176,0.5132713974248894,0.8299515707272537,0.7940488690319659,0.8693335397276427,ft2,0
test_cdd_cesm,birads,oracle_mass,density_C,295,0.281,0.4587670276500513,0.4136838137722635,0.4995980116563752,0.7700232058707753,0.7333621132615945,0.8085809070849608,ft2,0
test_cdd_cesm,birads,oracle_mass,density_D,36,0.278,0.3750700280112045,0.2198611111111111,0.4950253189792663,0.8509803391053392,0.7763924979862561,0.9295819005143602,ft2,0
test_cdd_cesm,birads,oracle_calc,all,566,0.025,0.4737844311376292,0.4350980944192215,0.5097156962342436,0.8069284649587841,0.7867584659730765,0.8259820990060104,ft2,0
test_cdd_cesm,birads,oracle_calc,density_B,183,0.022,0.4788538764902247,0.4105710728086584,0.5533303603100652,0.8349442972450726,0.794097749191644,0.8776661313124071,ft2,0
test_cdd_cesm,birads,oracle_calc,density_C,295,0.024,0.4681864540278203,0.4090784288244445,0.5155427006765683,0.8154090301675568,0.779436531798829,0.8487171241052814,ft2,0
test_cdd_cesm,birads,oracle_calc,density_D,36,0.056,0.5492063492063491,0.3188775678983757,0.6838138528138528,0.9147985001110002,0.86399504180106,0.9610685630112092,ft2,0
test_cdd_cesm,birads,oracle_other,all,566,1.0,0.4182003602673109,0.3808484861737399,0.4499337516583016,0.784292733807034,0.7584061131150095,0.8076912435666384,ft2,0
test_cdd_cesm,birads,oracle_other,density_B,183,1.0,0.4433291108421978,0.3742806218133574,0.4942368824428372,0.819926596538514,0.7794745443979207,0.8603025868438593,ft2,0
test_cdd_cesm,birads,oracle_other,density_C,295,1.0,0.3857433422323513,0.3365829485820498,0.4268556498122997,0.757654021649636,0.720716844983939,0.790354955027136,ft2,0
test_cdd_cesm,birads,oracle_other,density_D,36,1.0,0.4024999999999999,0.2396190476190476,0.537840511204482,0.8276590076590076,0.7478619698178167,0.9276113566991324,ft2,0
test_cmmd,malignant,pred,all,1867,1.0,0.4559072098851781,0.4335771669119334,0.4803413941608589,0.7535118132751903,0.728572273550516,0.773295426224719,ft2,0
test_cmmd,malignant,oracle,all,1867,0.0,0.4630865711378751,0.4396076343518942,0.4871322028466336,0.7771122432987536,0.7576046360244618,0.7982606727521983,ft2,0
test_cmmd,malignant,oracle_density,all,1867,0.0,0.4559072098851781,0.4335771669119334,0.4803413941608589,0.7535118132751903,0.728572273550516,0.773295426224719,ft2,0
test_cmmd,malignant,oracle_mass,all,1867,0.0,0.4636966690158699,0.4401434561794793,0.4872849695604309,0.7847902535324346,0.7653142926776345,0.8045774212491016,ft2,0
test_cmmd,malignant,oracle_calc,all,1867,0.0,0.4565249507192153,0.434557156231016,0.4809677719708879,0.7503911179787792,0.7253007409860567,0.771113378546837,ft2,0
test_cmmd,malignant,oracle_other,all,1867,0.0,0.4559072098851781,0.4335771669119334,0.4803413941608589,0.7535118132751903,0.728572273550516,0.773295426224719,ft2,0
test_embed,malignant,pred,all,297,1.0,0.5766447368421053,0.5060738934441265,0.6446364360823479,0.6497386109036594,0.5805971958352911,0.731562686670076,ft2,0
test_embed,malignant,pred,density_A,29,1.0,0.6716981132075472,0.4509803921568627,0.9214935064935068,0.41,0.0569583333333333,0.7948275862068963,ft2,0
test_embed,malignant,pred,density_B,104,1.0,0.5594917212167886,0.4517359397932007,0.6513817032612983,0.6609477124183007,0.5673832875229052,0.761964068825911,ft2,0
test_embed,malignant,pred,density_C,138,1.0,0.5446315255097725,0.4664988842234525,0.6347842123550502,0.6226370510396975,0.517250718118065,0.7265964891330308,ft2,0
test_embed,malignant,pred,density_D,21,1.0,0.6594594594594595,0.4282738095238095,1.0,0.5147058823529411,0.1384114583333333,1.0,ft2,0
test_embed,malignant,oracle,all,297,0.0,0.6707036247334754,0.6179786390454397,0.7350566359860208,0.7725914861837193,0.7079478243598315,0.8277764343930478,ft2,0
test_embed,malignant,oracle,density_A,29,0.0,0.6716981132075472,0.4509803921568627,0.9214935064935068,0.83,0.5,1.0,ft2,0
test_embed,malignant,oracle,density_B,104,0.0,0.691027926322044,0.5804414301091122,0.7880307240952679,0.7736928104575165,0.6727301033752646,0.871373688196473,ft2,0
test_embed,malignant,oracle,density_C,138,0.0,0.613073780341264,0.5194755062554093,0.7098643543956045,0.7426748582230625,0.6536904155344203,0.8319505349208693,ft2,0
test_embed,malignant,oracle,density_D,21,0.0,0.8055555555555556,0.46125,1.0,0.8382352941176471,0.555138888888889,1.0,ft2,0
test_embed,malignant,oracle_density,all,297,0.983,0.5766447368421053,0.5060738934441265,0.6446364360823479,0.6392830470500372,0.5721267454977504,0.7183673241693477,ft2,0
test_embed,malignant,oracle_density,density_A,29,1.0,0.6716981132075472,0.4509803921568627,0.9214935064935068,0.45,0.0660416666666666,0.8435794602698651,ft2,0
test_embed,malignant,oracle_density,density_B,104,1.0,0.5594917212167886,0.4517359397932007,0.6513817032612983,0.6593137254901962,0.5534906324672731,0.7565085334847993,ft2,0
test_embed,malignant,oracle_density,density_C,138,1.0,0.5446315255097725,0.4664988842234525,0.6347842123550502,0.5966446124763705,0.4792303024781341,0.7222002358637687,ft2,0
test_embed,malignant,oracle_density,density_D,21,1.0,0.6594594594594595,0.4282738095238095,1.0,0.4411764705882353,0.0498214285714286,1.0,ft2,0
test_embed,malignant,oracle_mass,all,297,0.199,0.6240506329113924,0.5646275363804057,0.6875021027001423,0.7294889576442976,0.6664869776186932,0.7924614503992342,ft2,0
test_embed,malignant,oracle_mass,density_A,29,0.069,0.6716981132075472,0.4509803921568627,0.9214935064935068,0.63,0.2168333333333333,1.0,ft2,0
test_embed,malignant,oracle_mass,density_B,104,0.25,0.6153846153846154,0.4872432117505551,0.7220720472127756,0.7344771241830066,0.6514410865697631,0.8306360308615266,ft2,0
test_embed,malignant,oracle_mass,density_C,138,0.181,0.5967532467532467,0.5055031818383036,0.6911120380863193,0.6902173913043479,0.5931875000000001,0.7864787917903552,ft2,0
test_embed,malignant,oracle_mass,density_D,21,0.19,0.6594594594594595,0.4282738095238095,1.0,0.8529411764705882,0.481796875,1.0,ft2,0
test_embed,malignant,oracle_calc,all,297,0.094,0.5983552631578948,0.5384923534320314,0.6648115140910836,0.7121519257441588,0.6439456402957405,0.7709072326006271,ft2,0
test_embed,malignant,oracle_calc,density_A,29,0.0,0.6716981132075472,0.4509803921568627,0.9214935064935068,0.63,0.2210727969348659,1.0,ft2,0
test_embed,malignant,oracle_calc,density_B,104,0.087,0.59375,0.4761940824887701,0.6869781847065378,0.7185457516339869,0.6108466916555477,0.8340934270359653,ft2,0
test_embed,malignant,oracle_calc,density_C,138,0.116,0.5625625625625625,0.4801890880334519,0.6471164731710006,0.6769848771266541,0.5692049676355643,0.7822142449212696,ft2,0
test_embed,malignant,oracle_calc,density_D,21,0.143,0.6594594594594595,0.4282738095238095,1.0,0.676470588235294,0.1494642857142857,1.0,ft2,0
test_embed,malignant,oracle_other,all,297,0.03,0.5766447368421053,0.5060738934441265,0.6446364360823479,0.6489917849141151,0.5829048232943291,0.716233904508629,ft2,0
test_embed,malignant,oracle_other,density_A,29,0.034,0.6716981132075472,0.4509803921568627,0.9214935064935068,0.41,0.0569583333333333,0.7948275862068963,ft2,0
test_embed,malignant,oracle_other,density_B,104,0.029,0.5594917212167886,0.4517359397932007,0.6513817032612983,0.6511437908496732,0.5568456735329421,0.7547229737854737,ft2,0
test_embed,malignant,oracle_other,density_C,138,0.029,0.5446315255097725,0.4664988842234525,0.6347842123550502,0.6389413988657845,0.5387663226633814,0.742043628091969,ft2,0
test_embed,malignant,oracle_other,density_D,21,0.048,0.6594594594594595,0.4282738095238095,1.0,0.4852941176470587,0.0553362573099415,1.0,ft2,0
test_embed,birads,pred,all,11881,1.0,0.3310934662525295,0.2990944642385733,0.363964022549758,0.7901122180691822,0.7771494151022301,0.8056142925090122,ft2,0
test_embed,birads,pred,density_A,1547,1.0,0.2514732483382368,0.2254490544228874,0.2747263925184139,0.8199883162992221,0.7624242375050035,0.8598264988556316,ft2,0
test_embed,birads,pred,density_B,4969,1.0,0.350472744140917,0.2917655405103789,0.4046758332494856,0.8010792319509875,0.7731022186398102,0.8226817288360716,ft2,0
test_embed,birads,pred,density_C,4644,1.0,0.3239357835805089,0.2855697061345103,0.3629682399764939,0.768525323199623,0.7442786721826229,0.789747813597805,ft2,0
test_embed,birads,pred,density_D,642,1.0,0.2709660283996752,0.2318477656849262,0.3125160963096321,0.7458583509183114,0.6913112988087265,0.8017204036227465,ft2,0
test_embed,birads,oracle,all,11881,0.0,0.4334977110532941,0.4002550051696042,0.4643972159816298,0.9149374185511754,0.9043162817914976,0.9251470248476478,ft2,0
test_embed,birads,oracle,density_A,1547,0.0,0.3564978541966627,0.2902041027308166,0.477923440668539,0.9203899174343286,0.8667418204107553,0.9657986107216776,ft2,0
test_embed,birads,oracle,density_B,4969,0.0,0.4116059385988906,0.3596757237933899,0.4631975814593013,0.9449374306457528,0.9284147514331196,0.9603938640780074,ft2,0
test_embed,birads,oracle,density_C,4644,0.0,0.4502268056443758,0.3927043644912034,0.4951123887326607,0.9169859518923964,0.8922865672848688,0.9394078496651106,ft2,0
test_embed,birads,oracle,density_D,642,0.0,0.3909686100223121,0.3045377222647858,0.5196735418982872,0.9050235669943454,0.8606294121958789,0.9427697377742634,ft2,0
test_embed,birads,oracle_density,all,11881,0.993,0.337980820355388,0.306055640346169,0.3680659676225125,0.7897452996929504,0.7752880384403201,0.8051492142521721,ft2,0
test_embed,birads,oracle_density,density_A,1547,1.0,0.2774423086714859,0.2275883681011878,0.3315814896514942,0.8226317503599535,0.7684451134165605,0.8618326062791162,ft2,0
test_embed,birads,oracle_density,density_B,4969,1.0,0.3489459775066942,0.2927698818819731,0.4112309063565184,0.8058800450589942,0.7781653238588115,0.8273812251385289,ft2,0
test_embed,birads,oracle_density,density_C,4644,1.0,0.3370012158626264,0.2919773085694836,0.3813037904118019,0.7707923693085625,0.7472517306417701,0.7916324159774399,ft2,0
test_embed,birads,oracle_density,density_D,642,1.0,0.2574992877689246,0.2242688853298301,0.3016414253570662,0.7377628938172403,0.6851092856675339,0.7971685166919741,ft2,0
test_embed,birads,oracle_mass,all,11881,0.02,0.3834811735045407,0.3492854214794909,0.4153765399995813,0.8536581141779352,0.842476111888866,0.865039743130341,ft2,0
test_embed,birads,oracle_mass,density_A,1547,0.013,0.3234050602093751,0.2614564885540902,0.4161550012866507,0.8813673604368113,0.8440373072379153,0.9060974582069682,ft2,0
test_embed,birads,oracle_mass,density_B,4969,0.014,0.37615095195628,0.3245653115393849,0.4314134745519526,0.8656069264140445,0.846071183056942,0.8842071133204861,ft2,0
test_embed,birads,oracle_mass,density_C,4644,0.023,0.3863731256032782,0.3379570029606165,0.4305266352017299,0.8467476186557604,0.8280597254688308,0.8624685240641107,ft2,0
test_embed,birads,oracle_mass,density_D,642,0.044,0.3524459099761221,0.2702492338430464,0.4638381017652569,0.815940629390656,0.7764550875252226,0.860353530432145,ft2,0
test_embed,birads,oracle_calc,all,11881,0.018,0.3785009067399704,0.3480510285726981,0.4097967355455173,0.8861281279269152,0.8760626866926864,0.8971130123113998,ft2,0
test_embed,birads,oracle_calc,density_A,1547,0.008,0.3075718273860689,0.2620083162449763,0.3672438688932641,0.9125548678093104,0.8932486813910169,0.9326752378806898,ft2,0
test_embed,birads,oracle_calc,density_B,4969,0.012,0.398193010267003,0.3455293384588971,0.4464054418154469,0.9002761614420812,0.8844962249285666,0.9123582824190222,ft2,0
test_embed,birads,oracle_calc,density_C,4644,0.024,0.3758365526244857,0.3320760738921645,0.4144036819851021,0.8909362670032163,0.8771772530199488,0.9036379032287758,ft2,0
test_embed,birads,oracle_calc,density_D,642,0.033,0.3230297407765946,0.2804329240899995,0.3711664299321678,0.8817757957115818,0.8426419014724568,0.9167573760083898,ft2,0
test_embed,birads,oracle_other,all,11881,0.824,0.3224732052947161,0.2913878101181214,0.3542823668485588,0.7665182102727082,0.7509505552182844,0.7827732115124278,ft2,0
test_embed,birads,oracle_other,density_A,1547,0.889,0.250520135970217,0.2246923731531735,0.2739811126206372,0.7773641677721486,0.7212760559226037,0.8390740096803789,ft2,0
test_embed,birads,oracle_other,density_B,4969,0.826,0.3411587266167708,0.2839602382102549,0.3961811434327915,0.7818248910328011,0.7496883715188251,0.8078799302675014,ft2,0
test_embed,birads,oracle_other,density_C,4644,0.816,0.3138746023710999,0.2731387672201474,0.3531095644263496,0.7274819334863449,0.6949535079507583,0.7574386411965426,ft2,0
test_embed,birads,oracle_other,density_D,642,0.785,0.2548183822897673,0.2206960211111746,0.2894129245478898,0.7194767285617467,0.6613489109770136,0.7778004809721415,ft2,0
test_embed_fuji,birads,pred,all,3620,1.0,0.2336525087384824,0.214607287200731,0.2594601781684994,0.718906751313608,0.5997251718915241,0.7631420409757267,ft2,0
test_embed_fuji,birads,pred,density_A,298,1.0,0.2653830227743271,0.2460390196437449,0.5487883106431494,0.6057800060043362,0.4946266037925202,0.6770258441635512,ft2,0
test_embed_fuji,birads,pred,density_B,1631,1.0,0.2630861877592351,0.2255121353517126,0.3705115634769876,0.7147892890291441,0.5687377732462285,0.8322997857340972,ft2,0
test_embed_fuji,birads,pred,density_C,1554,1.0,0.2140785033449766,0.2016893578682794,0.2651721331803704,0.6804287696194861,0.5226074369790136,0.7589600542788043,ft2,0
test_embed_fuji,birads,pred,density_D,131,1.0,0.2457008858780615,0.2134556246534542,0.4556392873496313,0.5919165580182528,0.4223627075351213,0.7093297896008137,ft2,0
test_embed_fuji,birads,oracle,all,3620,0.0,0.4059222313559986,0.3551892546604436,0.5795417059370649,0.9174021032559184,0.8461980677667394,0.9570625966570394,ft2,0
test_embed_fuji,birads,oracle,density_A,298,0.0,0.5779124579124578,0.520464573946797,0.9373132218351145,0.9527674113881012,0.8931929137242759,1.0,ft2,0
test_embed_fuji,birads,oracle,density_B,1631,0.0,0.6213904301652645,0.4575392759333618,0.7746368977568899,0.9044380088371612,0.7377894238603192,0.99437820009629,ft2,0
test_embed_fuji,birads,oracle,density_C,1554,0.0,0.3471342230511397,0.3306865636542399,0.4491858372765112,0.9043191880670618,0.7795908725213848,0.9662956001575048,ft2,0
test_embed_fuji,birads,oracle,density_D,131,0.0,0.8705789369689785,0.6351900377174096,0.973932726617618,1.0,1.0,1.0,ft2,0
test_embed_fuji,birads,oracle_density,all,3620,0.998,0.2312449543233482,0.2124872901139355,0.2582134397243552,0.7203609901339278,0.6020072727082145,0.7672680964606489,ft2,0
test_embed_fuji,birads,oracle_density,density_A,298,1.0,0.2677362712056416,0.2477527151723011,0.5518481961750218,0.6007753108904671,0.4796840689503733,0.6757563043642224,ft2,0
test_embed_fuji,birads,oracle_density,density_B,1631,1.0,0.2541865001201057,0.2210654212123698,0.3579066213213883,0.7234707513744489,0.5743847624138883,0.8380728438726736,ft2,0
test_embed_fuji,birads,oracle_density,density_C,1554,1.0,0.2122095409160931,0.2012245161808984,0.2613146336135841,0.6778167478273164,0.506108220548405,0.7599517819663589,ft2,0
test_embed_fuji,birads,oracle_density,density_D,131,1.0,0.2390819964349376,0.206771940439861,0.4394276813529152,0.5912646675358539,0.4222701149425287,0.7134808829138062,ft2,0
test_embed_fuji,birads,oracle_mass,all,3620,0.004,0.2686769945507444,0.2427777221898135,0.3783515800402097,0.807566279678211,0.7132205129877699,0.8423199568212367,ft2,0
test_embed_fuji,birads,oracle_mass,density_A,298,0.0,0.4105920304486063,0.3713760986775021,0.6806358877529091,0.764282862565134,0.6499500519565234,0.8202821299399327,ft2,0
test_embed_fuji,birads,oracle_mass,density_B,1631,0.004,0.420487256783129,0.3191467565572158,0.5304775816067587,0.8483932313920172,0.7533068183278705,0.9058133145345516,ft2,0
test_embed_fuji,birads,oracle_mass,density_C,1554,0.004,0.2352054126888564,0.2222220357536595,0.307180714550688,0.7600480006219673,0.6302148437976505,0.8228343595130291,ft2,0
test_embed_fuji,birads,oracle_mass,density_D,131,0.008,0.3514472455648926,0.3040306122448979,0.5887677001413734,0.6903520208604954,0.5108485958485958,0.8135643664245359,ft2,0
test_embed_fuji,birads,oracle_calc,all,3620,0.008,0.3335173124785907,0.3126154066574024,0.3840869781592731,0.8727426312589686,0.8003650242154344,0.903901925317915,ft2,0
test_embed_fuji,birads,oracle_calc,density_A,298,0.017,0.3794723969252271,0.3317266548542242,0.7594944160549687,0.8530531429999447,0.7989071889404621,0.9446342403628116,ft2,0
test_embed_fuji,birads,oracle_calc,density_B,1631,0.002,0.3562828715637074,0.3188426221359169,0.4556436462445957,0.8744780057876854,0.7801134112880228,0.943069206545164,ft2,0
test_embed_fuji,birads,oracle_calc,density_C,1554,0.012,0.3138185281400766,0.2958469103921108,0.4000792969378874,0.8840018424607324,0.7964434666982646,0.9289545465690154,ft2,0
test_embed_fuji,birads,oracle_calc,density_D,131,0.008,0.5288600288600289,0.3901288585267114,0.641400400569033,0.9322033898305084,0.85325,0.9818640259197324,ft2,0
test_embed_fuji,birads,oracle_other,all,3620,0.914,0.2281928737028096,0.2067266623975546,0.2630996931033248,0.6906496838300924,0.5632206122556526,0.7436518021389982,ft2,0
test_embed_fuji,birads,oracle_other,density_A,298,0.903,0.3442179630193016,0.3173842181446896,0.5494044383147699,0.4910934605535725,0.4153140347912362,0.5960731169849375,ft2,0
test_embed_fuji,birads,oracle_other,density_B,1631,0.917,0.267183178886052,0.2190581758747311,0.3609130203748369,0.6586121721936058,0.5153533132873435,0.8129898604693998,ft2,0
test_embed_fuji,birads,oracle_other,density_C,1554,0.916,0.2015118295093469,0.1903633622002024,0.2495947212426253,0.6434228852604423,0.4930429012685051,0.7203707106242967,ft2,0
test_embed_fuji,birads,oracle_other,density_D,131,0.901,0.2368686868686869,0.2126667068854568,0.3601230010909003,0.5449804432855281,0.3873762771392082,0.676747782446312,ft2,0
test_embed_ge,malignant,pred,all,324,1.0,0.5455283712551863,0.4832944506749398,0.6035826320224558,0.6507360785150416,0.5897918944925239,0.713283157456565,ft2,0
test_embed_ge,malignant,pred,density_B,101,1.0,0.5777591973244147,0.4578500509561353,0.6905320128051221,0.6324143692564745,0.519377262443439,0.751784090699306,ft2,0
test_embed_ge,malignant,pred,density_C,189,1.0,0.525940594059406,0.4385876683353024,0.5997819140989841,0.6248412496824993,0.5334905041975234,0.7055157541322313,ft2,0
test_embed_ge,malignant,oracle,all,324,0.0,0.5440027573529411,0.4841114901545854,0.5912347434555016,0.6866652442927246,0.625393897785396,0.7373955631833206,ft2,0
test_embed_ge,malignant,oracle,density_B,101,0.0,0.5284780578898226,0.4287127976190476,0.6276353980925499,0.6737677527151212,0.5652303403755868,0.7965095086304103,ft2,0
test_embed_ge,malignant,oracle,density_C,189,0.0,0.5638461538461539,0.4819793200031909,0.6386599345870057,0.6865633731267463,0.596189891037937,0.7669569997397866,ft2,0
test_embed_ge,malignant,oracle_density,all,324,0.991,0.5381051381051382,0.4774540478329216,0.5982507294932571,0.6436099850650736,0.5769834571528942,0.7018849846308141,ft2,0
test_embed_ge,malignant,oracle_density,density_B,101,1.0,0.5777591973244147,0.4578500509561353,0.6905320128051221,0.6278195488721805,0.5139372932967654,0.742969223876482,ft2,0
test_embed_ge,malignant,oracle_density,density_C,189,1.0,0.5127133712660028,0.4345446706240043,0.5804635978242593,0.6216662433324868,0.5358283368751265,0.7029144379400062,ft2,0
test_embed_ge,malignant,oracle_mass,all,324,0.179,0.5741120266851352,0.5195720108525336,0.6276177876394137,0.6990825688073395,0.6341091983550761,0.7498301393728225,ft2,0
test_embed_ge,malignant,oracle_mass,density_B,101,0.228,0.5823662798452715,0.4639088012622687,0.6918992437688679,0.6829573934837092,0.5658749466233084,0.8004881143162393,ft2,0
test_embed_ge,malignant,oracle_mass,density_C,189,0.143,0.5836139169472503,0.503261376610425,0.6721113858604024,0.6808483616967235,0.5823375403801367,0.7543966518231224,ft2,0
test_embed_ge,malignant,oracle_calc,all,324,0.136,0.5209033472240893,0.463018368781937,0.570166916438427,0.6423298485171752,0.5793334168503229,0.7036481339423988,ft2,0
test_embed_ge,malignant,oracle_calc,density_B,101,0.109,0.5496098104793756,0.4385461610158689,0.6598144432057476,0.6119465329991647,0.4905705115212157,0.7293849512069851,ft2,0
test_embed_ge,malignant,oracle_calc,density_C,189,0.159,0.4991690994834942,0.4235332728928855,0.5654727668845316,0.6316992633985268,0.5359023191596184,0.7042917469106083,ft2,0
test_embed_ge,malignant,oracle_other,all,324,0.028,0.5455283712551863,0.4832944506749398,0.6035826320224558,0.6543204608491573,0.590080579415622,0.7297076315733977,ft2,0
test_embed_ge,malignant,oracle_other,density_B,101,0.01,0.5777591973244147,0.4578500509561353,0.6905320128051221,0.6420217209690894,0.5102982954545454,0.7666195462384647,ft2,0
test_embed_ge,malignant,oracle_other,density_C,189,0.016,0.525940594059406,0.4385876683353024,0.5997819140989841,0.6327152654305309,0.5436970179955662,0.7206612067589275,ft2,0
test_embed_ge,birads,pred,all,21363,1.0,0.2897654363298859,0.2749665233456083,0.3073904033736588,0.7531410085755645,0.7275035054684814,0.7723093268752678,ft2,0
test_embed_ge,birads,pred,density_A,1402,1.0,0.2424384942389443,0.2287666842566412,0.2573256106423152,0.8009551366225482,0.6873090578540249,0.8455093180695205,ft2,0
test_embed_ge,birads,pred,density_B,9416,1.0,0.2735219674358332,0.2533809618887925,0.3031441688163792,0.758254958987248,0.724173547121476,0.7945532960349084,ft2,0
test_embed_ge,birads,pred,density_C,9684,1.0,0.3035155450182132,0.2780951858994371,0.3271356627827821,0.7373893690866443,0.7189977244442484,0.7582722974735434,ft2,0
test_embed_ge,birads,pred,density_D,771,1.0,0.2544150189529761,0.2234256239722868,0.3373890317102108,0.6005217888459089,0.548052403824004,0.7326606327010556,ft2,0
test_embed_ge,birads,oracle,all,21363,0.0,0.4071679851012743,0.3855738776774739,0.4287686310337621,0.9139714904790652,0.8963609463840101,0.9257582560229024,ft2,0
test_embed_ge,birads,oracle,density_A,1402,0.0,0.321387295493811,0.2883816683177024,0.3616514731646994,0.9657875210562727,0.9420791315167432,0.9775209291095308,ft2,0
test_embed_ge,birads,oracle,density_B,9416,0.0,0.4095481199470555,0.3737192510482159,0.4532387144340983,0.9454898575296876,0.9256559764984836,0.9622819818209852,ft2,0
test_embed_ge,birads,oracle,density_C,9684,0.0,0.4120161195716728,0.3725225411562006,0.4485564641509209,0.9119004151651527,0.898933067380676,0.924985563424231,ft2,0
test_embed_ge,birads,oracle,density_D,771,0.0,0.3649978065805414,0.3335910779369532,0.5045426152807186,0.8928448830798267,0.8275917540238176,0.930376851853004,ft2,0
test_embed_ge,birads,oracle_density,all,21363,0.996,0.2929086047017785,0.2744237899591373,0.3102751427271968,0.7519677665258786,0.7268151999322794,0.77137208403378,ft2,0
test_embed_ge,birads,oracle_density,density_A,1402,1.0,0.2438907373889545,0.2301128079261425,0.2589420500215021,0.790054320721874,0.672849460228697,0.8359301161189802,ft2,0
test_embed_ge,birads,oracle_density,density_B,9416,1.0,0.2763832733025135,0.2539780082668856,0.3053337806538948,0.7605830630815408,0.7294842381619984,0.7934215576776871,ft2,0
test_embed_ge,birads,oracle_density,density_C,9684,1.0,0.3006707040545527,0.2796733287170048,0.3310486562697458,0.7397984627517445,0.7209886506389989,0.7602655377053091,ft2,0
test_embed_ge,birads,oracle_density,density_D,771,1.0,0.2708053689408586,0.2341072993904051,0.3620532556398918,0.6092763440673552,0.5552550660504084,0.7253683319021609,ft2,0
test_embed_ge,birads,oracle_mass,all,21363,0.016,0.3382908097584317,0.3144855947887554,0.3579060589859137,0.8426397884097586,0.823173913833367,0.8567179415503614,ft2,0
test_embed_ge,birads,oracle_mass,density_A,1402,0.008,0.2735767195767195,0.242514878525109,0.3136172867106506,0.8745469500011603,0.7904777350558445,0.9123582573577124,ft2,0
test_embed_ge,birads,oracle_mass,density_B,9416,0.012,0.339336163423941,0.3109677899321729,0.3751511357706898,0.8583542085916387,0.8320795144158243,0.881578802424169,ft2,0
test_embed_ge,birads,oracle_mass,density_C,9684,0.019,0.3417322648027171,0.3118764354524806,0.3754507966962983,0.8300840299050624,0.8167089114502414,0.8437195252176588,ft2,0
test_embed_ge,birads,oracle_mass,density_D,771,0.038,0.2864901881140061,0.2596488568016346,0.3907720842728358,0.811679028624685,0.7227085154016679,0.8488401902627613,ft2,0
test_embed_ge,birads,oracle_calc,all,21363,0.015,0.3636435832553337,0.3429926356416673,0.3874690311263619,0.8663285964206014,0.8497112999965791,0.8812735652360504,ft2,0
test_embed_ge,birads,oracle_calc,density_A,1402,0.006,0.2929656160458452,0.273993855738657,0.31068514247437,0.8965462521561101,0.8260829816603912,0.9306302513293524,ft2,0
test_embed_ge,birads,oracle_calc,density_B,9416,0.007,0.3517537076342872,0.3205277964894446,0.3938261898002383,0.8746609414124057,0.8501880688482683,0.8985325522832068,ft2,0
test_embed_ge,birads,oracle_calc,density_C,9684,0.023,0.3755377218085977,0.3492952409591763,0.4014485268524492,0.8687779748237847,0.8536371952607956,0.8831533497611177,ft2,0
test_embed_ge,birads,oracle_calc,density_D,771,0.026,0.3304911726386733,0.300538573806507,0.4350844564873893,0.7931829597109209,0.7542836443036585,0.8904550091638084,ft2,0
test_embed_ge,birads,oracle_other,all,21363,0.804,0.2821603168283081,0.2664638412754737,0.2980983567683556,0.7193044379915682,0.6925178858746037,0.7418772775560466,ft2,0
test_embed_ge,birads,oracle_other,density_A,1402,0.842,0.240048355023713,0.2256197665976713,0.2556870832040402,0.7852466006735712,0.6658535295353512,0.8323970018587606,ft2,0
test_embed_ge,birads,oracle_other,density_B,9416,0.838,0.2659056796473217,0.2475348095865004,0.2935601040490645,0.7287003016720928,0.6877154342388667,0.7687164755870177,ft2,0
test_embed_ge,birads,oracle_other,density_C,9684,0.772,0.294670955627119,0.271042131399255,0.3156396229238252,0.6889222948931651,0.6586375147888179,0.7187057525027107,ft2,0
test_embed_ge,birads,oracle_other,density_D,771,0.764,0.2392283732394687,0.2125681411578755,0.3156588921997281,0.5685230645876653,0.516534085118956,0.7080571792857302,ft2,0
test_inbreast,birads,pred,all,410,1.0,0.2705066282134385,0.2295507192789279,0.3110455531836391,0.6834102830061807,0.6572993693557921,0.7178646357417309,ft2,0
test_inbreast,birads,pred,density_A,136,1.0,0.2392234581449252,0.1608976530855251,0.3065504761465715,0.6836157917642396,0.61413118904237,0.7346732838165809,ft2,0
test_inbreast,birads,pred,density_B,146,1.0,0.2547136560320159,0.1996979739317365,0.3203311964845066,0.6485573643454979,0.5921334154609352,0.7211082162760314,ft2,0
test_inbreast,birads,pred,density_C,99,1.0,0.247275723555464,0.1569747393614863,0.325433363094893,0.5894589962449511,0.513474130907167,0.6591881443349678,ft2,0
test_inbreast,birads,pred,density_D,28,1.0,0.3288401253918495,0.149975845410628,0.5049892699892701,0.7467311334498835,0.5642195480722164,0.8597316538465799,ft2,0
test_inbreast,birads,oracle,all,410,0.0,0.5040725064409275,0.4572548974812281,0.5465288440551636,0.8151598726465826,0.7873836790682429,0.8434562559137936,ft2,0
test_inbreast,birads,oracle,density_A,136,0.0,0.5458662267782098,0.4768643959081984,0.6047651470581821,0.8603765634794888,0.8080326322926097,0.9062330849890796,ft2,0
test_inbreast,birads,oracle,density_B,146,0.0,0.4810448324804354,0.4184793632422532,0.6063361671954849,0.8050428604508442,0.7498950000301218,0.8742531940898619,ft2,0
test_inbreast,birads,oracle,density_C,99,0.0,0.4755036496350365,0.3684892473118279,0.5888343599463003,0.7575839138632849,0.6870756004866326,0.8229202175105592,ft2,0
test_inbreast,birads,oracle,density_D,28,0.0,0.4372549019607842,0.2415625,0.5835306778552747,0.7979858682983684,0.5852178030303029,0.9115556117858752,ft2,0
test_inbreast,birads,oracle_density,all,410,0.998,0.264862252593345,0.226504247289606,0.3077352071370547,0.6969090920802161,0.6685077860301928,0.728009661709173,ft2,0
test_inbreast,birads,oracle_density,density_A,136,1.0,0.2740632716920318,0.1955457657055288,0.3487294991893366,0.7278846369374329,0.6701258556833845,0.7794793607777346,ft2,0
test_inbreast,birads,oracle_density,density_B,146,1.0,0.2246559533769943,0.1845955174509771,0.2716138439977226,0.6971074851299892,0.6503217987215283,0.7517255124644519,ft2,0
test_inbreast,birads,oracle_density,density_C,99,1.0,0.2174451229575837,0.1285047526164522,0.2803976561534701,0.6130047446088375,0.5363511416480561,0.6794316895812701,ft2,0
test_inbreast,birads,oracle_density,density_D,28,1.0,0.3288401253918495,0.149975845410628,0.5049892699892701,0.7402207167832168,0.5047508927935284,0.8640230373945909,ft2,0
test_inbreast,birads,oracle_mass,all,410,0.0,0.3115894604160272,0.2653166963747932,0.3693250286425602,0.6930481033873208,0.6634767859665417,0.7258745357063119,ft2,0
test_inbreast,birads,oracle_mass,density_A,136,0.0,0.3033713075914911,0.228863184546819,0.3796052359944413,0.6762583465799521,0.6281760285249404,0.7232693975778508,ft2,0
test_inbreast,birads,oracle_mass,density_B,146,0.0,0.328789344750177,0.2131622146806138,0.4540835576647967,0.6807428606012074,0.6056763814857716,0.7524496927963854,ft2,0
test_inbreast,birads,oracle_mass,density_C,99,0.0,0.275129234888271,0.163040021418878,0.3897624504469803,0.6073839366194185,0.5390825285115405,0.6805842541000715,ft2,0
test_inbreast,birads,oracle_mass,density_D,28,0.0,0.2180555555555555,0.075,0.3664751552795031,0.7504188519813519,0.6082332126763517,0.8534838833041959,ft2,0
test_inbreast,birads,oracle_calc,all,410,0.0,0.4754363170493745,0.4354851317666214,0.5158936552275256,0.8058332543286089,0.7744107720011163,0.8412982312365074,ft2,0
test_inbreast,birads,oracle_calc,density_A,136,0.0,0.4590474981885763,0.3987767157587587,0.523001470692599,0.8664676710934742,0.8115397605082465,0.9171845085213848,ft2,0
test_inbreast,birads,oracle_calc,density_B,146,0.0,0.4874981966030559,0.4230197947509275,0.552486019514671,0.7531300697408895,0.7110794539949846,0.8703455650825698,ft2,0
test_inbreast,birads,oracle_calc,density_C,99,0.0,0.4236363636363636,0.3214879707341488,0.5006212639038189,0.7293791892345766,0.6534039249284375,0.8108485719113607,ft2,0
test_inbreast,birads,oracle_calc,density_D,28,0.0,0.5583333333333333,0.3455187438766565,0.6572120334620335,0.82421875,0.6656242750018929,0.9255155506519924,ft2,0
test_inbreast,birads,oracle_other,all,410,1.0,0.2808754578754578,0.239822319985797,0.3219731048586891,0.6748697334508981,0.6484830291739593,0.7075626580017013,ft2,0
test_inbreast,birads,oracle_other,density_A,136,1.0,0.2640206702322817,0.1825265721750527,0.341674365869422,0.6813702902901397,0.6108160864564597,0.7321003081907156,ft2,0
test_inbreast,birads,oracle_other,density_B,146,1.0,0.2534064664895322,0.1996979739317365,0.3364940067268413,0.6301156050211808,0.5738361121198622,0.7020255406973369,ft2,0
test_inbreast,birads,oracle_other,density_C,99,1.0,0.2602118748460212,0.1666219870484576,0.3545809256050157,0.5670087029394766,0.504312784099402,0.632455107211376,ft2,0
test_inbreast,birads,oracle_other,density_D,28,1.0,0.3288401253918495,0.149975845410628,0.5049892699892701,0.7429432546620047,0.5015650365548063,0.8577917352255588,ft2,0
test_vindr,birads,pred,all,2000,1.0,0.3032750753940345,0.2528207694444053,0.3515675311272972,0.722420633337886,0.698514125973522,0.7468264233875028,ft2,0
test_vindr,birads,pred,density_B,190,1.0,0.3507617985878856,0.2205181506985631,0.4506721337082162,0.7055908112662337,0.608905369929229,0.8053019654203641,ft2,0
test_vindr,birads,pred,density_C,1530,1.0,0.2999316100453387,0.2427718118881668,0.3416796283256446,0.7303724580997292,0.6956700463936165,0.7584987962850019,ft2,0
test_vindr,birads,pred,density_D,270,1.0,0.2147468878912332,0.1659930070966117,0.3506182798176495,0.7441750499717884,0.6174952743329857,0.802976264484536,ft2,0
test_vindr,birads,oracle,all,2000,0.0,0.3167448477294759,0.2693449918918302,0.363716624659061,0.7757840674512493,0.7602052335424452,0.7910307186364685,ft2,0
test_vindr,birads,oracle,density_B,190,0.0,0.3785954785954786,0.2318209350988216,0.4737895492575295,0.7586523702467058,0.6780108927029292,0.8077525298822088,ft2,0
test_vindr,birads,oracle,density_C,1530,0.0,0.3077366255144033,0.2581928116344998,0.3531660810666143,0.7778109491502401,0.7607913996817881,0.7917195836026474,ft2,0
test_vindr,birads,oracle,density_D,270,0.0,0.2347154568135915,0.1737867524103465,0.3531354801112867,0.8025491268700087,0.7464369539027028,0.8068468494219373,ft2,0
test_vindr,birads,oracle_density,all,2000,1.0,0.3000324322326324,0.2522481709434579,0.3425124295673661,0.7347340780957217,0.7097102955025919,0.7562671536738135,ft2,0
test_vindr,birads,oracle_density,density_B,190,1.0,0.3507617985878855,0.2159745208688762,0.4495248427371715,0.7475108722713142,0.653131332215668,0.8355008334854525,ft2,0
test_vindr,birads,oracle_density,density_C,1530,1.0,0.2984092390164935,0.2385424623773002,0.3383894098773109,0.7522285115839213,0.727356958380783,0.7748526087959597,ft2,0
test_vindr,birads,oracle_density,density_D,270,1.0,0.2118974984746797,0.1659930070966117,0.3417078498422159,0.7464272466486219,0.6138361195310467,0.806272169961791,ft2,0
test_vindr,birads,oracle_mass,all,2000,0.0,0.3256875101545284,0.2832050124878954,0.3753278787246138,0.7581125802916104,0.738200398114341,0.7731775727619072,ft2,0
test_vindr,birads,oracle_mass,density_B,190,0.0,0.337037037037037,0.2098342592410614,0.4370168970814131,0.7139728017145484,0.6181826171660691,0.804076219756919,ft2,0
test_vindr,birads,oracle_mass,density_C,1530,0.0,0.3197792052910785,0.2628829563284983,0.368423570210132,0.765627602438592,0.7474004001764463,0.7815020605033022,ft2,0
test_vindr,birads,oracle_mass,density_D,270,0.0,0.240780678811239,0.1780531462250027,0.3612196239533863,0.753256684384077,0.6223147557861742,0.7955684003226464,ft2,0
test_vindr,birads,oracle_calc,all,2000,0.0,0.2961488483515104,0.2482402206495663,0.3455120325368645,0.7282207297190203,0.7045282655534016,0.753650457707283,ft2,0
test_vindr,birads,oracle_calc,density_B,190,0.0,0.3618729096989966,0.2235899291276225,0.4595781813862659,0.7037220083101723,0.6092700711629089,0.802816642086526,ft2,0
test_vindr,birads,oracle_calc,density_C,1530,0.0,0.2901259442064293,0.2385358701700299,0.3339407559777128,0.73677922832005,0.7052250939785368,0.7672882594387896,ft2,0
test_vindr,birads,oracle_calc,density_D,270,0.0,0.2126132449470332,0.1625246443142046,0.3500306033241889,0.7518841741481885,0.6487468891461142,0.8032045290079971,ft2,0
test_vindr,birads,oracle_other,all,2000,1.0,0.3218771081424729,0.2696829542968075,0.3683308887314213,0.7432742680510015,0.7197107887374171,0.7644384590071724,ft2,0
test_vindr,birads,oracle_other,density_B,190,1.0,0.4183958226331107,0.2672204024509361,0.546670878403867,0.7370640374251838,0.6528418679750467,0.8125987207280964,ft2,0
test_vindr,birads,oracle_other,density_C,1530,1.0,0.3177357778495066,0.2601599839857499,0.3577976251865399,0.7531201649447107,0.7272130121770161,0.7739788464391207,ft2,0
test_vindr,birads,oracle_other,density_D,270,1.0,0.2147468878912332,0.1659930070966117,0.3506182798176495,0.7583831345503731,0.6491794811579953,0.8126976509772299,ft2,0
val,malignant,pred,all,356,1.0,0.6604090354090355,0.6042655866798179,0.710153177592827,0.6991101223581757,0.6331289192807265,0.752466723077855,ft2,0
val,malignant,pred,density_A,38,1.0,0.8509803921568628,0.7086622042912158,0.9689130060292852,0.9077380952380952,0.8153559523809524,1.0,ft2,0
val,malignant,pred,density_B,114,1.0,0.6529823118058412,0.5745000278368371,0.7246542692509167,0.6647727272727273,0.5693772355441988,0.7596684027538411,ft2,0
val,malignant,pred,density_C,162,1.0,0.6375047754188725,0.5482255717269227,0.7327686942000022,0.5969610636277303,0.4920496940890211,0.7001098194651345,ft2,0
val,malignant,pred,density_D,40,1.0,0.5238095238095238,0.3682676813547404,0.6677551020408163,0.7552083333333333,0.5801249999999999,0.8782663690476191,ft2,0
val,malignant,oracle,all,356,0.0,0.6910188679245283,0.6400294680258902,0.7367956773803571,0.764599555061179,0.7059828444184264,0.8243760904363705,ft2,0
val,malignant,oracle,density_A,38,0.0,0.7817883511074651,0.6170570008556501,0.9277777777777778,0.9196428571428572,0.8144735720375106,0.9966379310344828,ft2,0
val,malignant,oracle,density_B,114,0.0,0.6933235509904623,0.6101667406092872,0.7655015965357361,0.72885101010101,0.6369961402529762,0.8095501667200161,ft2,0
val,malignant,oracle,density_C,162,0.0,0.6672432432432432,0.5738376924311005,0.7544469491947622,0.72326685660019,0.6335251289193774,0.8059977712408986,ft2,0
val,malignant,oracle,density_D,40,0.0,0.636617749825297,0.4783862396633294,0.7571336413660774,0.796875,0.651146645021645,0.9044343171296296,ft2,0
val,malignant,oracle_density,all,356,0.994,0.6536172161172161,0.5969425093855795,0.708784340511974,0.7040461624026695,0.6387242106300093,0.7586156835311022,ft2,0
val,malignant,oracle_density,density_A,38,1.0,0.8509803921568628,0.7086622042912158,0.9689130060292852,0.8898809523809523,0.7726757575757576,1.0,ft2,0
val,malignant,oracle_density,density_B,114,1.0,0.663937111038323,0.5836736216340535,0.7267614831590635,0.6619318181818181,0.5751143220069863,0.763504995511374,ft2,0
val,malignant,oracle_density,density_C,162,1.0,0.6198220815368662,0.5280156538003129,0.7105553363449828,0.6159544159544159,0.5124983003108002,0.7018874711488348,ft2,0
val,malignant,oracle_density,density_D,40,1.0,0.4813119755911518,0.3560041407867495,0.6120235585110697,0.7578125,0.5864295112781954,0.8900023496240601,ft2,0
val,malignant,oracle_mass,all,356,0.315,0.6910188679245283,0.6377166116428346,0.7357049513743475,0.7473581757508342,0.6965711058611389,0.8016927806260719,ft2,0
val,malignant,oracle_mass,density_A,38,0.526,0.8509803921568628,0.7186552067306057,0.9676542296227774,0.9404761904761904,0.857488952020202,1.0,ft2,0
val,malignant,oracle_mass,density_B,114,0.36,0.6607142857142857,0.5801027882417336,0.7451169106140109,0.7051767676767676,0.615086275426701,0.7934766473318403,ft2,0
val,malignant,oracle_mass,density_C,162,0.241,0.6790361445783133,0.5957217737638534,0.7667597661755864,0.664957264957265,0.5483258637179622,0.7610881015311812,ft2,0
val,malignant,oracle_mass,density_D,40,0.275,0.636617749825297,0.4783862396633294,0.7571336413660774,0.8072916666666667,0.6396918299092212,0.9074754901960784,ft2,0
val,malignant,oracle_calc,all,356,0.242,0.6764719950255895,0.6180270857439144,0.7244334189088771,0.7162124582869855,0.6449229274524471,0.7759682621729828,ft2,0
val,malignant,oracle_calc,density_A,38,0.079,0.8509803921568628,0.7086622042912158,0.9689130060292852,0.8988095238095237,0.8038959931798807,0.980667493796526,ft2,0
val,malignant,oracle_calc,density_B,114,0.246,0.6853896103896104,0.6018784503936294,0.7627959423205902,0.689709595959596,0.6091649369149369,0.7836654974489796,ft2,0
val,malignant,oracle_calc,density_C,162,0.241,0.640920716112532,0.5480298248969356,0.7339654044211218,0.6537511870845204,0.566826130089717,0.7536094681581716,ft2,0
val,malignant,oracle_calc,density_D,40,0.4,0.5238095238095238,0.3682676813547404,0.6677551020408163,0.7447916666666666,0.5788308270676692,0.8864267676767676,ft2,0
val,malignant,oracle_other,all,356,0.022,0.6604090354090355,0.6042655866798179,0.710153177592827,0.6984496662958843,0.6319238173744833,0.7526367316505811,ft2,0
val,malignant,oracle_other,density_A,38,0.0,0.8509803921568628,0.7086622042912158,0.9689130060292852,0.8988095238095238,0.7925988652551152,1.0,ft2,0
val,malignant,oracle_other,density_B,114,0.018,0.6529823118058412,0.5745000278368371,0.7246542692509167,0.6742424242424242,0.5853817470571346,0.7742822400082354,ft2,0
val,malignant,oracle_other,density_C,162,0.031,0.6375047754188725,0.5482255717269227,0.7327686942000022,0.5912630579297246,0.4827028474734507,0.6926062063891518,ft2,0
val,malignant,oracle_other,density_D,40,0.025,0.5238095238095238,0.3682676813547404,0.6677551020408163,0.75,0.5819017857142856,0.8861302790346909,ft2,0
val,birads,pred,all,9182,1.0,0.3953634568373014,0.3670055766539231,0.4247528493549042,0.7989214445548004,0.7817149464698436,0.8135396583183734,ft2,0
val,birads,pred,density_A,1031,1.0,0.4321580982777701,0.3487481999325569,0.5076592091713275,0.8376082716848139,0.7727116096587983,0.8841404869522244,ft2,0
val,birads,pred,density_B,3388,1.0,0.4040342398365369,0.357096392088536,0.4405542102681049,0.8254476946438064,0.8050716074006257,0.8522622436366968,ft2,0
val,birads,pred,density_C,4050,1.0,0.3739721561754404,0.3285147287046591,0.4217668406677498,0.7598148288477498,0.7329366809235053,0.7850812623257681,ft2,0
val,birads,pred,density_D,669,1.0,0.3498731063999296,0.3136552635955518,0.3856968193097567,0.806091520232869,0.7640154004299738,0.8385958142606578,ft2,0
val,birads,oracle,all,9182,0.0,0.4705059554231541,0.4457300117781179,0.5004324780349302,0.9089318923194322,0.8980972562157085,0.9174905663764346,ft2,0
val,birads,oracle,density_A,1031,0.0,0.4556302093682629,0.3689681459040408,0.5320831942639711,0.9442505539012604,0.8837188815167081,0.9768572748662768,ft2,0
val,birads,oracle,density_B,3388,0.0,0.4712526519251468,0.4203119785041863,0.5129063985735456,0.9403926433279424,0.9237240674120938,0.9552927640001728,ft2,0
val,birads,oracle,density_C,4050,0.0,0.4520393753835638,0.4152767275890599,0.4871368463628627,0.8805480419625308,0.8658566683010394,0.8951936134052434,ft2,0
val,birads,oracle,density_D,669,0.0,0.5490786517388779,0.3987716564375696,0.6282147298145455,0.9028638626837772,0.8724289460253376,0.9279935829482294,ft2,0
val,birads,oracle_density,all,9182,0.995,0.3930228733245423,0.3649821024914569,0.4216479150951169,0.7964779512230595,0.7790740454975976,0.811257011274857,ft2,0
val,birads,oracle_density,density_A,1031,1.0,0.4325480121231075,0.3501334464714463,0.508668841834494,0.8368303349929629,0.7740602187913558,0.8835627499827925,ft2,0
val,birads,oracle_density,density_B,3388,1.0,0.4056332569890848,0.3583749243469508,0.4388441104826688,0.8278662376608436,0.808182900008942,0.8553770922130557,ft2,0
val,birads,oracle_density,density_C,4050,1.0,0.364712474647699,0.3203899810853685,0.4095559464901547,0.7568421468989511,0.7300305736697557,0.7823243774947899,ft2,0
val,birads,oracle_density,density_D,669,1.0,0.3525637884677021,0.3146285084527593,0.4027074012980211,0.7999858158283166,0.7580836596202711,0.8357271238383049,ft2,0
val,birads,oracle_mass,all,9182,0.028,0.445353940003996,0.417470780993843,0.4713068951068872,0.8531193828931395,0.8415249770951081,0.8660093297082947,ft2,0
val,birads,oracle_mass,density_A,1031,0.027,0.4364349256320793,0.3588032541539495,0.5004036562910933,0.898199646938006,0.8592779756376343,0.9303345441248854,ft2,0
val,birads,oracle_mass,density_B,3388,0.025,0.4370921689489367,0.3921752297587134,0.4796174459846891,0.8859836811431304,0.871379928294308,0.9025093814850308,ft2,0
val,birads,oracle_mass,density_C,4050,0.028,0.4351842698069966,0.3935149557005254,0.476965809954326,0.8094206606855469,0.7907215084181208,0.8307357234391464,ft2,0
val,birads,oracle_mass,density_D,669,0.039,0.5060815605290898,0.3717021709521077,0.5840217475636277,0.8395625437261268,0.7979007922640378,0.8692899161787476,ft2,0
val,birads,oracle_calc,all,9182,0.023,0.4363515429811516,0.4101920040412527,0.4638888246587819,0.8850653878634999,0.8736742901533214,0.89507009138512,ft2,0
val,birads,oracle_calc,density_A,1031,0.007,0.4567229860683585,0.3707270578690734,0.531167617127856,0.919496350559406,0.8907353995596073,0.9449307813072166,ft2,0
val,birads,oracle_calc,density_B,3388,0.02,0.4545143001305746,0.4068363462571053,0.4972341046597966,0.9105084909890684,0.8980601025214292,0.926235843164966,ft2,0
val,birads,oracle_calc,density_C,4050,0.024,0.4098428162161825,0.3612474650529127,0.4520340238188961,0.869912973640272,0.8523285697733114,0.8885748553671264,ft2,0
val,birads,oracle_calc,density_D,669,0.052,0.3920838359652913,0.3469683902620356,0.4329807803645537,0.9039039822943504,0.8765992207993553,0.9305621121406912,ft2,0
val,birads,oracle_other,all,9182,0.83,0.3873485369660724,0.3608865560498205,0.41698218740493,0.7831895218657475,0.7658511870282011,0.7989049656034017,ft2,0
val,birads,oracle_other,density_A,1031,0.835,0.4226200927173524,0.3407924979290118,0.5016475727074122,0.8189641599786665,0.7310629274416027,0.8737894920666224,ft2,0
val,birads,oracle_other,density_B,3388,0.821,0.3995974673877856,0.3523614972507189,0.4366448813333993,0.8073997810294387,0.7827742298301772,0.8377832404814345,ft2,0
val,birads,oracle_other,density_C,4050,0.846,0.3642562130477597,0.3212227687557644,0.4129352826475934,0.7340095888511824,0.7000709469219861,0.7643066713818948,ft2,0
val,birads,oracle_other,density_D,669,0.797,0.3381841580310945,0.3020727825933284,0.3724983983213783,0.7943643144513549,0.749988009792345,0.8270002509791893,ft2,0
test_cbis_ddsm,malignant,pred,all,369,1.0,0.6348355990089064,0.5808883945861675,0.6758459076385289,0.6915777346592287,0.6396485495313079,0.7448442112578747,ft2,1
test_cbis_ddsm,malignant,pred,density_A,38,1.0,0.602787456445993,0.4373317307692307,0.7693431803896921,0.7619047619047621,0.5737690449646972,0.9335863095238096,ft2,1
test_cbis_ddsm,malignant,pred,density_B,145,1.0,0.6743130227001195,0.6023839608660054,0.7603385000338135,0.7248348231636222,0.6331934244764775,0.8176756459636455,ft2,1
test_cbis_ddsm,malignant,pred,density_C,112,1.0,0.6435740514075887,0.5571402186761228,0.7373540464889863,0.6983485001685205,0.6018934499772846,0.8046922637195122,ft2,1
test_cbis_ddsm,malignant,pred,density_D,73,1.0,0.5472868217054263,0.4558401077822433,0.6645240724188094,0.5830792682926829,0.4640637724819523,0.7533935236454616,ft2,1
test_cbis_ddsm,malignant,oracle,all,369,0.0,0.6631814787154593,0.6154547689343373,0.7131393629539765,0.731203007518797,0.6844595742865346,0.784697758366505,ft2,1
test_cbis_ddsm,malignant,oracle,density_A,38,0.0,0.7301136363636364,0.5699552423236635,0.8612542386124328,0.761904761904762,0.6153010033444817,0.9011261140819964,ft2,1
test_cbis_ddsm,malignant,oracle,density_B,145,0.0,0.6597385182701978,0.5778865657256488,0.7412539954542888,0.7364943645549942,0.647067994811561,0.8188935791241891,ft2,1
test_cbis_ddsm,malignant,oracle,density_C,112,0.0,0.7005347593582887,0.5969368646334938,0.770409049549177,0.7735085945399395,0.6792346292947559,0.852047174247606,ft2,1
test_cbis_ddsm,malignant,oracle,density_D,73,0.0,0.5591787439613527,0.4423283115066414,0.6859592490842491,0.6227134146341464,0.5069619932612544,0.7623845759233927,ft2,1
test_cbis_ddsm,malignant,oracle_density,all,369,0.997,0.6423778851315083,0.5789260359316141,0.6862795618409899,0.6901831190880426,0.6375852162056875,0.7447997825131114,ft2,1
test_cbis_ddsm,malignant,oracle_density,density_A,38,1.0,0.6305555555555555,0.4864488664488665,0.8083048703352308,0.755952380952381,0.5855313843764931,0.9367619047619048,ft2,1
test_cbis_ddsm,malignant,oracle_density,density_B,145,1.0,0.6588890489221758,0.5816686351139575,0.7404959071221914,0.7201710066070734,0.627362045894847,0.8091115909229442,ft2,1
test_cbis_ddsm,malignant,oracle_density,density_C,112,1.0,0.6636090591768813,0.5778311186720158,0.7427015640287465,0.7087967644084934,0.6148893381008363,0.7993792393410853,ft2,1
test_cbis_ddsm,malignant,oracle_density,density_D,73,1.0,0.5709247648902821,0.470944492513279,0.6908153555707347,0.6021341463414633,0.4888396317829457,0.7787093772694264,ft2,1
test_cbis_ddsm,malignant,oracle_mass,all,369,0.512,0.6795148247978436,0.6304787533480372,0.7205288787680807,0.728413776376425,0.6749523980367276,0.7787290487672299,ft2,1
test_cbis_ddsm,malignant,oracle_mass,density_A,38,0.632,0.7246376811594203,0.5621875000000001,0.8510612803040839,0.7529761904761905,0.5961309523809525,0.88775244404425,ft2,1
test_cbis_ddsm,malignant,oracle_mass,density_B,145,0.593,0.6887075998282525,0.6011041233185817,0.7705988029796068,0.7415468324912553,0.6491910595185769,0.8243929280756016,ft2,1
test_cbis_ddsm,malignant,oracle_mass,density_C,112,0.509,0.7087003943283833,0.6078716787511865,0.7810257338640099,0.74654533198517,0.6424247175125138,0.8330882500200273,ft2,1
test_cbis_ddsm,malignant,oracle_mass,density_D,73,0.301,0.5794930875576036,0.4673651423877327,0.6853448275862069,0.6280487804878049,0.5018750462318519,0.7593497474747476,ft2,1
test_cbis_ddsm,malignant,oracle_calc,all,369,0.374,0.6273034018898557,0.5711863163172035,0.6773650242918096,0.6946701430996848,0.639626813267291,0.7589362497657074,ft2,1
test_cbis_ddsm,malignant,oracle_calc,density_A,38,0.211,0.602787456445993,0.4373317307692307,0.7693431803896921,0.7559523809523809,0.5597959866220735,0.9203630952380952,ft2,1
test_cbis_ddsm,malignant,oracle_calc,density_B,145,0.283,0.666283084004603,0.5909783978104032,0.7468415912445763,0.7261951029926156,0.637416765298646,0.8197912916829703,ft2,1
test_cbis_ddsm,malignant,oracle_calc,density_C,112,0.375,0.6414676188131002,0.5571602161764354,0.7264988161754639,0.716885743174924,0.6271899531013035,0.8102017195767196,ft2,1
test_cbis_ddsm,malignant,oracle_calc,density_D,73,0.63,0.5251330573625074,0.4276085418165485,0.6554466714365899,0.5769817073170731,0.4647309285950329,0.7538987214094972,ft2,1
test_cbis_ddsm,malignant,oracle_other,all,369,0.0,0.6348355990089064,0.5808883945861675,0.6758459076385289,0.6913958282803784,0.6396134396914477,0.7448998960152762,ft2,1
test_cbis_ddsm,malignant,oracle_other,density_A,38,0.0,0.602787456445993,0.4373317307692307,0.7693431803896921,0.7619047619047621,0.5737690449646972,0.9335863095238096,ft2,1
test_cbis_ddsm,malignant,oracle_other,density_B,145,0.0,0.6743130227001195,0.6023839608660054,0.7603385000338135,0.7244461717839098,0.6331652554623931,0.8176756459636455,ft2,1
test_cbis_ddsm,malignant,oracle_other,density_C,112,0.0,0.6435740514075887,0.5571402186761228,0.7373540464889863,0.6980114593865857,0.6017577775791167,0.8043748809070123,ft2,1
test_cbis_ddsm,malignant,oracle_other,density_D,73,0.0,0.5472868217054263,0.4558401077822433,0.6645240724188094,0.5830792682926829,0.4640637724819523,0.7533935236454616,ft2,1
test_cbis_ddsm,birads,pred,all,344,1.0,0.3654911086579119,0.3270448125141035,0.4925868660603688,0.6810071853902407,0.6521583755379172,0.771325220653493,ft2,1
test_cbis_ddsm,birads,pred,density_A,38,1.0,0.4959967568663221,0.3109495698579281,0.5881830533596839,0.7982871631057116,0.7002650264125205,0.8918255512226301,ft2,1
test_cbis_ddsm,birads,pred,density_B,133,1.0,0.3620753932452046,0.3049981538786417,0.4964999450934886,0.6644030488024782,0.6104577452280002,0.7690042010114602,ft2,1
test_cbis_ddsm,birads,pred,density_C,101,1.0,0.452639751552795,0.3352374643077635,0.5403775684495532,0.7477307681002503,0.6637514801547516,0.8260926969160705,ft2,1
test_cbis_ddsm,birads,pred,density_D,71,1.0,0.2824871914299022,0.208981661572659,0.360093567251462,0.5964420154262422,0.4781658432007649,0.7216090184622168,ft2,1
test_cbis_ddsm,birads,oracle,all,344,0.0,0.3944865692145737,0.3543548429778202,0.5291283074239613,0.6909485386479864,0.6600930451380679,0.8044181562099859,ft2,1
test_cbis_ddsm,birads,oracle,density_A,38,0.0,0.5431848852901484,0.3767814229350276,0.6297448513818483,0.8191896645021645,0.7226364213736012,0.8917964156935929,ft2,1
test_cbis_ddsm,birads,oracle,density_B,133,0.0,0.4149121604734224,0.3444316839339978,0.5691696161576298,0.6862072205959413,0.6332397553932136,0.8237042591894875,ft2,1
test_cbis_ddsm,birads,oracle,density_C,101,0.0,0.4706666096671226,0.3757398980968834,0.546926673929141,0.7990932179953443,0.7342133596469043,0.8521937564749044,ft2,1
test_cbis_ddsm,birads,oracle,density_D,71,0.0,0.3,0.2179594718518944,0.3708658926883753,0.6443523365887573,0.5182383174015346,0.7334997786103492,ft2,1
test_cbis_ddsm,birads,oracle_density,all,344,0.997,0.3810003520900481,0.3415975083683197,0.5129029580778317,0.6735998431894863,0.6423249093565936,0.7646780176740081,ft2,1
test_cbis_ddsm,birads,oracle_density,density_A,38,1.0,0.5222719522591646,0.3581590045928281,0.6315967177651961,0.7973873236978075,0.7041718108246218,0.886152515394714,ft2,1
test_cbis_ddsm,birads,oracle_density,density_B,133,1.0,0.3708222323402353,0.3020323507726227,0.5060552447779879,0.6553703847663803,0.6050005558886915,0.7628753793527354,ft2,1
test_cbis_ddsm,birads,oracle_density,density_C,101,1.0,0.4753325106266283,0.3749588222450065,0.5712824467129244,0.7340889229399163,0.6527947088567522,0.8105292200083816,ft2,1
test_cbis_ddsm,birads,oracle_density,density_D,71,1.0,0.3049568965517241,0.2198873633572926,0.390462559657294,0.5847484984137024,0.4402938210171925,0.7186184185024473,ft2,1
test_cbis_ddsm,birads,oracle_mass,all,344,0.497,0.3825866281461357,0.3486648346340419,0.5124381079638308,0.699781977789407,0.6693070022935139,0.8115614602842997,ft2,1
test_cbis_ddsm,birads,oracle_mass,density_A,38,0.632,0.5521938942991574,0.3850033306005329,0.6408103797074386,0.8442924347158218,0.741539191100823,0.9149949686571408,ft2,1
test_cbis_ddsm,birads,oracle_mass,density_B,133,0.586,0.4003895452918009,0.3359581836036691,0.5419406646651712,0.6906011585921524,0.6339236402212123,0.8168582287885838,ft2,1
test_cbis_ddsm,birads,oracle_mass,density_C,101,0.465,0.4524798900106705,0.3584977747576039,0.5342538509595197,0.7877631970367448,0.7117286446059623,0.8552411672023197,ft2,1
test_cbis_ddsm,birads,oracle_mass,density_D,71,0.31,0.2970729576234163,0.2185757448625095,0.3642876805376805,0.6052995548577853,0.4928248133419611,0.7357745703945185,ft2,1
test_cbis_ddsm,birads,oracle_calc,all,344,0.381,0.3482509512370465,0.3095039379412115,0.4637224974376405,0.6781269929976725,0.6482996311617847,0.772829085670842,ft2,1
test_cbis_ddsm,birads,oracle_calc,density_A,38,0.211,0.4664502164502164,0.2610763888888888,0.5640082282913166,0.7755448348694316,0.6797730453667955,0.8688528107116054,ft2,1
test_cbis_ddsm,birads,oracle_calc,density_B,133,0.278,0.3372943808813494,0.2803918390879014,0.4751983832287167,0.6722821361939104,0.6107291191440135,0.7823789916333849,ft2,1
test_cbis_ddsm,birads,oracle_calc,density_C,101,0.406,0.4569178420503814,0.3490495100363521,0.5419637690145503,0.7735231690848161,0.7052302985100303,0.8317588242885818,ft2,1
test_cbis_ddsm,birads,oracle_calc,density_D,71,0.62,0.275375939849624,0.1999827981651376,0.3656617844304952,0.6348887897452887,0.5016764041516695,0.7279378546763104,ft2,1
test_cbis_ddsm,birads,oracle_other,all,344,0.0,0.3654911086579119,0.3270448125141035,0.4925868660603688,0.6803417190493478,0.6513557287769943,0.771120730604493,ft2,1
test_cbis_ddsm,birads,oracle_other,density_A,38,0.0,0.4959967568663221,0.3109495698579281,0.5881830533596839,0.7982871631057116,0.7002650264125205,0.8918255512226301,ft2,1
test_cbis_ddsm,birads,oracle_other,density_B,133,0.0,0.3620753932452046,0.3049981538786417,0.4964999450934886,0.6639456005297832,0.6101874519456407,0.7687890772805954,ft2,1
test_cbis_ddsm,birads,oracle_other,density_C,101,0.0,0.452639751552795,0.3352374643077635,0.5403775684495532,0.7444351323037178,0.6625073856648513,0.8252687216662496,ft2,1
test_cbis_ddsm,birads,oracle_other,density_D,71,0.0,0.2824871914299022,0.208981661572659,0.360093567251462,0.5964420154262422,0.4781658432007649,0.7216090184622168,ft2,1
test_cdd_cesm,malignant,pred,all,566,1.0,0.7251673105748728,0.6835461452521867,0.7627818709002466,0.73993065958995,0.6844724659398572,0.7920147722158565,ft2,1
test_cdd_cesm,malignant,pred,density_B,183,1.0,0.7458333333333333,0.6692610548678578,0.8028440951473197,0.728472407358038,0.6248162234508825,0.826098995996735,ft2,1
test_cdd_cesm,malignant,pred,density_C,295,1.0,0.7427650088020927,0.6818540707435906,0.7933382951951017,0.784536303276933,0.716776461095895,0.8430349077715042,ft2,1
test_cdd_cesm,malignant,pred,density_D,36,1.0,0.5764705882352942,0.4126268540202966,0.7201481481481482,0.6266233766233766,0.3776021080368906,0.8282400568181819,ft2,1
test_cdd_cesm,malignant,oracle,all,566,0.011,0.6866991468240353,0.6334508629762207,0.7356906365802539,0.8932286093395541,0.8563722047843448,0.927566436114206,ft2,1
test_cdd_cesm,malignant,oracle,density_B,183,0.016,0.7347826086956522,0.6578097781191483,0.7962683612255768,0.9378832311383632,0.8811290943821186,0.9772991204592948,ft2,1
test_cdd_cesm,malignant,oracle,density_C,295,0.007,0.6725052423831257,0.603011557172427,0.7311237419702079,0.9141411437138572,0.8774696448355012,0.9488588405715932,ft2,1
test_cdd_cesm,malignant,oracle,density_D,36,0.028,0.5178571428571428,0.339614218328841,0.7070977443609023,0.8831168831168831,0.71581907747425,1.0,ft2,1
test_cdd_cesm,malignant,oracle_density,all,566,0.915,0.731254228172127,0.6882732387345609,0.7692647769418035,0.7476066144473456,0.6951123026917342,0.7975687849247907,ft2,1
test_cdd_cesm,malignant,oracle_density,density_B,183,1.0,0.7630977764240023,0.6927599669684447,0.8233266972797023,0.74673420421221,0.6494169897965866,0.8332808964791808,ft2,1
test_cdd_cesm,malignant,oracle_density,density_C,295,1.0,0.7427650088020927,0.6818540707435906,0.7933382951951017,0.7928357249946456,0.725992797213368,0.851194376837436,ft2,1
test_cdd_cesm,malignant,oracle_density,density_D,36,1.0,0.5764705882352942,0.4126268540202966,0.7201481481481482,0.6590909090909091,0.4125852272727273,0.8437867132867133,ft2,1
test_cdd_cesm,malignant,oracle_mass,all,566,0.309,0.7714958775029446,0.7320177956333526,0.8117715975301503,0.8266775100229709,0.7772778829225075,0.8681875821003137,ft2,1
test_cdd_cesm,malignant,oracle_mass,density_B,183,0.388,0.831112259588763,0.7752520031138452,0.890822358794264,0.8750999733404425,0.8038960368144252,0.9309555467658528,ft2,1
test_cdd_cesm,malignant,oracle_mass,density_C,295,0.281,0.7524719896020138,0.6896923229000435,0.8009060121286338,0.8344399228956949,0.7864123508504697,0.8836516407868735,ft2,1
test_cdd_cesm,malignant,oracle_mass,density_D,36,0.278,0.6296296296296295,0.4223441999177293,0.7819804844350418,0.7954545454545454,0.619890873015873,0.9167200854700854,ft2,1
test_cdd_cesm,malignant,oracle_calc,all,566,0.025,0.6838002736098464,0.6397370942766537,0.7307445867515678,0.7303999201015852,0.6797130636623452,0.7808347447681623,ft2,1
test_cdd_cesm,malignant,oracle_calc,density_B,183,0.022,0.6858240680183126,0.6041868960853307,0.7486009049105888,0.7274060250599841,0.6167940933585122,0.827481724226567,ft2,1
test_cdd_cesm,malignant,oracle_calc,density_C,295,0.024,0.7073412698412698,0.6464723585673101,0.7663315701368334,0.7667594774041551,0.697167487684729,0.8302401355657204,ft2,1
test_cdd_cesm,malignant,oracle_calc,density_D,36,0.056,0.5178571428571428,0.3816252587991718,0.6714471968709257,0.6688311688311688,0.3905866477272727,0.8938061938061937,ft2,1
test_cdd_cesm,malignant,oracle_other,all,566,1.0,0.6937593201103237,0.6549600310787137,0.7384512398751826,0.7666966285722439,0.7148639908164727,0.8143306342549839,ft2,1
test_cdd_cesm,malignant,oracle_other,density_B,183,1.0,0.6758126313187492,0.5981339541897901,0.7380804187049862,0.7631298320447881,0.6579160081867406,0.8574807592528536,ft2,1
test_cdd_cesm,malignant,oracle_other,density_C,295,1.0,0.7336120401337793,0.6698174843435698,0.7918721660505099,0.8050974512743627,0.7366538265752013,0.8582108106870262,ft2,1
test_cdd_cesm,malignant,oracle_other,density_D,36,1.0,0.5178571428571428,0.3684198704307939,0.6454469035499691,0.7370129870129871,0.4833208168642951,0.9308035714285716,ft2,1
test_cdd_cesm,birads,pred,all,566,1.0,0.3870259278558176,0.3477907759458549,0.422630222725859,0.7629482027342018,0.7407889886996084,0.7859816388865694,ft2,1
test_cdd_cesm,birads,pred,density_B,183,1.0,0.4294746897332266,0.358970348727733,0.5137055931266754,0.7965754336340757,0.7552754477623072,0.8410188293605007,ft2,1
test_cdd_cesm,birads,pred,density_C,295,1.0,0.3534786653467357,0.3010139976769045,0.3963345558663309,0.7573875627996093,0.7274702424997872,0.7882195216853343,ft2,1
test_cdd_cesm,birads,pred,density_D,36,1.0,0.3733333333333333,0.2168314726209463,0.4971428006686545,0.7696563159063159,0.7022077207270072,0.9014956021125986,ft2,1
test_cdd_cesm,birads,oracle,all,566,0.011,0.4833003690915806,0.4451809140790194,0.5176317202809355,0.764252085654676,0.7413946776634616,0.7878971582004526,ft2,1
test_cdd_cesm,birads,oracle,density_B,183,0.016,0.4858280169596219,0.4076352908190624,0.5635021770697217,0.8085972083380856,0.7733621034014869,0.8453084450144964,ft2,1
test_cdd_cesm,birads,oracle,density_C,295,0.007,0.5214101778410991,0.4636870344169146,0.5613603133844948,0.793121107975282,0.7630230581566891,0.8222109746770742,ft2,1
test_cdd_cesm,birads,oracle,density_D,36,0.028,0.4606811145510835,0.269890826873385,0.5692230392156863,0.806183608058608,0.7292555685563603,0.883423445070704,ft2,1
test_cdd_cesm,birads,oracle_density,all,566,0.915,0.4121662310945278,0.3727901434968515,0.4497873698912603,0.7620568928654295,0.7382559599849564,0.7851426670274342,ft2,1
test_cdd_cesm,birads,oracle_density,density_B,183,1.0,0.471925370045296,0.391315775397435,0.5538399176772772,0.7930011301212565,0.7473549164680274,0.8358403231865021,ft2,1
test_cdd_cesm,birads,oracle_density,density_C,295,1.0,0.3589535945075892,0.3077175580735273,0.4017733563076341,0.755062814429135,0.7250790554074383,0.7875083329858119,ft2,1
test_cdd_cesm,birads,oracle_density,density_D,36,1.0,0.4109803921568627,0.2510649018379282,0.5301089743589744,0.7666774891774892,0.6922046006871931,0.9029922603760404,ft2,1
test_cdd_cesm,birads,oracle_mass,all,566,0.309,0.4420481614275959,0.4056172197237782,0.4749781173028781,0.7877034524952371,0.7655210084099319,0.813364640748132,ft2,1
test_cdd_cesm,birads,oracle_mass,density_B,183,0.388,0.4609271771771771,0.3970404886706066,0.531346929904937,0.8340989796067173,0.8015891194826635,0.8713506642023353,ft2,1
test_cdd_cesm,birads,oracle_mass,density_C,295,0.281,0.4471390346892706,0.3972039800797866,0.48799924019035,0.7765431007153577,0.7455692611773319,0.8064118803635765,ft2,1
test_cdd_cesm,birads,oracle_mass,density_D,36,0.278,0.3559523809523809,0.1949724310776942,0.4747636978178368,0.802269986957487,0.7239830301036256,0.9239514632370692,ft2,1
test_cdd_cesm,birads,oracle_calc,all,566,0.025,0.4310927694954323,0.3970321401182239,0.4707146832346526,0.7874706535184137,0.7643273608842295,0.8132579739074156,ft2,1
test_cdd_cesm,birads,oracle_calc,density_B,183,0.022,0.4189213085764809,0.3622440162957333,0.4827491576159124,0.8087609295588759,0.7695272105699055,0.847117785958516,ft2,1
test_cdd_cesm,birads,oracle_calc,density_C,295,0.024,0.4359024438729236,0.3748588085416375,0.4836006347733608,0.8109163767618618,0.7788095400227782,0.8378265636591957,ft2,1
test_cdd_cesm,birads,oracle_calc,density_D,36,0.056,0.4021116138763198,0.236479410100203,0.5322408963585434,0.8714461233211234,0.8001888389388389,0.9278220429604256,ft2,1
test_cdd_cesm,birads,oracle_other,all,566,1.0,0.3823475338160539,0.3470872644535402,0.4129466956522515,0.7632883830163502,0.7384980748082507,0.7845223698524608,ft2,1
test_cdd_cesm,birads,oracle_other,density_B,183,1.0,0.4188941932384555,0.3573911589246727,0.4818581308520752,0.8003311615038322,0.7490603729664783,0.8457765209498095,ft2,1
test_cdd_cesm,birads,oracle_other,density_C,295,1.0,0.3567502561133134,0.3102653799545026,0.4048937076306434,0.7483192613409685,0.7124766110029251,0.7780650315068602,ft2,1
test_cdd_cesm,birads,oracle_other,density_D,36,1.0,0.3129411764705881,0.1752321428571428,0.4340703845174433,0.7510830835830836,0.6711626909505767,0.8761617500709631,ft2,1
test_cmmd,malignant,pred,all,1867,1.0,0.4264915701039049,0.4012893596652097,0.4484057198774785,0.7148866788928268,0.689076439240912,0.7358505833565406,ft2,1
test_cmmd,malignant,oracle,all,1867,0.0,0.4325965666743963,0.4081068023031443,0.4541543794567095,0.7510358783726193,0.7248382647682599,0.7748247292922767,ft2,1
test_cmmd,malignant,oracle_density,all,1867,0.0,0.4264915701039049,0.4012893596652097,0.4484057198774785,0.7148866788928268,0.689076439240912,0.7358505833565406,ft2,1
test_cmmd,malignant,oracle_mass,all,1867,0.0,0.4313261480787254,0.4068427102787572,0.4528907106041686,0.7604240846189589,0.7365333946981145,0.7815276745844538,ft2,1
test_cmmd,malignant,oracle_calc,all,1867,0.0,0.4277731159845995,0.4031614817106946,0.450328687586597,0.7086549115894649,0.6847014943801569,0.7301365848869648,ft2,1
test_cmmd,malignant,oracle_other,all,1867,0.0,0.4264915701039049,0.4012893596652097,0.4484057198774785,0.7148866788928268,0.689076439240912,0.7358505833565406,ft2,1
test_embed,malignant,pred,all,297,1.0,0.5549342105263158,0.4989068762647802,0.6176787006100045,0.6275472100714818,0.5668550925281306,0.6959847186261346,ft2,1
test_embed,malignant,pred,density_A,29,1.0,0.4629629629629629,0.4253936170212766,0.4918032786885246,0.5599999999999999,0.2122767857142857,0.8641043478260865,ft2,1
test_embed,malignant,pred,density_B,104,1.0,0.573939474031981,0.4691776761664658,0.6748968180002662,0.6123366013071896,0.5114897812290911,0.7263868815339404,ft2,1
test_embed,malignant,pred,density_C,138,1.0,0.5246335015621244,0.4542532166601832,0.6116559284523387,0.6120037807183365,0.496775641025641,0.713303057118388,ft2,1
test_embed,malignant,pred,density_D,21,1.0,0.4473684210526316,0.3939393939393939,0.4878190584231424,0.6617647058823529,0.0,1.0,ft2,1
test_embed,malignant,oracle,all,297,0.0,0.6136075949367089,0.5584286459825268,0.6760795911260107,0.7186599807959031,0.6509011316353549,0.7814476063255613,ft2,1
test_embed,malignant,oracle,density_A,29,0.0,0.4629629629629629,0.4253936170212766,0.4918032786885246,0.85,0.5264155982905983,1.0,ft2,1
test_embed,malignant,oracle,density_B,104,0.0,0.6128866640996021,0.5008425673913317,0.726896645021645,0.7071078431372548,0.5966067827449352,0.8341927680162974,ft2,1
test_embed,malignant,oracle,density_C,138,0.0,0.5953703703703703,0.5110654702121893,0.7012570589133088,0.6786389413988658,0.5771052643369174,0.7641653726708074,ft2,1
test_embed,malignant,oracle,density_D,21,0.0,0.6594594594594595,0.4282738095238095,1.0,0.7647058823529411,0.3135338345864661,1.0,ft2,1
test_embed,malignant,oracle_density,all,297,0.983,0.5549342105263158,0.4989068762647802,0.6176787006100045,0.6077029766350153,0.539753076195742,0.6813483929484722,ft2,1
test_embed,malignant,oracle_density,density_A,29,1.0,0.4629629629629629,0.4253936170212766,0.4918032786885246,0.5499999999999999,0.2122767857142857,0.8456173913043474,ft2,1
test_embed,malignant,oracle_density,density_B,104,1.0,0.573939474031981,0.4691776761664658,0.6748968180002662,0.602124183006536,0.4983869944456042,0.7219384211938196,ft2,1
test_embed,malignant,oracle_density,density_C,138,1.0,0.5246335015621244,0.4542532166601832,0.6116559284523387,0.5848298676748581,0.4675601503759399,0.682212290588815,ft2,1
test_embed,malignant,oracle_density,density_D,21,1.0,0.4473684210526316,0.3939393939393939,0.4878190584231424,0.5735294117647058,0.0,0.9411764705882352,ft2,1
test_embed,malignant,oracle_mass,all,297,0.199,0.6031645569620253,0.5453478837025184,0.6626144776393228,0.7051637682705644,0.645235617460727,0.7653030531926431,ft2,1
test_embed,malignant,oracle_mass,density_A,29,0.069,0.4629629629629629,0.4253936170212766,0.4918032786885246,0.76,0.4803703703703704,1.0,ft2,1
test_embed,malignant,oracle_mass,density_B,104,0.25,0.6128866640996021,0.5008425673913317,0.726896645021645,0.7034313725490196,0.5925755718954248,0.8213131501712901,ft2,1
test_embed,malignant,oracle_mass,density_C,138,0.181,0.5740740740740741,0.484545675162101,0.6702107990266088,0.6696597353497165,0.5734020467836258,0.7505865259929481,ft2,1
test_embed,malignant,oracle_mass,density_D,21,0.19,0.6594594594594595,0.4282738095238095,1.0,0.9411764705882352,0.8115162037037038,1.0,ft2,1
test_embed,malignant,oracle_calc,all,297,0.094,0.5657894736842105,0.5157828979548862,0.631268446074747,0.6622746185852981,0.5919570182724252,0.7381942881292465,ft2,1
test_embed,malignant,oracle_calc,density_A,29,0.0,0.4629629629629629,0.4253936170212766,0.4918032786885246,0.71,0.2568131256952169,1.0,ft2,1
test_embed,malignant,oracle_calc,density_B,104,0.087,0.573939474031981,0.4691776761664658,0.6748968180002662,0.6572712418300655,0.5445410090480514,0.7902471285434995,ft2,1
test_embed,malignant,oracle_calc,density_C,138,0.116,0.5467435712569093,0.4723773206675534,0.6343539598017528,0.6294896030245747,0.5057154169360052,0.7236200716845879,ft2,1
test_embed,malignant,oracle_calc,density_D,21,0.143,0.4473684210526316,0.3939393939393939,0.4878190584231424,0.6617647058823529,0.0,0.9631066176470588,ft2,1
test_embed,malignant,oracle_other,all,297,0.03,0.5549342105263158,0.4989068762647802,0.6176787006100045,0.6285074149151819,0.560840494875144,0.6971803653246247,ft2,1
test_embed,malignant,oracle_other,density_A,29,0.034,0.4629629629629629,0.4253936170212766,0.4918032786885246,0.49,0.1771785714285714,0.8149689655172406,ft2,1
test_embed,malignant,oracle_other,density_B,104,0.029,0.573939474031981,0.4691776761664658,0.6748968180002662,0.5996732026143791,0.5001706161476125,0.7144897693774926,ft2,1
test_embed,malignant,oracle_other,density_C,138,0.029,0.5246335015621244,0.4542532166601832,0.6116559284523387,0.624054820415879,0.5148630110062893,0.7200686702424268,ft2,1
test_embed,malignant,oracle_other,density_D,21,0.048,0.4473684210526316,0.3939393939393939,0.4878190584231424,0.6029411764705881,0.0,0.9571078431372546,ft2,1
test_embed,birads,pred,all,11881,1.0,0.3313138087750186,0.3032026532001071,0.3637986432744552,0.7926834150098706,0.7793250990113526,0.8077343198928404,ft2,1
test_embed,birads,pred,density_A,1547,1.0,0.2824614690329733,0.2418261097675537,0.3841754354168434,0.7960798251838445,0.7239713231179484,0.8479178703182498,ft2,1
test_embed,birads,pred,density_B,4969,1.0,0.3444404640472226,0.2889599306371861,0.3970162821837067,0.8003075503868594,0.7657164918312439,0.822179820770944,ft2,1
test_embed,birads,pred,density_C,4644,1.0,0.3113720300313841,0.273400422642715,0.3545488942223861,0.7780366988718957,0.7545996235110607,0.8003787637378498,ft2,1
test_embed,birads,pred,density_D,642,1.0,0.3340567175005998,0.2640201660107126,0.3819861970342648,0.7520828700041303,0.6808261564405745,0.8004021313377911,ft2,1
test_embed,birads,oracle,all,11881,0.0,0.4153705595589148,0.3780798903948607,0.4554794621855944,0.9122175969210554,0.9013166491675284,0.9241895087490004,ft2,1
test_embed,birads,oracle,density_A,1547,0.0,0.3455708231746709,0.287338877864096,0.4735844145532284,0.9176502525736442,0.8683702709804836,0.9655727168566176,ft2,1
test_embed,birads,oracle,density_B,4969,0.0,0.3843125025275012,0.3427206832645983,0.4348703416129742,0.937207851423946,0.9126998428878648,0.9531190187790052,ft2,1
test_embed,birads,oracle,density_C,4644,0.0,0.4207415413017504,0.3706308674366431,0.459763686569176,0.9184288014089188,0.885844397402356,0.93920456690141,ft2,1
test_embed,birads,oracle,density_D,642,0.0,0.3922020368841178,0.3041148296031783,0.508874383359745,0.8866921319213745,0.8410972317543662,0.9199886515829536,ft2,1
test_embed,birads,oracle_density,all,11881,0.993,0.332702725791843,0.3063839479185094,0.3681350923917381,0.7919148293599692,0.7779204122540944,0.8079963693125645,ft2,1
test_embed,birads,oracle_density,density_A,1547,1.0,0.2839654837741975,0.2441838986793557,0.3844128367359426,0.7952571354255445,0.7191654051954798,0.8461718538235491,ft2,1
test_embed,birads,oracle_density,density_B,4969,1.0,0.3442940977899824,0.2891280098569668,0.3985824542697249,0.8061426924780225,0.7720444877903417,0.8277568470779562,ft2,1
test_embed,birads,oracle_density,density_C,4644,1.0,0.308408206008525,0.2727091651387263,0.353975849833655,0.7791513243266998,0.756210113401541,0.8000949832039246,ft2,1
test_embed,birads,oracle_density,density_D,642,1.0,0.3371294685990338,0.2654225029118846,0.3868924846344816,0.7455172047427154,0.6671140254520074,0.7966569905446637,ft2,1
test_embed,birads,oracle_mass,all,11881,0.02,0.3839782259781392,0.3510562042450901,0.4192140980911874,0.8607552553775081,0.8502998485756299,0.8719697246495934,ft2,1
test_embed,birads,oracle_mass,density_A,1547,0.013,0.3238816545764458,0.2690220428212518,0.445902294129489,0.8684168032464321,0.8137820870065776,0.907190842545202,ft2,1
test_embed,birads,oracle_mass,density_B,4969,0.014,0.3463354721179976,0.3037603550717861,0.3882462780629471,0.8722629533015631,0.8482487971010999,0.8907751145547963,ft2,1
test_embed,birads,oracle_mass,density_C,4644,0.023,0.3853439792999957,0.3251820895662894,0.4305821121599443,0.8582426801760766,0.842332314631737,0.8757045253456054,ft2,1
test_embed,birads,oracle_mass,density_D,642,0.044,0.4143923682335524,0.2959538769991217,0.4961541941781729,0.8383083042960662,0.8017873455945685,0.8736234583136383,ft2,1
test_embed,birads,oracle_calc,all,11881,0.018,0.3637169282837141,0.336247905820705,0.3980633619591393,0.8804974068786942,0.8696205666729742,0.8909289286596148,ft2,1
test_embed,birads,oracle_calc,density_A,1547,0.008,0.3098736476348416,0.2658710976331655,0.4176607684732744,0.9022233510403422,0.8759007436493229,0.9275600941557304,ft2,1
test_embed,birads,oracle_calc,density_B,4969,0.012,0.3827193097543545,0.3263110254434254,0.4360922665413479,0.8883685117829849,0.86353645121874,0.9034943683102208,ft2,1
test_embed,birads,oracle_calc,density_C,4644,0.024,0.3547538198363444,0.3128503607511992,0.3962429756829085,0.8860688946014271,0.8700087657878224,0.9023789174199508,ft2,1
test_embed,birads,oracle_calc,density_D,642,0.033,0.3266678235256166,0.2894105973357706,0.3728586914834005,0.8565963747948613,0.8042869709902374,0.8980023865074338,ft2,1
test_embed,birads,oracle_other,all,11881,0.824,0.3305551507848197,0.3032599538118726,0.3646031846113449,0.766977958907571,0.7510450915651785,0.7856712010458105,ft2,1
test_embed,birads,oracle_other,density_A,1547,0.889,0.2926030695638686,0.2416509924869201,0.3953971130977385,0.7434183603216654,0.6806387741281958,0.8212533018586373,ft2,1
test_embed,birads,oracle_other,density_B,4969,0.826,0.3411306191217547,0.2862686466510117,0.3934524129644425,0.772764848892484,0.7324290337069785,0.8043381539912,ft2,1
test_embed,birads,oracle_other,density_C,4644,0.816,0.3098210232681631,0.26972611066957,0.3506862158186736,0.7392561715645548,0.7081575344538119,0.7666772729676016,ft2,1
test_embed,birads,oracle_other,density_D,642,0.785,0.3243344830042019,0.252032730843554,0.3719576664873467,0.7131997400587065,0.6355709053330217,0.7652476039163683,ft2,1
test_embed_fuji,birads,pred,all,3620,1.0,0.196025547418601,0.1796514189169611,0.2780943281033742,0.5978011424722455,0.4933177148773937,0.6535223686496413,ft2,1
test_embed_fuji,birads,pred,density_A,298,1.0,0.2997305120271484,0.2750190548635903,0.4818585035811944,0.4660365032154974,0.4053840297572486,0.5861311050795177,ft2,1
test_embed_fuji,birads,pred,density_B,1631,1.0,0.2770691133596296,0.2314742775316849,0.3442588423355044,0.6339518591130482,0.5151423873044904,0.7307146628587069,ft2,1
test_embed_fuji,birads,pred,density_C,1554,1.0,0.1767354690389325,0.1690646183025236,0.2302167725424955,0.5440658719566355,0.4021357206219991,0.6439055687555741,ft2,1
test_embed_fuji,birads,pred,density_D,131,1.0,0.2486002886002886,0.1919562990170241,0.2993032424232906,0.5286831812255541,0.3566487068965517,0.6743424479166668,ft2,1
test_embed_fuji,birads,oracle,all,3620,0.0,0.3574320692744103,0.3463172619275993,0.4543941212361808,0.909070171425484,0.8452161516495245,0.9516000906749968,ft2,1
test_embed_fuji,birads,oracle,density_A,298,0.0,0.6056266504164127,0.5686098526440777,0.9605352546660122,0.935793761368474,0.8599092545985708,1.0,ft2,1
test_embed_fuji,birads,oracle,density_B,1631,0.0,0.4566038478470657,0.4361812305578882,0.6044977763121189,0.9046008931237978,0.7379424949080694,0.9930524301962724,ft2,1
test_embed_fuji,birads,oracle,density_C,1554,0.0,0.3481741742167189,0.3309058189866213,0.4515178903225904,0.8938380118679892,0.794302396496696,0.9654107322175304,ft2,1
test_embed_fuji,birads,oracle,density_D,131,0.0,0.561111111111111,0.4475520511234797,0.9096328304048894,1.0,1.0,1.0,ft2,1
test_embed_fuji,birads,oracle_density,all,3620,0.998,0.19528458032531,0.1802277032589103,0.263605405513692,0.6047644116449311,0.5030879945470271,0.6605218775340957,ft2,1
test_embed_fuji,birads,oracle_density,density_A,298,1.0,0.2997305120271484,0.2750190548635903,0.4818585035811944,0.4572224037046923,0.4015707063656138,0.5831510971391924,ft2,1
test_embed_fuji,birads,oracle_density,density_B,1631,1.0,0.2666404350242685,0.2317500215064258,0.3148899509034248,0.6454495570813628,0.5195873758019043,0.7348448086034258,ft2,1
test_embed_fuji,birads,oracle_density,density_C,1554,1.0,0.1780611374984776,0.1696328950558876,0.2288260739504548,0.5419907268290057,0.4025651763470712,0.6447521962731467,ft2,1
test_embed_fuji,birads,oracle_density,density_D,131,1.0,0.1888940092165898,0.1454452095523524,0.2890732600732601,0.529335071707953,0.3566487068965517,0.6778580729166667,ft2,1
test_embed_fuji,birads,oracle_mass,all,3620,0.004,0.2007815068166077,0.1933780298728182,0.2570498497274783,0.6905764273958992,0.5822489659788237,0.7304800323769983,ft2,1
test_embed_fuji,birads,oracle_mass,density_A,298,0.0,0.3313964386129335,0.2989532286597833,0.5318938700787278,0.5748764439391709,0.5125947898702649,0.6803685998627318,ft2,1
test_embed_fuji,birads,oracle_mass,density_B,1631,0.004,0.2662597713265019,0.2511163448757743,0.2818210384412137,0.7539440793668019,0.6470168197566694,0.8238357953878114,ft2,1
test_embed_fuji,birads,oracle_mass,density_C,1554,0.004,0.1918839166828459,0.1836524305964165,0.2508736188946714,0.6129655886843187,0.4724830143698554,0.7119949473750465,ft2,1
test_embed_fuji,birads,oracle_mass,density_D,131,0.008,0.1961389961389961,0.1630004981934666,0.2598986957247061,0.6701434159061277,0.4789505406195207,0.8397616106719368,ft2,1
test_embed_fuji,birads,oracle_calc,all,3620,0.008,0.2900217765130659,0.2711121175918554,0.3730263118793392,0.8089363063858442,0.7428932737245987,0.8534312279179381,ft2,1
test_embed_fuji,birads,oracle_calc,density_A,298,0.017,0.4631322957198443,0.4106285204444885,0.7284882546153599,0.7941117231571447,0.7337381101045841,0.935175530066041,ft2,1
test_embed_fuji,birads,oracle_calc,density_B,1631,0.002,0.373065985802448,0.3359389509495799,0.4141979393506068,0.8355208519921585,0.7527495581982028,0.9044799964370684,ft2,1
test_embed_fuji,birads,oracle_calc,density_C,1554,0.012,0.2754817659665751,0.2543062196449589,0.3603911536638189,0.7874272503764219,0.6849100960805261,0.8790833596309325,ft2,1
test_embed_fuji,birads,oracle_calc,density_D,131,0.008,0.4614200076994995,0.3236672088887146,0.5437804460749666,0.8748370273794003,0.7123957881024751,0.9711129968516332,ft2,1
test_embed_fuji,birads,oracle_other,all,3620,0.914,0.1996356731409966,0.1768322153374231,0.2442758040958972,0.5765021933819774,0.4795825853822517,0.6334735526962226,ft2,1
test_embed_fuji,birads,oracle_other,density_A,298,0.903,0.2966938029573018,0.2680242061172216,0.4488856124913706,0.3208077973316404,0.2656726324220334,0.5431517926255391,ft2,1
test_embed_fuji,birads,oracle_other,density_B,1631,0.917,0.2311183845245292,0.1848694815902133,0.3809982311458358,0.6047826138331804,0.4748894229710748,0.7312809833324597,ft2,1
test_embed_fuji,birads,oracle_other,density_C,1554,0.916,0.1747341276744254,0.1636017715212944,0.1905537921622545,0.5249746136743302,0.3840403619059352,0.6266243488047055,ft2,1
test_embed_fuji,birads,oracle_other,density_D,131,0.901,0.2536507936507936,0.1939148512463876,0.3059179492154319,0.4895697522816167,0.3137965425531914,0.6405094834543986,ft2,1
test_embed_ge,malignant,pred,all,324,1.0,0.5484058307683373,0.4920725382267462,0.6104821418802019,0.6509494346063579,0.5869359310484817,0.7084814171081772,ft2,1
test_embed_ge,malignant,pred,density_B,101,1.0,0.5777591973244147,0.461090020980855,0.6889728639050673,0.6177944862155388,0.494590918397056,0.7332946807846078,ft2,1
test_embed_ge,malignant,pred,density_C,189,1.0,0.5476923076923077,0.4609076605787166,0.6167817753828228,0.6497332994665989,0.5575517929559026,0.7286063298691438,ft2,1
test_embed_ge,malignant,oracle,all,324,0.0,0.5647995568787648,0.4987623309735794,0.6171943740091871,0.6713036057179432,0.613225131456602,0.7213834296516863,ft2,1
test_embed_ge,malignant,oracle,density_B,101,0.0,0.5671990650564862,0.4663211843344294,0.6523605817836703,0.7050960735171261,0.5900420912715995,0.8101478898072837,ft2,1
test_embed_ge,malignant,oracle,density_C,189,0.0,0.5754543598121299,0.4929803318223076,0.6584115518627714,0.666497332994666,0.5682818216080234,0.7568466504326602,ft2,1
test_embed_ge,malignant,oracle_density,all,324,0.991,0.550624133148405,0.493981000580669,0.6104821418802019,0.6450608064860253,0.5810908397455427,0.6979124248101453,ft2,1
test_embed_ge,malignant,oracle_density,density_B,101,1.0,0.5777591973244147,0.461090020980855,0.6889728639050673,0.608187134502924,0.4788166432988208,0.7329484508547008,ft2,1
test_embed_ge,malignant,oracle_density,density_C,189,1.0,0.5476923076923077,0.4609076605787166,0.6167817753828228,0.6446532893065785,0.5605017811303515,0.7282958506290967,ft2,1
test_embed_ge,malignant,oracle_mass,all,324,0.179,0.5737727618915738,0.5100332982669975,0.6250529065381093,0.6922978451034777,0.6248552704044938,0.7366357793003301,ft2,1
test_embed_ge,malignant,oracle_mass,density_B,101,0.228,0.5747368421052632,0.4517462406015037,0.6637041198601519,0.70843776106934,0.5955360949754543,0.815135546756016,ft2,1
test_embed_ge,malignant,oracle_mass,density_C,189,0.143,0.5867346938775511,0.5032313264221159,0.6691023812134281,0.6751333502667004,0.5766049650935073,0.7574525370686208,ft2,1
test_embed_ge,malignant,oracle_calc,all,324,0.136,0.5484058307683373,0.4855041961773448,0.6016588214355852,0.636526562833369,0.5728481499588123,0.7023957778233244,ft2,1
test_embed_ge,malignant,oracle_calc,density_B,101,0.109,0.5979409746053534,0.4808610426929392,0.690481249103415,0.6370091896407686,0.5221378037976799,0.7644577991452992,ft2,1
test_embed_ge,malignant,oracle_calc,density_C,189,0.159,0.5351857444880701,0.4585351635062141,0.6101896665105838,0.6338582677165354,0.5410403482838522,0.720471673339147,ft2,1
test_embed_ge,malignant,oracle_other,all,324,0.028,0.5484058307683373,0.4920725382267462,0.6104821418802019,0.6476637508000853,0.5830497624960617,0.7099400165522829,ft2,1
test_embed_ge,malignant,oracle_other,density_B,101,0.01,0.5777591973244147,0.461090020980855,0.6889728639050673,0.6324143692564745,0.5099958419048453,0.7558439367649895,ft2,1
test_embed_ge,malignant,oracle_other,density_C,189,0.016,0.5476923076923077,0.4609076605787166,0.6167817753828228,0.6496062992125984,0.5648496903841173,0.7301615446530931,ft2,1
test_embed_ge,birads,pred,all,21363,1.0,0.2943015090025,0.2753650384992485,0.3118334397159865,0.748877101909879,0.7230228867080077,0.7725444256250114,ft2,1
test_embed_ge,birads,pred,density_A,1402,1.0,0.2510124499481648,0.2323549565080119,0.3238836073772271,0.7994125502973831,0.6904696037424404,0.8305836343394992,ft2,1
test_embed_ge,birads,pred,density_B,9416,1.0,0.2927532095048596,0.2667923029779833,0.3201362870206215,0.7489579602546688,0.7122908354505664,0.7832076868460874,ft2,1
test_embed_ge,birads,pred,density_C,9684,1.0,0.2932835385111199,0.2696848179835753,0.3211906023944711,0.7376131792040275,0.7163557858435817,0.7615523185198034,ft2,1
test_embed_ge,birads,pred,density_D,771,1.0,0.253161070230342,0.2226624876110579,0.3549788140433942,0.6448014496843858,0.5858222530873516,0.7151294351015522,ft2,1
test_embed_ge,birads,oracle,all,21363,0.0,0.4052319528304446,0.3828730005147266,0.4287201612167944,0.9068483990303372,0.8872493225628304,0.9213618905145464,ft2,1
test_embed_ge,birads,oracle,density_A,1402,0.0,0.3071799058558522,0.2860835198933684,0.38587350524686,0.959958493395922,0.9381300803694164,0.9725107079307034,ft2,1
test_embed_ge,birads,oracle,density_B,9416,0.0,0.4214582099460936,0.3857099981028798,0.4593764859405755,0.938414901916278,0.9118835149590884,0.9591190315651544,ft2,1
test_embed_ge,birads,oracle,density_C,9684,0.0,0.3995196787953688,0.368592369847997,0.4323833217040572,0.9071181283114133,0.8888405129447807,0.9224792133254548,ft2,1
test_embed_ge,birads,oracle,density_D,771,0.0,0.3253079249990712,0.3052263711440169,0.4395523145570038,0.8673922562248808,0.7888744879687705,0.9064501789330272,ft2,1
test_embed_ge,birads,oracle_density,all,21363,0.996,0.2989788780593828,0.2802198302421733,0.3181786398103359,0.745547287470638,0.7205555153332067,0.7684428057888075,ft2,1
test_embed_ge,birads,oracle_density,density_A,1402,1.0,0.247567238522226,0.2293463033868603,0.2648001801113078,0.7908606544286362,0.6702278286553632,0.8278881098273132,ft2,1
test_embed_ge,birads,oracle_density,density_B,9416,1.0,0.3025735050857392,0.272571667215838,0.3312345845745294,0.7482172790011138,0.7157055752277209,0.7805919063045178,ft2,1
test_embed_ge,birads,oracle_density,density_C,9684,1.0,0.2919846005266004,0.2687955970145351,0.3195840092881148,0.7382111931156385,0.718755310510534,0.7599118875003954,ft2,1
test_embed_ge,birads,oracle_density,density_D,771,1.0,0.2521252706979843,0.2268923088889676,0.3548419754078893,0.6438883958444135,0.5788836012573291,0.718447493617511,ft2,1
test_embed_ge,birads,oracle_mass,all,21363,0.016,0.3444233609786715,0.3228776074846012,0.3688525456865737,0.8449798121124814,0.8252915586708316,0.8607282606890017,ft2,1
test_embed_ge,birads,oracle_mass,density_A,1402,0.008,0.2677031505406211,0.2511169044450843,0.3482535876584118,0.8812849090417509,0.8070956283537692,0.9083650646850312,ft2,1
test_embed_ge,birads,oracle_mass,density_B,9416,0.012,0.3491946067577465,0.3118949305187461,0.382118613677416,0.8563542439432854,0.8276422693174442,0.8802209409144394,ft2,1
test_embed_ge,birads,oracle_mass,density_C,9684,0.019,0.3434548673779234,0.3119712463351917,0.379798392583652,0.8411957527520372,0.827573501296391,0.8545785920735361,ft2,1
test_embed_ge,birads,oracle_mass,density_D,771,0.038,0.2791740612328847,0.2547690678588097,0.3832102418494194,0.792646144340941,0.7078038516852792,0.832114609815478,ft2,1
test_embed_ge,birads,oracle_calc,all,21363,0.015,0.3533713125645336,0.3374657075456875,0.3694976447820252,0.8478783826469586,0.8267963149711129,0.8660710582959309,ft2,1
test_embed_ge,birads,oracle_calc,density_A,1402,0.006,0.2957062800390882,0.2756482801903504,0.3834320072552403,0.8974913649437779,0.8357735545200359,0.9221898532957468,ft2,1
test_embed_ge,birads,oracle_calc,density_B,9416,0.007,0.3557576130756934,0.3304560151338568,0.381680440324116,0.8551103126943987,0.8285218494261748,0.8803384954622192,ft2,1
test_embed_ge,birads,oracle_calc,density_C,9684,0.023,0.356319445864838,0.3343959811732175,0.3847394360298819,0.8474477479529892,0.8305224573018191,0.8634287289543984,ft2,1
test_embed_ge,birads,oracle_calc,density_D,771,0.026,0.3174638015446658,0.2981458107167894,0.4248175148256798,0.7950138303397283,0.743303926929976,0.8659121727421711,ft2,1
test_embed_ge,birads,oracle_other,all,21363,0.804,0.2811360710779037,0.2639684019268688,0.2986623837574518,0.7163114539822256,0.6898177171662744,0.7420744185545024,ft2,1
test_embed_ge,birads,oracle_other,density_A,1402,0.842,0.2442461395916326,0.2273890235358857,0.3187289044827324,0.7748891320894035,0.6498821115831708,0.8096313673078673,ft2,1
test_embed_ge,birads,oracle_other,density_B,9416,0.838,0.2815078768133009,0.2581947693593218,0.3060336434542294,0.7203367106487071,0.6749575096124931,0.762289189942526,ft2,1
test_embed_ge,birads,oracle_other,density_C,9684,0.772,0.2772009135825972,0.2544602063736761,0.3068017529506615,0.6912539573189628,0.6676823220549152,0.7232922196656838,ft2,1
test_embed_ge,birads,oracle_other,density_D,771,0.764,0.239951882365045,0.2097100925047438,0.3288649535550563,0.607437096709683,0.5476103691448945,0.6920426338403665,ft2,1
test_inbreast,birads,pred,all,410,1.0,0.2247495527074889,0.1825480071447375,0.2685055663752538,0.6727051515098009,0.644504004102376,0.7019898757131119,ft2,1
test_inbreast,birads,pred,density_A,136,1.0,0.1778693079663953,0.1212111463736712,0.2321722394269742,0.6743643610581174,0.6376485796216971,0.7163463421324481,ft2,1
test_inbreast,birads,pred,density_B,146,1.0,0.2595801405017331,0.1876892282741249,0.3284707839634309,0.6292349288070331,0.5668716888054443,0.7405502115583451,ft2,1
test_inbreast,birads,pred,density_C,99,1.0,0.2168516715352158,0.1284141796471632,0.3063831993800424,0.5970028228206858,0.5275023705911676,0.6651101090524905,ft2,1
test_inbreast,birads,pred,density_D,28,1.0,0.0916666666666666,0.0185185185185185,0.1715659340659341,0.6664481351981353,0.5619534884331423,0.7488584705225331,ft2,1
test_inbreast,birads,oracle,all,410,0.0,0.4927097818064349,0.4530523704893116,0.5313007950209087,0.8105027885810611,0.7829690298931338,0.8406274380023394,ft2,1
test_inbreast,birads,oracle,density_A,136,0.0,0.5177218113632259,0.431069399626216,0.613344960224146,0.8790137117559246,0.8179684280208218,0.9246725004564208,ft2,1
test_inbreast,birads,oracle,density_B,146,0.0,0.4585809364860859,0.4152599155094286,0.5628629821653967,0.8224424012850455,0.7690152263942628,0.892588155591956,ft2,1
test_inbreast,birads,oracle,density_C,99,0.0,0.4702328814737574,0.3594534694268737,0.5832440865234984,0.7195356629042823,0.6509870928533045,0.7902915863005611,ft2,1
test_inbreast,birads,oracle,density_D,28,0.0,0.4785714285714286,0.2497983870967742,0.6126407967032967,0.6950029137529137,0.5509163256278057,0.7822600160256411,ft2,1
test_inbreast,birads,oracle_density,all,410,0.998,0.2260740100997956,0.1863853318104266,0.2649031576967324,0.6873229296862028,0.6637390176814808,0.7144130513472466,ft2,1
test_inbreast,birads,oracle_density,density_A,136,1.0,0.1871690617337595,0.1268016141184283,0.241063509590364,0.6985598754132212,0.6567160711838311,0.747803714110152,ft2,1
test_inbreast,birads,oracle_density,density_B,146,1.0,0.2256771206120817,0.1794365946657483,0.2755955250842105,0.6972389590469762,0.6290001497111402,0.7719679631244868,ft2,1
test_inbreast,birads,oracle_density,density_C,99,1.0,0.2218500486854916,0.1288294935657949,0.3123736950960527,0.6132347904407223,0.5347020615387887,0.6836072838556065,ft2,1
test_inbreast,birads,oracle_density,density_D,28,1.0,0.1293650793650793,0.0227272727272727,0.2616619473876507,0.6617132867132868,0.5258481007035989,0.7586719991232659,ft2,1
test_inbreast,birads,oracle_mass,all,410,0.0,0.2506708444545448,0.210209015856727,0.3019384720188736,0.6678596784401997,0.636018694052406,0.6967538167546176,ft2,1
test_inbreast,birads,oracle_mass,density_A,136,0.0,0.2544323509029391,0.1715952963286136,0.3390491681625474,0.6762062436341326,0.6324197579183706,0.7178139451837906,ft2,1
test_inbreast,birads,oracle_mass,density_B,146,0.0,0.257127015711147,0.1924287346729278,0.3338393386696019,0.6401906987456929,0.5549472809057484,0.7220675302415166,ft2,1
test_inbreast,birads,oracle_mass,density_C,99,0.0,0.2167526337046885,0.125423084563838,0.3015969552752967,0.5987322400213773,0.5326719136512871,0.6847385620416064,ft2,1
test_inbreast,birads,oracle_mass,density_D,28,0.0,0.0476190476190476,0.0,0.1041666666666666,0.6545108537296037,0.5089687400018282,0.7757077546296297,ft2,1
test_inbreast,birads,oracle_calc,all,410,0.0,0.449684783987522,0.4056383437938269,0.4913974303418317,0.7990379776013247,0.7663991736862233,0.8346283925962814,ft2,1
test_inbreast,birads,oracle_calc,density_A,136,0.0,0.4245306720636471,0.3759655967986746,0.4734694030086331,0.8567574920917412,0.7952020323375274,0.9140756367530336,ft2,1
test_inbreast,birads,oracle_calc,density_B,146,0.0,0.4857117453543167,0.4140807322333245,0.5699807193546,0.8153953787491325,0.729678062615831,0.9189261624585848,ft2,1
test_inbreast,birads,oracle_calc,density_C,99,0.0,0.4198933901918976,0.3257263427109974,0.5159603451250052,0.6785499125115679,0.6083980662462716,0.7492071727106387,ft2,1
test_inbreast,birads,oracle_calc,density_D,28,0.0,0.3771929824561403,0.1922794117647059,0.4722789115646258,0.7370975378787878,0.5820360358645457,0.8160971376094144,ft2,1
test_inbreast,birads,oracle_other,all,410,1.0,0.2446083586553169,0.2031292577405812,0.2875378979841607,0.6646590848174385,0.6368902571809933,0.6955195916876376,ft2,1
test_inbreast,birads,oracle_other,density_A,136,1.0,0.1823093681917211,0.1254418674776943,0.2357602884074885,0.6683764817176383,0.6255096896022613,0.7068540523801101,ft2,1
test_inbreast,birads,oracle_other,density_B,146,1.0,0.2751086344703366,0.191913580405277,0.3434947441042694,0.6160233230903875,0.5435115827485117,0.7316842370084375,ft2,1
test_inbreast,birads,oracle_other,density_C,99,1.0,0.2446555975669899,0.1549277868190784,0.3284858399576137,0.5777054870946764,0.5082604097993003,0.6482845269626826,ft2,1
test_inbreast,birads,oracle_other,density_D,28,1.0,0.1579545454545454,0.038235294117647,0.3120403373800113,0.6881829108391609,0.5744202677500375,0.7722082604895105,ft2,1
test_vindr,birads,pred,all,2000,1.0,0.2340625441240569,0.1900165666745062,0.2748433450056935,0.7318674401672577,0.7022795018742088,0.7525427239976741,ft2,1
test_vindr,birads,pred,density_B,190,1.0,0.2335996591030148,0.1594259347351573,0.3280547582635642,0.6800468600832484,0.5686226330177955,0.7993688093073225,ft2,1
test_vindr,birads,pred,density_C,1530,1.0,0.2363783781056024,0.1819546650847182,0.2824125029533226,0.7419124615218864,0.7181306124546246,0.7629532937701928,ft2,1
test_vindr,birads,pred,density_D,270,1.0,0.1720650210716436,0.1603603603603603,0.2282521625243664,0.7855951263025525,0.6654986906668386,0.8270243780388263,ft2,1
test_vindr,birads,oracle,all,2000,0.0,0.2900949146638802,0.2429931664071724,0.3349580250116454,0.7717773609162528,0.7563480739394819,0.7873516773851703,ft2,1
test_vindr,birads,oracle,density_B,190,0.0,0.2214526214526214,0.154685034184657,0.3026913978494623,0.7548487888422692,0.676415474819113,0.8005351675749901,ft2,1
test_vindr,birads,oracle,density_C,1530,0.0,0.2921948298487686,0.2397828910176437,0.3411846883259423,0.7722525213277915,0.7550880843378411,0.7860625663275826,ft2,1
test_vindr,birads,oracle,density_D,270,0.0,0.2347154568135915,0.1737867524103465,0.3531354801112867,0.7998311630335306,0.7457214028696915,0.8036818240159952,ft2,1
test_vindr,birads,oracle_density,all,2000,1.0,0.2699544643634297,0.221359190295883,0.3142788450471386,0.7405153794342607,0.7142881311216961,0.7603804445338438,ft2,1
test_vindr,birads,oracle_density,density_B,190,1.0,0.2335996591030148,0.1594259347351573,0.3280547582635642,0.7592256062371782,0.6852411303408658,0.8243911757788078,ft2,1
test_vindr,birads,oracle_density,density_C,1530,1.0,0.2769012821074396,0.2144124188093602,0.3244684488367665,0.7603470453196102,0.7402549858120979,0.7801626263530045,ft2,1
test_vindr,birads,oracle_density,density_D,270,1.0,0.2222544150110375,0.1643502877877878,0.3679331369476047,0.7667763741844427,0.6270465129943793,0.8230268512354518,ft2,1
test_vindr,birads,oracle_mass,all,2000,0.0,0.2939333199830575,0.2498327757978639,0.335974446675496,0.7564430280420357,0.7382511629355345,0.7741472230733242,ft2,1
test_vindr,birads,oracle_mass,density_B,190,0.0,0.2214526214526214,0.154685034184657,0.3026913978494623,0.7184857698969476,0.6223562628582155,0.8099595462039341,ft2,1
test_vindr,birads,oracle_mass,density_C,1530,0.0,0.2957330724087812,0.239010329443573,0.3433116011657964,0.7606466691683865,0.7375251224440443,0.7777853827062482,ft2,1
test_vindr,birads,oracle_mass,density_D,270,0.0,0.240780678811239,0.1780531462250027,0.3612196239533863,0.7830479495712552,0.6667164693753183,0.8292863074927385,ft2,1
test_vindr,birads,oracle_calc,all,2000,0.0,0.2379929680827273,0.1910107964297505,0.2765298827791786,0.7334068352643064,0.7061523396738077,0.7571775230763816,ft2,1
test_vindr,birads,oracle_calc,density_B,190,0.0,0.2335996591030148,0.1594259347351573,0.3280547582635642,0.6763179712778178,0.5658086526994451,0.7956419956687584,ft2,1
test_vindr,birads,oracle_calc,density_C,1530,0.0,0.2416580873367416,0.1858700678699107,0.2866315380631262,0.7409243499075476,0.7094152879157087,0.7689287972928858,ft2,1
test_vindr,birads,oracle_calc,density_D,270,0.0,0.1663716814159292,0.1594257804558936,0.2165613675049418,0.8014827800379127,0.7242814142651711,0.8298987990222131,ft2,1
test_vindr,birads,oracle_other,all,2000,1.0,0.2510145891253939,0.1979533517942406,0.2907736992749531,0.7373538128167788,0.7115265470788695,0.760161010061896,ft2,1
test_vindr,birads,oracle_other,density_B,190,1.0,0.2335996591030148,0.1594259347351573,0.3280547582635642,0.7203445204399882,0.6091310561974667,0.8088777120833134,ft2,1
test_vindr,birads,oracle_other,density_C,1530,1.0,0.2528491756593468,0.1877230794514493,0.2912659066215147,0.7456606302909927,0.7224746969703231,0.7696344200234448,ft2,1
test_vindr,birads,oracle_other,density_D,270,1.0,0.2293011183077408,0.1642915705339485,0.3818943069983598,0.7849784337259852,0.6702503857176968,0.8345137000941429,ft2,1
val,malignant,pred,all,356,1.0,0.6507169811320754,0.5963799156524076,0.7033622023556962,0.7239641268075641,0.6649655471976089,0.7673366136204409,ft2,1
val,malignant,pred,density_A,38,1.0,0.7913725490196079,0.5831610275689223,0.9329350255427842,0.9315476190476192,0.8438911782661783,1.0,ft2,1
val,malignant,pred,density_B,114,1.0,0.623015873015873,0.5424288341594464,0.7047090421534468,0.6761363636363636,0.5866021511452683,0.7609175193143743,ft2,1
val,malignant,pred,density_C,162,1.0,0.6322162162162162,0.5417953929539295,0.7235525789813024,0.6668566001899335,0.5627908399470899,0.7539571620610419,ft2,1
val,malignant,pred,density_D,40,1.0,0.5807127882599581,0.4149537037037036,0.7211701988487702,0.6953125,0.5179674895741377,0.8536541889483066,ft2,1
val,malignant,oracle,all,356,0.0,0.6900942268139858,0.6344521282520397,0.7299805793338566,0.7718993325917686,0.7217530947835417,0.8195537876647594,ft2,1
val,malignant,oracle,density_A,38,0.0,0.8509803921568628,0.7186552067306057,0.9676542296227774,0.9434523809523808,0.8637479871175523,1.0,ft2,1
val,malignant,oracle,density_B,114,0.0,0.657200133645172,0.5757914105401197,0.7411642548356722,0.7250631313131313,0.6470433407738094,0.7999323797341986,ft2,1
val,malignant,oracle,density_C,162,0.0,0.6905772495755518,0.6032802887796328,0.7806913339824733,0.745679012345679,0.6558012971698113,0.8342374769967965,ft2,1
val,malignant,oracle,density_D,40,0.0,0.561128526645768,0.3837506469979296,0.7188163189004416,0.8020833333333334,0.6611874236874237,0.9153425343249428,ft2,1
val,malignant,oracle_density,all,356,0.994,0.6463944149615461,0.5915318002403189,0.6974752281916198,0.7285525583982202,0.6749389735079108,0.7718597129625544,ft2,1
val,malignant,oracle_density,density_A,38,1.0,0.7913725490196079,0.5831610275689223,0.9329350255427842,0.9375,0.8539093701996927,1.0,ft2,1
val,malignant,oracle_density,density_B,114,1.0,0.623015873015873,0.5424288341594464,0.7047090421534468,0.6654040404040404,0.5792991186660804,0.7512316162736568,ft2,1
val,malignant,oracle_density,density_C,162,1.0,0.6507702823492297,0.5600703874982103,0.7430849476353183,0.6818613485280152,0.5781420092350441,0.7696477476049166,ft2,1
val,malignant,oracle_density,density_D,40,1.0,0.4813119755911518,0.3387975992447062,0.6410774410774411,0.703125,0.5488936335403727,0.8529103535353537,ft2,1
val,malignant,oracle_mass,all,356,0.315,0.6775849056603773,0.6270653310114027,0.7299958979460394,0.7569174082313682,0.7088393585571043,0.8077209108448278,ft2,1
val,malignant,oracle_mass,density_A,38,0.526,0.8782051282051282,0.7537174699498191,1.0,0.9553571428571428,0.8947295321637427,1.0,ft2,1
val,malignant,oracle_mass,density_B,114,0.36,0.6305774823431658,0.5489918782340337,0.7118344355872961,0.7086489898989898,0.6239512520525451,0.7920386904761905,ft2,1
val,malignant,oracle_mass,density_C,162,0.241,0.6733870967741935,0.58818891469766,0.7636902534673585,0.7016144349477683,0.5903933690934654,0.7957691545143776,ft2,1
val,malignant,oracle_mass,density_D,40,0.275,0.5807127882599581,0.4264617630362501,0.7104851549404937,0.7421875,0.5381392045454545,0.87265625,ft2,1
val,malignant,oracle_calc,all,356,0.242,0.6492275314487971,0.5874747911575275,0.6869688511044532,0.7361999443826474,0.6781009079459972,0.7886271086867721,ft2,1
val,malignant,oracle_calc,density_A,38,0.079,0.7317647058823529,0.5375494071146245,0.8845590426930833,0.9077380952380952,0.8006093544137023,0.9807478728168384,ft2,1
val,malignant,oracle_calc,density_B,114,0.246,0.649522226838388,0.5753340520985935,0.7232031709790525,0.6912878787878788,0.6177619790713982,0.7715027467585862,ft2,1
val,malignant,oracle_calc,density_C,162,0.241,0.6122028614373991,0.5111029873434454,0.7094234062205252,0.7016144349477682,0.6052992472037468,0.7905931089741935,ft2,1
val,malignant,oracle_calc,density_D,40,0.4,0.6011396011396011,0.4515218177434908,0.7383210227272727,0.7369791666666666,0.5610778985507247,0.883895202020202,ft2,1
val,malignant,oracle_other,all,356,0.022,0.6507169811320754,0.5963799156524076,0.7033622023556962,0.7279963848720801,0.6708306105451984,0.7742039548970806,ft2,1
val,malignant,oracle_other,density_A,38,0.0,0.7913725490196079,0.5831610275689223,0.9329350255427842,0.925595238095238,0.8379761904761905,1.0,ft2,1
val,malignant,oracle_other,density_B,114,0.018,0.623015873015873,0.5424288341594464,0.7047090421534468,0.6865530303030304,0.5979172363503783,0.7752668564555558,ft2,1
val,malignant,oracle_other,density_C,162,0.031,0.6322162162162162,0.5417953929539295,0.7235525789813024,0.67008547008547,0.5663035714285715,0.7575688937024228,ft2,1
val,malignant,oracle_other,density_D,40,0.025,0.5807127882599581,0.4149537037037036,0.7211701988487702,0.6979166666666667,0.5136243386243385,0.8511931818181818,ft2,1
val,birads,pred,all,9182,1.0,0.3879951337113668,0.3641126888438579,0.4179791622573083,0.8004620031140137,0.7846162238263223,0.8132645754680801,ft2,1
val,birads,pred,density_A,1031,1.0,0.4275479477857138,0.3381731925997996,0.5119740559106897,0.8673945577991106,0.8289792782763367,0.9042988700947514,ft2,1
val,birads,pred,density_B,3388,1.0,0.4008128744603303,0.3546242223163056,0.4453030800047199,0.8203418123389479,0.7977423228949945,0.8449316056888144,ft2,1
val,birads,pred,density_C,4050,1.0,0.3695217751555006,0.3259561827107917,0.4140477676278383,0.7714966643017229,0.7526855276834095,0.7915037589692143,ft2,1
val,birads,pred,density_D,669,1.0,0.3380560601888208,0.3019004151306956,0.3752927531012356,0.7664372813288852,0.7114527624096965,0.8160486580936359,ft2,1
val,birads,oracle,all,9182,0.0,0.4675209135721162,0.4380750363646584,0.5008397058433187,0.911021262833318,0.90204708958583,0.919579221431342,ft2,1
val,birads,oracle,density_A,1031,0.0,0.487141621982348,0.3928137833160796,0.5660813229896764,0.9688519512726784,0.9556046925658512,0.9788655259669128,ft2,1
val,birads,oracle,density_B,3388,0.0,0.464055316065037,0.4216744125402844,0.5082285314411937,0.9498540956437882,0.9381267468236764,0.9612151973379992,ft2,1
val,birads,oracle,density_C,4050,0.0,0.4423318669508507,0.4014359149294587,0.4811818348733575,0.8826108807703644,0.8703200051357467,0.896245368469029,ft2,1
val,birads,oracle,density_D,669,0.0,0.5507898414055878,0.4023180685836564,0.6263408351041347,0.8975065010624199,0.8637101425916851,0.9235059183277168,ft2,1
val,birads,oracle_density,all,9182,0.995,0.3922943712612948,0.364854514929503,0.4228294773108854,0.7950227381833652,0.7779694750170316,0.8083137017373192,ft2,1
val,birads,oracle_density,density_A,1031,1.0,0.4261534975894452,0.3381443142843002,0.5119740559106897,0.8636087290399825,0.824770253302446,0.9007308827832315,ft2,1
val,birads,oracle_density,density_B,3388,1.0,0.4075850210207049,0.3601814651241034,0.4524847346573256,0.8180991291743887,0.7964136541448795,0.8407356211097072,ft2,1
val,birads,oracle_density,density_C,4050,1.0,0.3700648350283383,0.3274621846425859,0.4161919860819536,0.7665742597661112,0.746856488410426,0.7877242507937601,ft2,1
val,birads,oracle_density,density_D,669,1.0,0.3463230543050137,0.3050296579914635,0.3929725449546998,0.7559007033801591,0.6893812371404926,0.8122575679387904,ft2,1
val,birads,oracle_mass,all,9182,0.028,0.4436467069702797,0.4110314830268713,0.4788842411556702,0.8645715175549415,0.85399068225872,0.8751758449066801,ft2,1
val,birads,oracle_mass,density_A,1031,0.027,0.4887303120012186,0.406047580020433,0.5609783460511338,0.9220408329625958,0.8973974809315846,0.9478624511443968,ft2,1
val,birads,oracle_mass,density_B,3388,0.025,0.4391918759826879,0.3913757165507483,0.4788938399822821,0.8917196305193864,0.8774261316725384,0.9049947873170366,ft2,1
val,birads,oracle_mass,density_C,4050,0.028,0.4190735109529916,0.382682371477967,0.4590989181175299,0.8331822377379229,0.8174867540900362,0.8499705645786526,ft2,1
val,birads,oracle_mass,density_D,669,0.039,0.5034339593868894,0.358039283921708,0.574733720758897,0.8347765213491656,0.7879999253294222,0.8628790369102104,ft2,1
val,birads,oracle_calc,all,9182,0.023,0.4175331985836125,0.390150237644233,0.4462291143847821,0.8791759923828233,0.8677762960311435,0.8894754819738165,ft2,1
val,birads,oracle_calc,density_A,1031,0.007,0.446987049225895,0.3559752575923142,0.5212619593590314,0.933121593098511,0.9111256698246768,0.9541819166058167,ft2,1
val,birads,oracle_calc,density_B,3388,0.02,0.4262196981075909,0.376325095167863,0.4696712844866424,0.9062577924481874,0.8924730365634356,0.9194737543444428,ft2,1
val,birads,oracle_calc,density_C,4050,0.024,0.4048892940178413,0.3606237440086656,0.4504846563905088,0.8637893547455201,0.8462930637457077,0.8798832308972214,ft2,1
val,birads,oracle_calc,density_D,669,0.052,0.3758469073408952,0.3351011800385762,0.4162911094143408,0.8686197570901241,0.8277591395552626,0.9000438170529579,ft2,1
val,birads,oracle_other,all,9182,0.83,0.3797706777400201,0.3562280782336053,0.4127912504059544,0.7816622875807848,0.7655972415711864,0.7955133121114216,ft2,1
val,birads,oracle_other,density_A,1031,0.835,0.4279591206844658,0.3348590760103864,0.5109373290812441,0.8441652611431063,0.7869209656664597,0.8908746238445174,ft2,1
val,birads,oracle_other,density_B,3388,0.821,0.3927075950387441,0.3492911218955641,0.4370115586394759,0.7996977988757267,0.773728575460098,0.8264757855576372,ft2,1
val,birads,oracle_other,density_C,4050,0.846,0.3623214230408972,0.3189256264913023,0.4021919029684332,0.7408406115469416,0.7163104618743347,0.7673785754221397,ft2,1
val,birads,oracle_other,density_D,669,0.797,0.3178278507851432,0.2842231949157713,0.3503344807990312,0.7492736755280858,0.6874760874046829,0.8042034149925884,ft2,1
test_cbis_ddsm,malignant,pred,all,369,1.0,0.6554158542325018,0.6087730820628076,0.6949641356567159,0.7090407470288624,0.6599633987482123,0.7622664435917931,ft2,2
test_cbis_ddsm,malignant,pred,density_A,38,1.0,0.6518675123326286,0.4927148579194212,0.7959542230818827,0.7559523809523809,0.573421912624699,0.9074722222222222,ft2,2
test_cbis_ddsm,malignant,pred,density_B,145,1.0,0.6823809523809523,0.5962207357910178,0.7654419542394129,0.7524290711232025,0.6551482858539311,0.8368961675189129,ft2,2
test_cbis_ddsm,malignant,pred,density_C,112,1.0,0.6888888888888889,0.5923824967587645,0.7453676926521755,0.7007077856420627,0.5934407910575196,0.7822759473768366,ft2,2
test_cbis_ddsm,malignant,pred,density_D,73,1.0,0.5299242424242424,0.4113113801828094,0.6450146627565984,0.604420731707317,0.4780746596398769,0.7327479536746778,ft2,2
test_cbis_ddsm,malignant,oracle,all,369,0.0,0.7137962453971098,0.6690305281112304,0.7586940609178614,0.7688273102110113,0.7249594226906227,0.8250556795506869,ft2,2
test_cbis_ddsm,malignant,oracle,density_A,38,0.0,0.7301136363636364,0.5700029807172665,0.8582375478927202,0.8035714285714286,0.665578775369797,0.9253041641616304,ft2,2
test_cbis_ddsm,malignant,oracle,density_B,145,0.0,0.7167563962075372,0.6448281573498965,0.7929144768275204,0.7990672366886903,0.7238684822640047,0.8697934147580543,ft2,2
test_cbis_ddsm,malignant,oracle,density_C,112,0.0,0.7472222222222222,0.6587054798762546,0.8066723909075825,0.7660936973373778,0.6528293285055957,0.849601352398667,ft2,2
test_cbis_ddsm,malignant,oracle,density_D,73,0.0,0.6281347962382445,0.5291225559344627,0.7409603472333672,0.6852134146341462,0.5738859456826209,0.8103628026412326,ft2,2
test_cbis_ddsm,malignant,oracle_density,all,369,0.997,0.6503935245626469,0.5983810517895894,0.6962410557910923,0.7110417171962163,0.6589476097885636,0.7624566001099732,ft2,2
test_cbis_ddsm,malignant,oracle_density,density_A,38,1.0,0.6274509803921569,0.4613631547281218,0.7632620993086111,0.7529761904761905,0.5712778154024767,0.9074722222222222,ft2,2
test_cbis_ddsm,malignant,oracle_density,density_B,145,1.0,0.6756152125279642,0.5884762696136849,0.7569199212997852,0.7471822774970851,0.6539248881321142,0.830392060784481,ft2,2
test_cbis_ddsm,malignant,oracle_density,density_C,112,1.0,0.7002503669170336,0.6089633728310979,0.7664493130121677,0.709133805190428,0.6070494848275255,0.7928062015503877,ft2,2
test_cbis_ddsm,malignant,oracle_density,density_D,73,1.0,0.5147198480531814,0.3951427407191164,0.6273715534654918,0.6135670731707317,0.4901792264961744,0.7424233716475096,ft2,2
test_cbis_ddsm,malignant,oracle_mass,all,369,0.512,0.696546052631579,0.6579496582535223,0.7423094498177312,0.7539413048750909,0.7104276815662525,0.802138566450852,ft2,2
test_cbis_ddsm,malignant,oracle_mass,density_A,38,0.632,0.7548387096774194,0.6117001770607909,0.8768773291925467,0.7946428571428571,0.6535861713106296,0.9168114973262032,ft2,2
test_cbis_ddsm,malignant,oracle_mass,density_B,145,0.593,0.723493516399695,0.6501825482225412,0.8001230101276419,0.7969296541002721,0.716192218850801,0.8713767346783652,ft2,2
test_cbis_ddsm,malignant,oracle_mass,density_C,112,0.509,0.7033239340340084,0.606777257074957,0.765572933199847,0.7266599258510279,0.6242235191949119,0.8117830688036314,ft2,2
test_cbis_ddsm,malignant,oracle_mass,density_D,73,0.301,0.5852272727272727,0.4733881320137479,0.6974456438377177,0.6577743902439024,0.5340792707210227,0.7791019552802558,ft2,2
test_cbis_ddsm,malignant,oracle_calc,all,369,0.374,0.67489476418895,0.6225918837404016,0.7241247438307676,0.7264128062090711,0.6758657663502436,0.7863600879078545,ft2,2
test_cbis_ddsm,malignant,oracle_calc,density_A,38,0.211,0.6274509803921569,0.4582591113841114,0.7772070393374741,0.7559523809523809,0.564709247543411,0.908,ft2,2
test_cbis_ddsm,malignant,oracle_calc,density_B,145,0.283,0.6891228738863214,0.613473578767367,0.7665013609578828,0.7528177225029149,0.6638947391806629,0.8294586596026204,ft2,2
test_cbis_ddsm,malignant,oracle_calc,density_C,112,0.375,0.7328385899814471,0.647228771800691,0.7937236355729506,0.7472194135490395,0.6541637630662022,0.8307605618466899,ft2,2
test_cbis_ddsm,malignant,oracle_calc,density_D,73,0.63,0.5591272160529904,0.4507027168234064,0.6772225353556057,0.631859756097561,0.51389221158958,0.7749598593164617,ft2,2
test_cbis_ddsm,malignant,oracle_other,all,369,0.0,0.6554158542325018,0.6087730820628076,0.6949641356567159,0.7085859810817365,0.6597600763083589,0.7619099156150633,ft2,2
test_cbis_ddsm,malignant,oracle_other,density_A,38,0.0,0.6518675123326286,0.4927148579194212,0.7959542230818827,0.7559523809523809,0.573421912624699,0.9074722222222222,ft2,2
test_cbis_ddsm,malignant,oracle_other,density_B,145,0.0,0.6823809523809523,0.5962207357910178,0.7654419542394129,0.7516517683637778,0.6547216403668018,0.8354696037055198,ft2,2
test_cbis_ddsm,malignant,oracle_other,density_C,112,0.0,0.6888888888888889,0.5923824967587645,0.7453676926521755,0.7003707448601282,0.5922205157133394,0.7819500783928793,ft2,2
test_cbis_ddsm,malignant,oracle_other,density_D,73,0.0,0.5299242424242424,0.4113113801828094,0.6450146627565984,0.604420731707317,0.4780746596398769,0.7327479536746778,ft2,2
test_cbis_ddsm,birads,pred,all,344,1.0,0.3593490108893901,0.3057746873917173,0.4675073184811718,0.7067928776840716,0.6771582849087274,0.8034301615766215,ft2,2
test_cbis_ddsm,birads,pred,density_A,38,1.0,0.4352380952380952,0.2872131880684512,0.5286374007936507,0.8202895894428153,0.7335273953817152,0.90062787010139,ft2,2
test_cbis_ddsm,birads,pred,density_B,133,1.0,0.3548607664736697,0.2777553211343102,0.5042659438781151,0.6862807118524751,0.6397452837603961,0.7864951497743485,ft2,2
test_cbis_ddsm,birads,pred,density_C,101,1.0,0.3531914893617021,0.2678220063752791,0.5174176983813122,0.7908168257704059,0.7221039404403893,0.8590369226926843,ft2,2
test_cbis_ddsm,birads,pred,density_D,71,1.0,0.2569794050343249,0.1991861306324927,0.4152311732021878,0.6138609498458882,0.5223174902292296,0.7350347836379273,ft2,2
test_cbis_ddsm,birads,oracle,all,344,0.0,0.4193649793375445,0.3741764363448718,0.5711966980798044,0.7125450641423211,0.685506455958622,0.8501388147514317,ft2,2
test_cbis_ddsm,birads,oracle,density_A,38,0.0,0.4364035087719298,0.2611786005711954,0.5571498599439776,0.8133791108085463,0.7254687252426222,0.8827313538902403,ft2,2
test_cbis_ddsm,birads,oracle,density_B,133,0.0,0.4506506506506506,0.3782032318829372,0.6271549907199816,0.7139780509321301,0.6772323889566516,0.8588772266066244,ft2,2
test_cbis_ddsm,birads,oracle,density_C,101,0.0,0.5164356946013997,0.3865992930225108,0.6333824301374092,0.8330452908507529,0.7675385911049312,0.8859826120766385,ft2,2
test_cbis_ddsm,birads,oracle,density_D,71,0.0,0.2962662337662337,0.2256048131637754,0.4596381474642344,0.7033731727458009,0.5860152172174904,0.7915379267843495,ft2,2
test_cbis_ddsm,birads,oracle_density,all,344,0.997,0.3723266585300139,0.3196856168668764,0.4778596270586996,0.699635789677824,0.6664843427196024,0.8071132849330643,ft2,2
test_cbis_ddsm,birads,oracle_density,density_A,38,1.0,0.4787660256410256,0.325949569221628,0.5861994127196333,0.8137240783410138,0.7291261946927114,0.8944688475449989,ft2,2
test_cbis_ddsm,birads,oracle_density,density_B,133,1.0,0.3761864813039309,0.3040484444040439,0.5408946951764662,0.6741118180068059,0.6310076266590818,0.7856671685782768,ft2,2
test_cbis_ddsm,birads,oracle_density,density_C,101,1.0,0.3336879432624113,0.2600736355296759,0.4945009256185225,0.7865787458248713,0.7106237374948152,0.850111391675339,ft2,2
test_cbis_ddsm,birads,oracle_density,density_D,71,1.0,0.2682252388134741,0.2043391304347826,0.4267685765562853,0.6135845713733521,0.5250352810272827,0.7157533295963088,ft2,2
test_cbis_ddsm,birads,oracle_mass,all,344,0.497,0.4066913050519607,0.3570334456303862,0.5266804823901664,0.7098055003563406,0.6784531611270318,0.8442360704339275,ft2,2
test_cbis_ddsm,birads,oracle_mass,density_A,38,0.632,0.5300177763413056,0.3246710000504778,0.6643055555555557,0.8366307080016758,0.7448747282662891,0.8990838372564935,ft2,2
test_cbis_ddsm,birads,oracle_mass,density_B,133,0.586,0.4087465883415916,0.3151598906011614,0.5743276485144108,0.7018254882650619,0.6619061022352896,0.8540299889396367,ft2,2
test_cbis_ddsm,birads,oracle_mass,density_C,101,0.465,0.4120866256950541,0.3297783644717855,0.5763765918759992,0.8256189167385616,0.7569712157447137,0.8791374513753799,ft2,2
test_cbis_ddsm,birads,oracle_mass,density_D,71,0.31,0.2915019762845849,0.2181653390404445,0.4304625950044217,0.6242647451005492,0.5286817331835697,0.7582781296793688,ft2,2
test_cbis_ddsm,birads,oracle_calc,all,344,0.381,0.3580599391860867,0.3191327572471111,0.480209411886519,0.7112651678611286,0.6862702833575532,0.8160667829810764,ft2,2
test_cbis_ddsm,birads,oracle_calc,density_A,38,0.211,0.461038961038961,0.2879981538069773,0.5651109307359307,0.8043045664013406,0.7122867243838582,0.8786359041564054,ft2,2
test_cbis_ddsm,birads,oracle_calc,density_B,133,0.278,0.3433891281089637,0.2678753055561543,0.4823622929122549,0.7009982630490011,0.6609632705717559,0.8032572009846393,ft2,2
test_cbis_ddsm,birads,oracle_calc,density_C,101,0.406,0.4658783245739767,0.3243885528362329,0.5593503800261523,0.7996861072082744,0.7477345398416255,0.851222787514157,ft2,2
test_cbis_ddsm,birads,oracle_calc,density_D,71,0.62,0.2569794050343249,0.2015504567513559,0.4068682206136966,0.6841069200977883,0.5356562766593534,0.7750850369725609,ft2,2
test_cbis_ddsm,birads,oracle_other,all,344,0.0,0.3593490108893901,0.3057746873917173,0.4675073184811718,0.7066355755562631,0.676818537140602,0.8031912141433301,ft2,2
test_cbis_ddsm,birads,oracle_other,density_A,38,0.0,0.4352380952380952,0.2872131880684512,0.5286374007936507,0.8202895894428153,0.7335273953817152,0.90062787010139,ft2,2
test_cbis_ddsm,birads,oracle_other,density_B,133,0.0,0.3548607664736697,0.2777553211343102,0.5042659438781151,0.6861377471487302,0.6390731885942704,0.786744254966431,ft2,2
test_cbis_ddsm,birads,oracle_other,density_C,101,0.0,0.3531914893617021,0.2678220063752791,0.5174176983813122,0.7908168257704059,0.7221039404403893,0.8590369226926843,ft2,2
test_cbis_ddsm,birads,oracle_other,density_D,71,0.0,0.2569794050343249,0.1991861306324927,0.4152311732021878,0.6138609498458882,0.5223174902292296,0.7350347836379273,ft2,2
test_cdd_cesm,malignant,pred,all,566,1.0,0.7303523726881391,0.6868453004691548,0.7735740315406834,0.7663114040719656,0.7205841216669271,0.8152862809542418,ft2,2
test_cdd_cesm,malignant,pred,density_B,183,1.0,0.7881944444444444,0.7133342058682954,0.8540632006976979,0.8100506531591575,0.7211311875793582,0.8884046863988724,ft2,2
test_cdd_cesm,malignant,pred,density_C,295,1.0,0.7072250893211591,0.6518496550819314,0.7600831128352877,0.8085243092739346,0.7399710728141806,0.8628409515530583,ft2,2
test_cdd_cesm,malignant,pred,density_D,36,1.0,0.5764705882352942,0.3980546062125009,0.7638326585695007,0.698051948051948,0.4331178977272727,0.8846739130434782,ft2,2
test_cdd_cesm,malignant,oracle,all,566,0.011,0.7173230593607306,0.6745547878985834,0.7606152063769225,0.8946125640257386,0.8555747395215514,0.9284404239009724,ft2,2
test_cdd_cesm,malignant,oracle,density_B,183,0.016,0.7881944444444444,0.7227470441595055,0.8436560186394914,0.93801652892562,0.8920080967710468,0.9793329006219528,ft2,2
test_cdd_cesm,malignant,oracle,density_C,295,0.007,0.6796623231049461,0.6126271630276213,0.7365438475665749,0.9090008567144998,0.8651086136806367,0.9509167423757476,ft2,2
test_cdd_cesm,malignant,oracle,density_D,36,0.028,0.5764705882352942,0.3832910628019323,0.7638544891640867,0.935064935064935,0.8609601449275363,0.994200589364035,ft2,2
test_cdd_cesm,malignant,oracle_density,all,566,0.915,0.7303523726881391,0.6875310148851085,0.7711040412437684,0.7679949778139221,0.7189638855709704,0.8151800262790044,ft2,2
test_cdd_cesm,malignant,oracle_density,density_B,183,1.0,0.7966121181926187,0.7239139485886465,0.8632040786144753,0.8268461743535057,0.7397918206454792,0.9072355536059854,ft2,2
test_cdd_cesm,malignant,oracle_density,density_C,295,1.0,0.7072250893211591,0.6433550692861967,0.7628761611530138,0.8202505889912187,0.7556850764430487,0.8750387830586153,ft2,2
test_cdd_cesm,malignant,oracle_density,density_D,36,1.0,0.5178571428571428,0.3702777777777777,0.6826132872503841,0.6525974025974026,0.4377384250098932,0.8592532467532468,ft2,2
test_cdd_cesm,malignant,oracle_mass,all,566,0.309,0.7817236753856471,0.7421594322814893,0.8187614308170267,0.849947923354592,0.8083716548414832,0.8897148149023707,ft2,2
test_cdd_cesm,malignant,oracle_mass,density_B,183,0.388,0.8388138578978274,0.7819132144523415,0.8878973558033333,0.8886963476406291,0.8277548048468991,0.949090340159052,ft2,2
test_cdd_cesm,malignant,oracle_mass,density_C,295,0.281,0.7399757188710938,0.6898727739439962,0.7899842853414315,0.8619618762047547,0.8121247859257461,0.9067889142552182,ft2,2
test_cdd_cesm,malignant,oracle_mass,density_D,36,0.278,0.6782522343594837,0.4517094017094017,0.8518518518518519,0.7987012987012987,0.5960385878489327,0.939815685045948,ft2,2
test_cdd_cesm,malignant,oracle_calc,all,566,0.025,0.703602848764139,0.6566438085166094,0.7484033135661713,0.7425416256473911,0.6917071754383468,0.79475626874148,ft2,2
test_cdd_cesm,malignant,oracle_calc,density_B,183,0.022,0.744055944055944,0.6689571865848065,0.8142852401126716,0.7652625966408959,0.6680793646516967,0.845505007558579,ft2,2
test_cdd_cesm,malignant,oracle_calc,density_C,295,0.024,0.6839339467015867,0.62725898872347,0.7456547596936168,0.7700257014349968,0.7109522894915539,0.8275239751871208,ft2,2
test_cdd_cesm,malignant,oracle_calc,density_D,36,0.056,0.5764705882352942,0.3980546062125009,0.7638326585695007,0.7175324675324676,0.4817359949832776,0.9094332298136646,ft2,2
test_cdd_cesm,malignant,oracle_other,all,566,1.0,0.7068442471328154,0.6624281735964158,0.7502427035037957,0.794375722295938,0.7547793948991974,0.8443691968011818,ft2,2
test_cdd_cesm,malignant,oracle_other,density_B,183,1.0,0.7531735956839098,0.6792709594051876,0.8297620876997418,0.8375099973340442,0.7458691798903575,0.914737125861016,ft2,2
test_cdd_cesm,malignant,oracle_other,density_C,295,1.0,0.6907129329004329,0.6309887356545874,0.745559854258935,0.8256050546155493,0.7676108595579423,0.878743328502997,ft2,2
test_cdd_cesm,malignant,oracle_other,density_D,36,1.0,0.5178571428571428,0.3702777777777777,0.6826132872503841,0.7727272727272727,0.495094905094905,0.963804347826087,ft2,2
test_cdd_cesm,birads,pred,all,566,1.0,0.3906225889004083,0.3495932151331474,0.4310649109019211,0.7594384948613866,0.7346485874818353,0.7797698872932751,ft2,2
test_cdd_cesm,birads,pred,density_B,183,1.0,0.4508470711001155,0.3711933081642113,0.514542204287922,0.810651651541131,0.7583197447737557,0.8600009141822736,ft2,2
test_cdd_cesm,birads,pred,density_C,295,1.0,0.3589643950706668,0.2978998792957715,0.402068081515886,0.7406616729298163,0.7068177711944394,0.7715634293912077,ft2,2
test_cdd_cesm,birads,pred,density_D,36,1.0,0.3312237762237762,0.1880773239917977,0.4787893322648314,0.7949184496059496,0.7032736453339513,0.8950225091000953,ft2,2
test_cdd_cesm,birads,oracle,all,566,0.011,0.4613550035466159,0.4239972206257582,0.4923388181866998,0.7666568226186355,0.7452753665569088,0.7886932273796486,ft2,2
test_cdd_cesm,birads,oracle,density_B,183,0.016,0.4386580724051325,0.3652971113389563,0.5038498677640315,0.8012054762896488,0.7667470335770794,0.8437248553788146,ft2,2
test_cdd_cesm,birads,oracle,density_C,295,0.007,0.5030977604309038,0.4513166990693473,0.5406408739423118,0.7913080803388789,0.7603740600545106,0.8181542750817603,ft2,2
test_cdd_cesm,birads,oracle,density_D,36,0.028,0.4731372549019608,0.269890826873385,0.573388888888889,0.807121108058608,0.716503681830213,0.8855119436429738,ft2,2
test_cdd_cesm,birads,oracle_density,all,566,0.915,0.4124394918787588,0.3708835872025524,0.4569002809816973,0.7596682640351704,0.7353999722353443,0.7808207852397996,ft2,2
test_cdd_cesm,birads,oracle_density,density_B,183,1.0,0.4922861265718408,0.408118891040503,0.5508213349468762,0.8115843353356279,0.760703060247413,0.8599130048360958,ft2,2
test_cdd_cesm,birads,oracle_density,density_C,295,1.0,0.3732793502465633,0.3155172555982553,0.4189286071100764,0.7401098663647672,0.7048119169989757,0.7705774799075579,ft2,2
test_cdd_cesm,birads,oracle_density,density_D,36,1.0,0.3312237762237762,0.1880773239917977,0.4787893322648314,0.8040319402819402,0.7038355568336869,0.8998417534208917,ft2,2
test_cdd_cesm,birads,oracle_mass,all,566,0.309,0.4402630531057544,0.404068321217741,0.4729647985748612,0.7862412615612914,0.767076386244372,0.8116652950094733,ft2,2
test_cdd_cesm,birads,oracle_mass,density_B,183,0.388,0.4511858766368825,0.3824590169144362,0.5195055915086486,0.8476228723616757,0.8151156853183865,0.8841016709618978,ft2,2
test_cdd_cesm,birads,oracle_mass,density_C,295,0.281,0.4437501556823591,0.3865856491110302,0.4880930233214529,0.7598409199010969,0.7261009374223477,0.7905981357688453,ft2,2
test_cdd_cesm,birads,oracle_mass,density_D,36,0.278,0.4193306693306693,0.292917625759731,0.5190667039054135,0.8262874278499279,0.7590688600961482,0.915365880229169,ft2,2
test_cdd_cesm,birads,oracle_calc,all,566,0.025,0.4267524905327973,0.3959832347655174,0.4622461586424122,0.7795053000100598,0.7583521651882517,0.8040460999563612,ft2,2
test_cdd_cesm,birads,oracle_calc,density_B,183,0.022,0.439836076678182,0.3710218632099458,0.4999746199087366,0.8169244610659367,0.7694331625899195,0.8629664176216334,ft2,2
test_cdd_cesm,birads,oracle_calc,density_C,295,0.024,0.4162800162800162,0.3614967777988079,0.467049059848079,0.7937971641709121,0.7598740440422554,0.8220515302082819,ft2,2
test_cdd_cesm,birads,oracle_calc,density_D,36,0.056,0.4264646464646464,0.2577860473457675,0.5647988922841864,0.8630951687201687,0.7490443562505648,0.9302906319414322,ft2,2
test_cdd_cesm,birads,oracle_other,all,566,1.0,0.4062525381512877,0.3609410087990227,0.4410995758948193,0.7648953115619036,0.7360456506507669,0.7896003543649953,ft2,2
test_cdd_cesm,birads,oracle_other,density_B,183,1.0,0.4529665748155801,0.3765588145025902,0.5225890263460898,0.8171273170731009,0.7650649716423011,0.8689760781845155,ft2,2
test_cdd_cesm,birads,oracle_other,density_C,295,1.0,0.3641041960011264,0.3093194435464625,0.4153033621301231,0.739537085346831,0.7054603153707543,0.7717136319859454,ft2,2
test_cdd_cesm,birads,oracle_other,density_D,36,1.0,0.3210714285714285,0.1752326672295712,0.451117533137657,0.7682381160506161,0.6697611906527928,0.8939283334003161,ft2,2
test_cmmd,malignant,pred,all,1867,1.0,0.4497029159759999,0.4273140533465593,0.4686645795522419,0.7622635076615131,0.7403635869651167,0.7836919787204213,ft2,2
test_cmmd,malignant,oracle,all,1867,0.0,0.4585191138444335,0.4348743948576369,0.4787077225482388,0.7765609662882422,0.7558610368779854,0.797293839083811,ft2,2
test_cmmd,malignant,oracle_density,all,1867,0.0,0.4497029159759999,0.4273140533465593,0.4686645795522419,0.7622635076615131,0.7403635869651167,0.7836919787204213,ft2,2
test_cmmd,malignant,oracle_mass,all,1867,0.0,0.4572876762762259,0.4355437299297219,0.4772292072947707,0.788293818273802,0.7673598812024849,0.8089041259038411,ft2,2
test_cmmd,malignant,oracle_calc,all,1867,0.0,0.4503255644308276,0.4280418728384113,0.4692537527575483,0.7594713789623895,0.7375030034429098,0.781800384018842,ft2,2
test_cmmd,malignant,oracle_other,all,1867,0.0,0.4497029159759999,0.4273140533465593,0.4686645795522419,0.7622635076615131,0.7403635869651167,0.7836919787204213,ft2,2
test_embed,malignant,pred,all,297,1.0,0.5795839380745041,0.5148711467525615,0.6448471688356583,0.6296809986130374,0.558374318850843,0.7016255274257324,ft2,2
test_embed,malignant,pred,density_A,29,1.0,0.4629629629629629,0.4253936170212766,0.4918032786885246,0.47,0.0659935897435897,0.8671964017990996,ft2,2
test_embed,malignant,pred,density_B,104,1.0,0.5973523167228675,0.4780023228803716,0.695867845220143,0.6098856209150326,0.4765109024076894,0.7256955277359027,ft2,2
test_embed,malignant,pred,density_C,138,1.0,0.551948051948052,0.4740226310984295,0.6381913517592304,0.6613894139886578,0.5750488619331593,0.7524541683720439,ft2,2
test_embed,malignant,pred,density_D,21,1.0,0.4473684210526316,0.3939393939393939,0.4878190584231424,0.3382352941176471,0.0329166666666666,0.8015476190476185,ft2,2
test_embed,malignant,oracle,all,297,0.0,0.6474358974358974,0.5878759774346234,0.7112067872613181,0.7400512109249973,0.6734017085879909,0.8015115437366657,ft2,2
test_embed,malignant,oracle,density_A,29,0.0,0.6716981132075472,0.4509803921568627,0.9214935064935068,0.7200000000000001,0.3563186813186814,1.0,ft2,2
test_embed,malignant,oracle,density_B,104,0.0,0.641592394533571,0.498296177962946,0.7359696495619524,0.7303921568627451,0.611172985657699,0.8430493035342254,ft2,2
test_embed,malignant,oracle,density_C,138,0.0,0.622744669218152,0.5294183921424488,0.7153980984445123,0.7329867674858223,0.6493035453216375,0.823821367522228,ft2,2
test_embed,malignant,oracle,density_D,21,0.0,0.6594594594594595,0.4282738095238095,1.0,0.75,0.352720588235294,1.0,ft2,2
test_embed,malignant,oracle_density,all,297,0.983,0.5849093321539143,0.525853043082657,0.6515129205732408,0.613677584551371,0.5399251071222686,0.6808361182464655,ft2,2
test_embed,malignant,oracle_density,density_A,29,1.0,0.6716981132075472,0.4509803921568627,0.9214935064935068,0.48,0.0664743589743589,0.8805359820089953,ft2,2
test_embed,malignant,oracle_density,density_B,104,1.0,0.6075471698113208,0.4839842578391274,0.7129892985147455,0.5976307189542484,0.4626962485237134,0.7118044587097082,ft2,2
test_embed,malignant,oracle_density,density_C,138,1.0,0.5345125462772522,0.4611970427137275,0.6208944357933716,0.6301984877126655,0.546145282451923,0.7251222814130082,ft2,2
test_embed,malignant,oracle_density,density_D,21,1.0,0.4473684210526316,0.3939393939393939,0.4878190584231424,0.2794117647058823,0.0,0.7218072755417954,ft2,2
test_embed,malignant,oracle_mass,all,297,0.199,0.6155041168246078,0.5521571917612742,0.6765070697020387,0.7361037021231196,0.6703836948964386,0.7996654860905515,ft2,2
test_embed,malignant,oracle_mass,density_A,29,0.069,0.4629629629629629,0.4253936170212766,0.4918032786885246,0.68,0.2708333333333334,1.0,ft2,2
test_embed,malignant,oracle_mass,density_B,104,0.25,0.6248196248196248,0.4941829565048006,0.7289699366539911,0.7287581699346406,0.5901197102810006,0.8471377306903622,ft2,2
test_embed,malignant,oracle_mass,density_C,138,0.181,0.5852578298006961,0.4907926136363637,0.6758502601311619,0.7346408317580341,0.6541545891115643,0.8129170085193841,ft2,2
test_embed,malignant,oracle_mass,density_D,21,0.19,0.6594594594594595,0.4282738095238095,1.0,0.7794117647058824,0.3861928104575164,1.0,ft2,2
test_embed,malignant,oracle_calc,all,297,0.094,0.598134168921806,0.5391349563639503,0.6687858464426987,0.6632881681425371,0.600262765328604,0.7306941422749101,ft2,2
test_embed,malignant,oracle_calc,density_A,29,0.0,0.4629629629629629,0.4253936170212766,0.4918032786885246,0.5599999999999999,0.2260729166666666,0.9039148351648352,ft2,2
test_embed,malignant,oracle_calc,density_B,104,0.087,0.5973523167228675,0.4780023228803716,0.695867845220143,0.6495098039215687,0.5046054244768962,0.7843717442352617,ft2,2
test_embed,malignant,oracle_calc,density_C,138,0.116,0.5909637106464791,0.5089718638473029,0.6757526922306655,0.6677693761814745,0.5723242745045564,0.7594207359591976,ft2,2
test_embed,malignant,oracle_calc,density_D,21,0.143,0.4473684210526316,0.3939393939393939,0.4878190584231424,0.5735294117647058,0.1013157894736842,0.8949109907120744,ft2,2
test_embed,malignant,oracle_other,all,297,0.03,0.5795839380745041,0.5148711467525615,0.6448471688356583,0.6308012375973542,0.5571692108589105,0.7048240797761829,ft2,2
test_embed,malignant,oracle_other,density_A,29,0.034,0.4629629629629629,0.4253936170212766,0.4918032786885246,0.44,0.0659935897435897,0.826765217391304,ft2,2
test_embed,malignant,oracle_other,density_B,104,0.029,0.5973523167228675,0.4780023228803716,0.695867845220143,0.604983660130719,0.4832723324119916,0.722456494057725,ft2,2
test_embed,malignant,oracle_other,density_C,138,0.029,0.551948051948052,0.4740226310984295,0.6381913517592304,0.6734404536862003,0.5924316314776841,0.7666582545980409,ft2,2
test_embed,malignant,oracle_other,density_D,21,0.048,0.4473684210526316,0.3939393939393939,0.4878190584231424,0.2352941176470588,0.0,0.6821428571428566,ft2,2
test_embed,birads,pred,all,11881,1.0,0.3434001152070425,0.3123023408095421,0.3734642128563656,0.7928397192820688,0.7785278694098836,0.8092825715231973,ft2,2
test_embed,birads,pred,density_A,1547,1.0,0.3093526317101753,0.253997567346325,0.4514451372884482,0.6658265255060458,0.6087244647633219,0.8422083186681427,ft2,2
test_embed,birads,pred,density_B,4969,1.0,0.3406416354716223,0.2918244074269678,0.3849863550874755,0.799970496061173,0.7698484299321567,0.8214702382697768,ft2,2
test_embed,birads,pred,density_C,4644,1.0,0.3359015471903365,0.2948454771184964,0.3796020134334477,0.7828462887647831,0.7582072397381849,0.803710045894113,ft2,2
test_embed,birads,pred,density_D,642,1.0,0.3360228964711569,0.2422036941584996,0.3922636349968879,0.7417757611267668,0.6641375021316914,0.7994513025321792,ft2,2
test_embed,birads,oracle,all,11881,0.0,0.4428529879623413,0.4125392860634722,0.4704288888108698,0.921246544804966,0.9087467317301152,0.932768497537104,ft2,2
test_embed,birads,oracle,density_A,1547,0.0,0.390372090053506,0.3195673588398021,0.4726693136231963,0.7342914688015647,0.6805323776183392,0.966212951186666,ft2,2
test_embed,birads,oracle,density_B,4969,0.0,0.4275015402089768,0.3788964403895262,0.4708884565511975,0.9462664940512664,0.9285809566617038,0.9604532567718972,ft2,2
test_embed,birads,oracle,density_C,4644,0.0,0.4424134566377466,0.4001570266411141,0.4831849981941881,0.9317906696652216,0.91083696792054,0.9465351722822486,ft2,2
test_embed,birads,oracle,density_D,642,0.0,0.4215383535304033,0.3320290770298432,0.5557385785127272,0.911664499297947,0.870637172270346,0.9431900678337288,ft2,2
test_embed,birads,oracle_density,all,11881,0.993,0.3385656318653532,0.3096982325370192,0.3667179074454843,0.7915460986052697,0.7777991562062296,0.8092353979700018,ft2,2
test_embed,birads,oracle_density,density_A,1547,1.0,0.297950487012987,0.2392617497887472,0.3674990148870189,0.6685726417004358,0.6086193854314037,0.8429661112695511,ft2,2
test_embed,birads,oracle_density,density_B,4969,1.0,0.3406135330463977,0.2881737050596094,0.3859270280918703,0.8031111167277013,0.7735217844171104,0.8242875229053714,ft2,2
test_embed,birads,oracle_density,density_C,4644,1.0,0.3259818173535183,0.286352693152528,0.3661314334266049,0.7830085844055121,0.7587145874121513,0.8056353772370217,ft2,2
test_embed,birads,oracle_density,density_D,642,1.0,0.3375258778985794,0.2525543518938056,0.3851474022967734,0.7329439140093796,0.659696464465695,0.7997490606930834,ft2,2
test_embed,birads,oracle_mass,all,11881,0.02,0.3877908284842521,0.3586071652026726,0.4147865824155798,0.8569304558565435,0.8445762593777478,0.8685241522313081,ft2,2
test_embed,birads,oracle_mass,density_A,1547,0.013,0.3593863722972931,0.298159943955856,0.5111620171460536,0.7835617821828015,0.7347827424034487,0.8975541485537144,ft2,2
test_embed,birads,oracle_mass,density_B,4969,0.014,0.3457221456898912,0.3051789342270865,0.3826016686955533,0.8637345480075022,0.8434724927594702,0.8817301060571396,ft2,2
test_embed,birads,oracle_mass,density_C,4644,0.023,0.3997266545501472,0.3540102193448471,0.4384135687276219,0.8602414363063019,0.8418921535058146,0.8767918070755564,ft2,2
test_embed,birads,oracle_mass,density_D,642,0.044,0.3897254549979664,0.2756323651939544,0.466211588624224,0.826107267422407,0.7816990157638509,0.8622872786406988,ft2,2
test_embed,birads,oracle_calc,all,11881,0.018,0.3823503815418266,0.3530509032097306,0.4115555384230914,0.8875896943942102,0.8772490126379594,0.8981413541555986,ft2,2
test_embed,birads,oracle_calc,density_A,1547,0.008,0.3676152483336544,0.2961910973861336,0.5108737774035235,0.839525027882201,0.8132989421284325,0.9265955553068866,ft2,2
test_embed,birads,oracle_calc,density_B,4969,0.012,0.3913889159680593,0.3445136276709699,0.4347609972352789,0.8999044835887375,0.882074376171933,0.9120467369567388,ft2,2
test_embed,birads,oracle_calc,density_C,4644,0.024,0.3772591296435835,0.3331748180791725,0.4165180683190351,0.8911628179034279,0.8762238412000688,0.9034010195083086,ft2,2
test_embed,birads,oracle_calc,density_D,642,0.033,0.3190383459799983,0.2740550930956096,0.3648989783177215,0.8752198881899955,0.8226743996592677,0.90868916839192,ft2,2
test_embed,birads,oracle_other,all,11881,0.824,0.3426145025444586,0.3120330271806892,0.373335198164057,0.7706476507750928,0.7526545771119871,0.7884937600367834,ft2,2
test_embed,birads,oracle_other,density_A,1547,0.889,0.3037527849567775,0.2495316833356297,0.4451113890798456,0.6113662204932314,0.5449606677887757,0.8274734096233454,ft2,2
test_embed,birads,oracle_other,density_B,4969,0.826,0.3445287126517643,0.2942994642359638,0.3874337451525457,0.7811232490081188,0.7492063936842253,0.8054701718701268,ft2,2
test_embed,birads,oracle_other,density_C,4644,0.816,0.3305043150454934,0.2934851878716585,0.3713173465962066,0.745663760839806,0.7138074153555195,0.7728748472680864,ft2,2
test_embed,birads,oracle_other,density_D,642,0.785,0.3419527325875059,0.2428272194014784,0.3950103206638659,0.7106205763487352,0.6301348082982018,0.7761782770109518,ft2,2
test_embed_fuji,birads,pred,all,3620,1.0,0.1984298508663312,0.1846271515912216,0.2190521011983546,0.5677937947045036,0.4972396068692908,0.6275306255399327,ft2,2
test_embed_fuji,birads,pred,density_A,298,1.0,0.2340398452348629,0.2122946289842057,0.3415500549957327,0.4952417839772025,0.4410228797988842,0.6591883781077005,ft2,2
test_embed_fuji,birads,pred,density_B,1631,1.0,0.2040955100961151,0.1877912997651774,0.2635702685811786,0.6059682338811558,0.4829346670852071,0.7347708421558796,ft2,2
test_embed_fuji,birads,pred,density_C,1554,1.0,0.1914564606264088,0.1735058916816299,0.2514155381636943,0.5365172399610998,0.4290120272103097,0.6388851008809414,ft2,2
test_embed_fuji,birads,pred,density_D,131,1.0,0.1925749204754729,0.1588351368010136,0.2370625658125658,0.5104302477183833,0.3091624149659864,0.6565810381355933,ft2,2
test_embed_fuji,birads,oracle,all,3620,0.0,0.4146918210084319,0.3552097070646384,0.5619367059573288,0.9232108796721246,0.889293843495526,0.9511540432121096,ft2,2
test_embed_fuji,birads,oracle,density_A,298,0.0,0.6141636141636142,0.5771078120482376,0.9546602220111092,0.9506109258982822,0.8912884223337594,1.0,ft2,2
test_embed_fuji,birads,oracle,density_B,1631,0.0,0.5170584936834498,0.3835118374299692,0.7953976922544869,0.9827474264721782,0.9672800573807891,0.9924554611710744,ft2,2
test_embed_fuji,birads,oracle,density_C,1554,0.0,0.3520645952932429,0.3368154019689677,0.4543344719066817,0.9046232382411734,0.8128578457159926,0.9696619520385308,ft2,2
test_embed_fuji,birads,oracle,density_D,131,0.0,0.402708014850404,0.3133501509613856,0.890150095406842,1.0,1.0,1.0,ft2,2
test_embed_fuji,birads,oracle_density,all,3620,0.998,0.1967038921565309,0.1829747725189849,0.2123191527868643,0.5770559238434207,0.4993236224669988,0.6379156872814896,ft2,2
test_embed_fuji,birads,oracle_density,density_A,298,1.0,0.2360600858369098,0.2134783495851059,0.350520189460458,0.4954608803848218,0.4432578721274745,0.6618916984732824,ft2,2
test_embed_fuji,birads,oracle_density,density_B,1631,1.0,0.1983113554813831,0.1850599047237541,0.2577161228199507,0.613180184126574,0.4902932646064498,0.7375708009680453,ft2,2
test_embed_fuji,birads,oracle_density,density_C,1554,1.0,0.1912007360757335,0.1726773155508983,0.2286647445463335,0.5418283913565294,0.4301908559803553,0.640238616962452,ft2,2
test_embed_fuji,birads,oracle_density,density_D,131,1.0,0.1987925260003525,0.1630640999174236,0.2401840189423055,0.5104302477183833,0.3054166666666666,0.6556497175141243,ft2,2
test_embed_fuji,birads,oracle_mass,all,3620,0.004,0.2553715565472487,0.2290833378607647,0.340784497235383,0.7346899584746092,0.65409913111636,0.7774866122980674,ft2,2
test_embed_fuji,birads,oracle_mass,density_A,298,0.0,0.2862512529234881,0.2655588633309405,0.5858438081032572,0.723390698544525,0.6332287590059839,0.8068029232524256,ft2,2
test_embed_fuji,birads,oracle_mass,density_B,1631,0.004,0.3423815083959066,0.2451340315466883,0.4980132552447033,0.8044880846480291,0.6894192125833367,0.8628264286137822,ft2,2
test_embed_fuji,birads,oracle_mass,density_C,1554,0.004,0.2217760733889766,0.2109302178286238,0.2907884359941871,0.658732397869529,0.510419535116914,0.7460887021203122,ft2,2
test_embed_fuji,birads,oracle_mass,density_D,131,0.008,0.2380743342112964,0.2058111841574574,0.3405585689735664,0.6688396349413298,0.4406959706959707,0.8409321152703505,ft2,2
test_embed_fuji,birads,oracle_calc,all,3620,0.008,0.2878419690770242,0.2729837144020501,0.3578845550288617,0.7586126296590971,0.7096926692454911,0.8096820670717007,ft2,2
test_embed_fuji,birads,oracle_calc,density_A,298,0.017,0.3602128180039139,0.325640025334416,0.5331302080964373,0.7300406720096504,0.666592174896358,0.929678104110413,ft2,2
test_embed_fuji,birads,oracle_calc,density_B,1631,0.002,0.2987850357759384,0.2809483069785413,0.3867693285549073,0.7702982575939962,0.6497875110487649,0.8708314976218912,ft2,2
test_embed_fuji,birads,oracle_calc,density_C,1554,0.012,0.2724037564866592,0.2508800560661447,0.3514375157804686,0.7635272407377615,0.6971846164309461,0.8623250381754569,ft2,2
test_embed_fuji,birads,oracle_calc,density_D,131,0.008,0.3186774284905126,0.2441372014907658,0.4727771468934367,0.8265971316818774,0.6439640343316814,0.948223503470214,ft2,2
test_embed_fuji,birads,oracle_other,all,3620,0.914,0.1913485191989573,0.1723382511695513,0.2154497258750502,0.5354999634274332,0.4682032394689844,0.5987400116880893,ft2,2
test_embed_fuji,birads,oracle_other,density_A,298,0.903,0.2966782297908125,0.2635217918494659,0.4594279787000723,0.4517364897348233,0.3855686319497108,0.6200708443727713,ft2,2
test_embed_fuji,birads,oracle_other,density_B,1631,0.917,0.204287731884623,0.1752566790751334,0.2480376645682036,0.5731405307530748,0.4520180465982535,0.708850791180107,ft2,2
test_embed_fuji,birads,oracle_other,density_C,1554,0.916,0.176410705826,0.1615201382447064,0.1958465369555819,0.5009603480257062,0.3881028047192766,0.6184255607353759,ft2,2
test_embed_fuji,birads,oracle_other,density_D,131,0.901,0.142981720610431,0.1154827609994671,0.2680518283388818,0.4569752281616688,0.258032713085234,0.6067803263546797,ft2,2
test_embed_ge,malignant,pred,all,324,1.0,0.5305820674821884,0.4739254185539071,0.5915135032168466,0.650650736078515,0.5974353702723608,0.7118059930097641,ft2,2
test_embed_ge,malignant,pred,density_B,101,1.0,0.5979409746053534,0.4653794309564667,0.714142190601906,0.6766917293233083,0.5626944553935094,0.7877319097400234,ft2,2
test_embed_ge,malignant,pred,density_C,189,1.0,0.4852941176470588,0.4215759173682472,0.5535016553228873,0.6123952247904497,0.5119910860655738,0.6942946105072464,ft2,2
test_embed_ge,malignant,oracle,all,324,0.0,0.5827459669043827,0.5187576989122454,0.6439382057222242,0.6841049711969277,0.6213467533215131,0.7397119522989086,ft2,2
test_embed_ge,malignant,oracle,density_B,101,0.0,0.6208708708708708,0.5094316262124482,0.7483243780478328,0.7034252297410192,0.5762433955471866,0.8353469536792323,ft2,2
test_embed_ge,malignant,oracle,density_C,189,0.0,0.5718959731543625,0.4819541504140743,0.6422609615811924,0.6790703581407164,0.6013515943207018,0.7612901391871952,ft2,2
test_embed_ge,malignant,oracle_density,all,324,0.991,0.5152266235434583,0.464615116368469,0.5787022850611346,0.6459142308512908,0.5915750410795422,0.7063367589776903,ft2,2
test_embed_ge,malignant,oracle_density,density_B,101,1.0,0.5979409746053534,0.4653794309564667,0.714142190601906,0.664578111946533,0.5333607826576576,0.7748931469139382,ft2,2
test_embed_ge,malignant,oracle_density,density_C,189,1.0,0.4710740010093132,0.4151062004270897,0.5388924319727891,0.6165862331724664,0.5248021165826893,0.6921265989517225,ft2,2
test_embed_ge,malignant,oracle_mass,all,324,0.179,0.5717660292463442,0.514973093525632,0.6214793037679398,0.6972477064220184,0.6354556918979345,0.7424204043893363,ft2,2
test_embed_ge,malignant,oracle_mass,density_B,101,0.228,0.6196597844435787,0.4866973714072116,0.7315385058132842,0.7088554720133668,0.585644918173988,0.8225412014885699,ft2,2
test_embed_ge,malignant,oracle_mass,density_C,189,0.143,0.5560402684563759,0.4662273380117829,0.6368594084570791,0.6661163322326645,0.5746880912847048,0.7546412666062802,ft2,2
test_embed_ge,malignant,oracle_calc,all,324,0.136,0.5305820674821884,0.480519229372469,0.5986464100958292,0.6427992319180713,0.582094755684542,0.7025827317161311,ft2,2
test_embed_ge,malignant,oracle_calc,density_B,101,0.109,0.5979409746053534,0.4708092149371223,0.7143771869235055,0.6528822055137845,0.5288007318789322,0.770501599849426,ft2,2
test_embed_ge,malignant,oracle_calc,density_C,189,0.159,0.4991690994834942,0.4321724282661782,0.5615912994262071,0.6333502667005334,0.5438125739820076,0.705973205814584,ft2,2
test_embed_ge,malignant,oracle_other,all,324,0.028,0.5229567307692308,0.4689158549686563,0.5841830898664631,0.6574781310006401,0.5985648339003249,0.7259484720825845,ft2,2
test_embed_ge,malignant,oracle_other,density_B,101,0.01,0.5979409746053534,0.4653794309564667,0.714142190601906,0.7025898078529658,0.5989609074143176,0.8306038177830942,ft2,2
test_embed_ge,malignant,oracle_other,density_C,189,0.016,0.4852941176470588,0.4215759173682472,0.5535016553228873,0.6226822453644907,0.5183979784321581,0.7011343345438606,ft2,2
test_embed_ge,birads,pred,all,21363,1.0,0.287204846734394,0.2751408810578927,0.3044774765187136,0.7429268234939298,0.7206952221011826,0.7621774566082798,ft2,2
test_embed_ge,birads,pred,density_A,1402,1.0,0.3159545009942001,0.2528153386000879,0.3792100664985894,0.7733217030116833,0.6874830657435318,0.8308619256922856,ft2,2
test_embed_ge,birads,pred,density_B,9416,1.0,0.2878490042738898,0.2625717487480101,0.3125538323658219,0.7487980782221989,0.71496577323646,0.7807516796825016,ft2,2
test_embed_ge,birads,pred,density_C,9684,1.0,0.2777459069489583,0.2591734615861948,0.3018126916714771,0.7269599469452566,0.704187021393796,0.7483568373798526,ft2,2
test_embed_ge,birads,pred,density_D,771,1.0,0.2524637948563116,0.2250357695580841,0.3468899825329413,0.6671524067153765,0.6132368094883227,0.7407538930009115,ft2,2
test_embed_ge,birads,oracle,all,21363,0.0,0.408498735912732,0.3874089087432697,0.4331058093189746,0.9150181084103736,0.8967197940842456,0.9266185931680184,ft2,2
test_embed_ge,birads,oracle,density_A,1402,0.0,0.3600337915961948,0.3016856190529413,0.4274291803369778,0.9667070860074342,0.9500906921442136,0.9773534805288172,ft2,2
test_embed_ge,birads,oracle,density_B,9416,0.0,0.4291368183563591,0.3978791852207148,0.4654900714931929,0.9459523837084036,0.9239582802653794,0.9652570772432518,ft2,2
test_embed_ge,birads,oracle,density_C,9684,0.0,0.396016482001273,0.3647816369617017,0.4293860264825818,0.8977846132577325,0.8640295326405385,0.9268861153024144,ft2,2
test_embed_ge,birads,oracle,density_D,771,0.0,0.350703213989557,0.3189457588810875,0.4850619784614793,0.8967213207541611,0.8296498875036927,0.9376040439273562,ft2,2
test_embed_ge,birads,oracle_density,all,21363,0.996,0.2887592944116227,0.276097542574661,0.305069954388614,0.7416559865909997,0.7178988454232299,0.7614077306963202,ft2,2
test_embed_ge,birads,oracle_density,density_A,1402,1.0,0.2790804928210622,0.2365240577458752,0.3344923974947603,0.7691929007500402,0.6802003622478694,0.8249700476957578,ft2,2
test_embed_ge,birads,oracle_density,density_B,9416,1.0,0.2851512388232956,0.2622619795163204,0.3069919308906289,0.7467124875447098,0.7133229229729101,0.7794754164889749,ft2,2
test_embed_ge,birads,oracle_density,density_C,9684,1.0,0.2780160750397963,0.2599853858072969,0.2996030673761717,0.7283284480052281,0.7051173022241755,0.7490271463701369,ft2,2
test_embed_ge,birads,oracle_density,density_D,771,1.0,0.2534806808098733,0.2302402879551565,0.3458954344003285,0.6669355044909838,0.6062564405607079,0.7382893434919624,ft2,2
test_embed_ge,birads,oracle_mass,all,21363,0.016,0.3379371943932036,0.3182464167243559,0.3592475732387107,0.8412313658620478,0.8249745957162788,0.8542866998125274,ft2,2
test_embed_ge,birads,oracle_mass,density_A,1402,0.008,0.3383366017506278,0.2920660777012656,0.3981636234276586,0.8700262249721868,0.8053817749934772,0.9003114657574496,ft2,2
test_embed_ge,birads,oracle_mass,density_B,9416,0.012,0.3453110763252471,0.3149895473242672,0.3775605387652685,0.8561991964166082,0.8331121206309406,0.8772168133910851,ft2,2
test_embed_ge,birads,oracle_mass,density_C,9684,0.019,0.335150556411658,0.3022091769812912,0.3672314368277912,0.8272464608229517,0.8138747324998047,0.8409344295471244,ft2,2
test_embed_ge,birads,oracle_mass,density_D,771,0.038,0.2825256901546889,0.2539369733974819,0.3855249421651422,0.8188332885443625,0.732814446582083,0.8540393671088059,ft2,2
test_embed_ge,birads,oracle_calc,all,21363,0.015,0.3567622670921632,0.3416095645076742,0.3764525663027859,0.8560449179030709,0.8393965637534153,0.8710213606495788,ft2,2
test_embed_ge,birads,oracle_calc,density_A,1402,0.006,0.3806276358364164,0.3270954467547655,0.44446016843307,0.8763238254543708,0.8300842813113645,0.9193793779939746,ft2,2
test_embed_ge,birads,oracle_calc,density_B,9416,0.007,0.366345566559004,0.3428582932192641,0.3961988011730243,0.8708616538695877,0.848423154940638,0.8921341170753347,ft2,2
test_embed_ge,birads,oracle_calc,density_C,9684,0.023,0.3433319537192887,0.3247884131685721,0.3646756964134207,0.8482233941274767,0.829041133049488,0.8667287005474649,ft2,2
test_embed_ge,birads,oracle_calc,density_D,771,0.026,0.3164850003588871,0.2928691553945559,0.420959017527759,0.7915303140476926,0.7524607194831701,0.859769888242868,ft2,2
test_embed_ge,birads,oracle_other,all,21363,0.804,0.2756777650915979,0.2635518900950828,0.2930693704010246,0.7074107901368528,0.6822645321390013,0.7303482420437002,ft2,2
test_embed_ge,birads,oracle_other,density_A,1402,0.842,0.3236171044847137,0.2583877910917919,0.3976510580789875,0.7483150835248438,0.6647108698732755,0.8090867708616493,ft2,2
test_embed_ge,birads,oracle_other,density_B,9416,0.838,0.2792740005784802,0.2544528050496542,0.3012117944749382,0.718795544009729,0.6808008975292436,0.7547149421411525,ft2,2
test_embed_ge,birads,oracle_other,density_C,9684,0.772,0.2633286752055684,0.2433630694990115,0.285055534663573,0.6801299439490343,0.6520082355020707,0.7112224258253763,ft2,2
test_embed_ge,birads,oracle_other,density_D,771,0.764,0.2379788135816996,0.2118995053518519,0.3062007080767315,0.6376051338202398,0.5810987258211006,0.7147200356186412,ft2,2
test_inbreast,birads,pred,all,410,1.0,0.2582818826475656,0.2123814904855489,0.2977711241738356,0.6855464324294737,0.6559012338320048,0.7175752998755108,ft2,2
test_inbreast,birads,pred,density_A,136,1.0,0.2388118953098628,0.161200631968868,0.3184129681249751,0.6862021927286446,0.6445770229968736,0.731338917964159,ft2,2
test_inbreast,birads,pred,density_B,146,1.0,0.2536274307702879,0.2085126131665566,0.312963538186865,0.6187811696788323,0.5550746536144476,0.7172880958410007,ft2,2
test_inbreast,birads,pred,density_C,99,1.0,0.2231113751113751,0.1404251347823389,0.3049017810840368,0.5876189033472465,0.5047271875737388,0.6669831918429845,ft2,2
test_inbreast,birads,pred,density_D,28,1.0,0.1938461538461538,0.0786518518518518,0.376933621933622,0.7375072843822844,0.6394110750127345,0.9105449711555847,ft2,2
test_inbreast,birads,oracle,all,410,0.0,0.5435801804109549,0.507133684071591,0.5867713517771386,0.8382981782156895,0.8175714738832112,0.8674405849282992,ft2,2
test_inbreast,birads,oracle,density_A,136,0.0,0.5370284721086913,0.4691956361210147,0.6109859997527385,0.8627055985591738,0.8113334337931152,0.9175490276633004,ft2,2
test_inbreast,birads,oracle,density_B,146,0.0,0.518840579710145,0.4862797223198757,0.6467554015778967,0.850364152639405,0.801775753583369,0.9094343427196296,ft2,2
test_inbreast,birads,oracle,density_C,99,0.0,0.4991507110910096,0.4086046218487394,0.5931827624369534,0.7554398962597365,0.6806811312299988,0.8354823442393622,ft2,2
test_inbreast,birads,oracle,density_D,28,0.0,0.4777777777777777,0.2451162874423963,0.6206184012066365,0.830656322843823,0.6849279143475573,0.9407309472934472,ft2,2
test_inbreast,birads,oracle_density,all,410,0.998,0.2662363807565234,0.2244144265454519,0.3063302889839231,0.7044305786131535,0.676322820175685,0.7316965086326438,ft2,2
test_inbreast,birads,oracle_density,density_A,136,1.0,0.2327703289752625,0.1567313615114791,0.3081560857786605,0.7160796585750042,0.668458721964121,0.7619551330126151,ft2,2
test_inbreast,birads,oracle_density,density_B,146,1.0,0.2619358288770053,0.2177941824363168,0.3043252015138894,0.6587729546651102,0.5935144953199932,0.7415799901324053,ft2,2
test_inbreast,birads,oracle_density,density_C,99,1.0,0.2440637560637561,0.1496672185838852,0.3238741579981923,0.6031459576920469,0.5155096025404786,0.6762786932530183,ft2,2
test_inbreast,birads,oracle_density,density_D,28,1.0,0.1938461538461538,0.0786518518518518,0.376933621933622,0.7423149766899766,0.6459092934577212,0.8917177007020758,ft2,2
test_inbreast,birads,oracle_mass,all,410,0.0,0.2978773288980318,0.2557979755458699,0.3370204066131868,0.6912509458517725,0.6601409072059672,0.7250266451535543,ft2,2
test_inbreast,birads,oracle_mass,density_A,136,0.0,0.2868138668351964,0.202517663414265,0.3648531074545258,0.6805133240619139,0.6299140830906298,0.7263178006069286,ft2,2
test_inbreast,birads,oracle_mass,density_B,146,0.0,0.2971450121048254,0.2453005064984709,0.3533716986203868,0.6594502196983187,0.5647630462439581,0.7536070707701448,ft2,2
test_inbreast,birads,oracle_mass,density_C,99,0.0,0.2319503793697342,0.1308527728797341,0.3277169250604858,0.5932393631782148,0.5283668491472258,0.6758280948455392,ft2,2
test_inbreast,birads,oracle_mass,density_D,28,0.0,0.2166501976284585,0.08671875,0.3395879604702293,0.7332277097902098,0.6464165249433107,0.867003151721822,ft2,2
test_inbreast,birads,oracle_calc,all,410,0.0,0.5119458433875903,0.4729895852968366,0.5512749173658785,0.8187617474766109,0.7931471625049004,0.8482901864667786,ft2,2
test_inbreast,birads,oracle_calc,density_A,136,0.0,0.5105580804784564,0.4355609736169835,0.5808507370780882,0.8521658541930579,0.8095503768206497,0.9000325048708792,ft2,2
test_inbreast,birads,oracle_calc,density_B,146,0.0,0.5041743877037994,0.4628879754485247,0.6434858892937875,0.8003172626377818,0.7211425862890537,0.8925173851434343,ft2,2
test_inbreast,birads,oracle_calc,density_C,99,0.0,0.4526755852842809,0.3668006866092166,0.5331044323951701,0.7261327175084876,0.6517347026838451,0.7878035482121362,ft2,2
test_inbreast,birads,oracle_calc,density_D,28,0.0,0.4121621621621621,0.2409398496240601,0.601294642857143,0.8854166666666667,0.7882505482456139,0.971279761904762,ft2,2
test_inbreast,birads,oracle_other,all,410,1.0,0.2562569937710414,0.2073027999286449,0.2936540171149842,0.6839856961784574,0.6546621194438059,0.7158174232009362,ft2,2
test_inbreast,birads,oracle_other,density_A,136,1.0,0.2311040044493881,0.1569967859136491,0.3034811470216133,0.6891285285063813,0.6495025577116776,0.7384495256686854,ft2,2
test_inbreast,birads,oracle_other,density_B,146,1.0,0.2547529768469405,0.2105821258161859,0.3127659528454575,0.6082943411062439,0.5462192597045554,0.7054297171702141,ft2,2
test_inbreast,birads,oracle_other,density_C,99,1.0,0.2266213786213786,0.1487950673506234,0.312132407744057,0.5870076934281797,0.5046110277993298,0.6616960519685302,ft2,2
test_inbreast,birads,oracle_other,density_D,28,1.0,0.1938461538461538,0.0786518518518518,0.376933621933622,0.7474049388111887,0.6490763714302147,0.8956639433161709,ft2,2
test_vindr,birads,pred,all,2000,1.0,0.3172284051713442,0.2724615853402872,0.3591448428249866,0.7352046419956243,0.7131084572053255,0.7529185362611459,ft2,2
test_vindr,birads,pred,density_B,190,1.0,0.3954092650644375,0.2718596799213008,0.5380705669359587,0.7559119730510532,0.6784962626128316,0.8319476893221686,ft2,2
test_vindr,birads,pred,density_C,1530,1.0,0.3090442563754836,0.2589319563000969,0.3457452998846469,0.7353638802164041,0.7103976947705942,0.7580731057431185,ft2,2
test_vindr,birads,pred,density_D,270,1.0,0.2264615384615384,0.174849308550801,0.3741337007823771,0.7453261780630822,0.6157299272782214,0.7960172575044199,ft2,2
test_vindr,birads,oracle,all,2000,0.0,0.3232395709713843,0.2788554389629015,0.3666240335190746,0.7746411501317224,0.7587991605441499,0.7909278001352955,ft2,2
test_vindr,birads,oracle,density_B,190,0.0,0.2941798941798941,0.1867070691159802,0.4051573480808009,0.7597252156203353,0.6805020812709616,0.8078232235906788,ft2,2
test_vindr,birads,oracle,density_C,1530,0.0,0.3337916171375431,0.2764674753755953,0.3837511298763709,0.7778658416705814,0.7612294262852011,0.7932697239196089,ft2,2
test_vindr,birads,oracle,density_D,270,0.0,0.2347154568135915,0.1737867524103465,0.3531354801112867,0.8014090296495958,0.7455951949643791,0.8046390058793946,ft2,2
test_vindr,birads,oracle_density,all,2000,1.0,0.3162495194663373,0.2639606847008335,0.3537720820613598,0.7391647134412664,0.7180048474852482,0.7568832900479756,ft2,2
test_vindr,birads,oracle_density,density_B,190,1.0,0.3651093380134444,0.2331417367306568,0.4864309465404443,0.8113646232209437,0.7603596003920493,0.8614468091392811,ft2,2
test_vindr,birads,oracle_density,density_C,1530,1.0,0.3167301282697966,0.2668915107739981,0.3579116447784509,0.742861602774167,0.7207577734247572,0.7615633330787748,ft2,2
test_vindr,birads,oracle_density,density_D,270,1.0,0.2264615384615384,0.174849308550801,0.3741337007823771,0.730521109426475,0.5857309473068789,0.7936021745993286,ft2,2
test_vindr,birads,oracle_mass,all,2000,0.0,0.3497306028186612,0.3081303394000274,0.3869618605201839,0.7640329934467536,0.7482887903998148,0.7843299577555553,ft2,2
test_vindr,birads,oracle_mass,density_B,190,0.0,0.3432107023411371,0.2150737963029735,0.4456986537008313,0.7212408757673862,0.6176178414760175,0.8153608309863144,ft2,2
test_vindr,birads,oracle_mass,density_C,1530,0.0,0.3538383189499911,0.3039209670211996,0.395788026841841,0.7689310402406949,0.7511281817264933,0.7863210003781926,ft2,2
test_vindr,birads,oracle_mass,density_D,270,0.0,0.240780678811239,0.1780531462250027,0.3612196239533863,0.7691440681597863,0.6679044313942591,0.798134526317561,ft2,2
test_vindr,birads,oracle_calc,all,2000,0.0,0.3145540059026653,0.2644259855814111,0.3575394680298291,0.7443911591992141,0.7240010306903555,0.7618516599404808,ft2,2
test_vindr,birads,oracle_calc,density_B,190,0.0,0.3422789639738792,0.2155224981704396,0.4800151898679273,0.749544587307289,0.6748528514816254,0.8267283071765307,ft2,2
test_vindr,birads,oracle_calc,density_C,1530,0.0,0.3077942872099029,0.2511754936912931,0.3462507685181189,0.7451811003383002,0.7251671968206013,0.7649169280346334,ft2,2
test_vindr,birads,oracle_calc,density_D,270,0.0,0.4185982905982905,0.2074846115661454,0.4808902229494016,0.7613926928662064,0.6672831655630035,0.7952554023329703,ft2,2
test_vindr,birads,oracle_other,all,2000,1.0,0.3221075705568287,0.2752905757753858,0.3663847267506998,0.7440744615566925,0.722132570529066,0.7658468317544267,ft2,2
test_vindr,birads,oracle_other,density_B,190,1.0,0.3554092650644375,0.2313398187547349,0.4593609819747955,0.7706083524446361,0.6833658628250189,0.842947838838286,ft2,2
test_vindr,birads,oracle_other,density_C,1530,1.0,0.3108562185389588,0.2604126317227228,0.3459358839192016,0.7432229604064351,0.7164230353048118,0.7693793799309528,ft2,2
test_vindr,birads,oracle_other,density_D,270,1.0,0.4301095588400711,0.2198782188500983,0.4924818869930027,0.7503432098820164,0.6262582933055109,0.7980793345001306,ft2,2
val,malignant,pred,all,356,1.0,0.6427358344912768,0.581008787495458,0.6910068425033148,0.718889043381535,0.6531405942441418,0.7802504804917549,ft2,2
val,malignant,pred,density_A,38,1.0,0.7441077441077442,0.563126026272578,0.8828622742200328,0.8839285714285714,0.7615238095238096,0.9891376236484932,ft2,2
val,malignant,pred,density_B,114,1.0,0.6305774823431658,0.5557647406721695,0.7186476608187136,0.6770833333333334,0.5739365338371694,0.7714828797545021,ft2,2
val,malignant,pred,density_C,162,1.0,0.6443373493975904,0.5627508771929824,0.7264752078153724,0.6706552706552706,0.5731239062356084,0.7646040835023885,ft2,2
val,malignant,pred,density_D,40,1.0,0.4984326018808777,0.3388418079096045,0.6678651460584234,0.765625,0.5658730158730159,0.9236229946524064,ft2,2
val,malignant,oracle,all,356,0.0,0.6839586228192065,0.6313546738970045,0.7345169113256013,0.7748887652947718,0.7118563879371509,0.8238527602601269,ft2,2
val,malignant,oracle,density_A,38,0.0,0.7696969696969697,0.6020424263674614,0.9214848416965352,0.9047619047619048,0.7928685897435898,0.9897286079182632,ft2,2
val,malignant,oracle,density_B,114,0.0,0.6795634920634921,0.5876165431508487,0.7594847773028999,0.7326388888888888,0.637949155453579,0.8163532252817968,ft2,2
val,malignant,oracle,density_C,162,0.0,0.6728701631828848,0.5852400072175176,0.7483927694990762,0.7420702754036088,0.6527044024722235,0.819802797744202,ft2,2
val,malignant,oracle,density_D,40,0.0,0.5833333333333334,0.4013492063492063,0.7261551362683438,0.8098958333333335,0.6795634920634921,0.932521681749623,ft2,2
val,malignant,oracle_density,all,356,0.994,0.6403521431664021,0.5805753556732803,0.6881194446501844,0.7205923248053393,0.6547807638464451,0.7771143894689638,ft2,2
val,malignant,oracle_density,density_A,38,1.0,0.7441077441077442,0.563126026272578,0.8828622742200328,0.8839285714285714,0.7615238095238096,0.9891376236484932,ft2,2
val,malignant,oracle_density,density_B,114,1.0,0.6305774823431658,0.5557647406721695,0.7186476608187136,0.6726641414141415,0.566593149974053,0.769215376088312,ft2,2
val,malignant,oracle_density,density_C,162,1.0,0.6390067911714771,0.5570317334079395,0.720583938238189,0.6856600189933524,0.5860441161455511,0.7759393282228401,ft2,2
val,malignant,oracle_density,density_D,40,1.0,0.4984326018808777,0.3388418079096045,0.6678651460584234,0.7473958333333334,0.5578670360110803,0.9048571428571428,ft2,2
val,malignant,oracle_mass,all,356,0.315,0.6789592847001036,0.6238908507481941,0.7322491997614027,0.7497566740823137,0.6945992762339694,0.8041304399730613,ft2,2
val,malignant,oracle_mass,density_A,38,0.526,0.7696969696969697,0.6020424263674614,0.9214848416965352,0.9136904761904762,0.798209863053613,1.0,ft2,2
val,malignant,oracle_mass,density_B,114,0.36,0.6684669713336102,0.5834973254504504,0.7583468703622488,0.7219065656565656,0.6236011904761904,0.8129022134560995,ft2,2
val,malignant,oracle_mass,density_C,162,0.241,0.6616867469879518,0.5716661140583554,0.744718585108462,0.6947768281101614,0.6008018101656578,0.7844468523044604,ft2,2
val,malignant,oracle_mass,density_D,40,0.275,0.6218181818181818,0.4602073732718894,0.7965178571428572,0.7708333333333333,0.5754157894736843,0.9108630952380952,ft2,2
val,malignant,oracle_calc,all,356,0.242,0.6499303872029286,0.5964207271728632,0.6989471305893559,0.7368604004449387,0.6745869891346851,0.7934008865666924,ft2,2
val,malignant,oracle_calc,density_A,38,0.079,0.7441077441077442,0.563126026272578,0.8828622742200328,0.8720238095238095,0.7546179347826086,0.9720870715435932,ft2,2
val,malignant,oracle_calc,density_B,114,0.246,0.6191112596057468,0.546931223810959,0.6998919240943393,0.6963383838383839,0.599819780304381,0.779109679727247,ft2,2
val,malignant,oracle_calc,density_C,162,0.241,0.6728701631828848,0.583956980811877,0.7512150352889653,0.7069325735992402,0.6088153767457762,0.8074900783604163,ft2,2
val,malignant,oracle_calc,density_D,40,0.4,0.4984326018808777,0.333176291793313,0.639242327365729,0.7838541666666667,0.5896870490620492,0.924118425147837,ft2,2
val,malignant,oracle_other,all,356,0.022,0.6427358344912768,0.581008787495458,0.6910068425033148,0.7225736929922135,0.6571335909618057,0.7790093240993547,ft2,2
val,malignant,oracle_other,density_A,38,0.0,0.7441077441077442,0.563126026272578,0.8828622742200328,0.8720238095238095,0.7464523809523809,0.9882576726342712,ft2,2
val,malignant,oracle_other,density_B,114,0.018,0.6305774823431658,0.5557647406721695,0.7186476608187136,0.6827651515151516,0.5799926031697026,0.7807416891284816,ft2,2
val,malignant,oracle_other,density_C,162,0.031,0.6443373493975904,0.5627508771929824,0.7264752078153724,0.6735042735042736,0.5721331682349723,0.769956570617255,ft2,2
val,malignant,oracle_other,density_D,40,0.025,0.4984326018808777,0.3388418079096045,0.6678651460584234,0.7734375,0.5997486772486772,0.920235294117647,ft2,2
val,birads,pred,all,9182,1.0,0.4139623439139387,0.383362898295766,0.4442608948277485,0.8004020125246522,0.7847952924317644,0.8152717105956896,ft2,2
val,birads,pred,density_A,1031,1.0,0.4099305679072921,0.3171633690933539,0.5026310932270404,0.8531772216679322,0.8021326688348063,0.8953621665994048,ft2,2
val,birads,pred,density_B,3388,1.0,0.4075154959786958,0.3556005188663591,0.4466616543555865,0.8166145558371813,0.7933060789619041,0.8473501300742897,ft2,2
val,birads,pred,density_C,4050,1.0,0.4172996546368581,0.3755244782553179,0.4644281497111704,0.7696717576952781,0.7443517055657134,0.7959161513621906,ft2,2
val,birads,pred,density_D,669,1.0,0.3624732064886607,0.3199917709608688,0.398417534138358,0.8114743836838562,0.7661285119990846,0.8483010071252045,ft2,2
val,birads,oracle,all,9182,0.0,0.4976086784000658,0.4669391039591811,0.5252081009451667,0.9140890772530106,0.9035951830599658,0.9253835840172356,ft2,2
val,birads,oracle,density_A,1031,0.0,0.5179806305109815,0.4254425732451593,0.596636428774635,0.9480693275564064,0.8833494714526157,0.9806752913936384,ft2,2
val,birads,oracle,density_B,3388,0.0,0.4627518611377834,0.4154411941518351,0.5041808065450246,0.9450910449638374,0.9317027405893455,0.9600329933530036,ft2,2
val,birads,oracle,density_C,4050,0.0,0.4978142010318401,0.4569401627886106,0.5448148724534817,0.8742864608828166,0.8486118544194025,0.8998270220871096,ft2,2
val,birads,oracle,density_D,669,0.0,0.6247802138816632,0.4530222998684945,0.696252637805863,0.9038245116544544,0.8740590252151866,0.9277981301981528,ft2,2
val,birads,oracle_density,all,9182,0.995,0.4035336707473059,0.3733206531319041,0.4306937628687197,0.7997908020472362,0.7843896186765524,0.8147454275358144,ft2,2
val,birads,oracle_density,density_A,1031,1.0,0.3949970565593442,0.3102587138458515,0.4788798466423727,0.8511045359501885,0.7974772722306543,0.8936797750454306,ft2,2
val,birads,oracle_density,density_B,3388,1.0,0.3868387443534783,0.3346579173821059,0.4265408153129491,0.8184797690180323,0.7937375480034335,0.8488749339663018,ft2,2
val,birads,oracle_density,density_C,4050,1.0,0.4094518851588267,0.364038334845493,0.4576313906646529,0.7701363939211612,0.7426977794625991,0.7956910543204299,ft2,2
val,birads,oracle_density,density_D,669,1.0,0.3571490749230898,0.3121697350984287,0.3968024284186948,0.8065652478558875,0.7627779073424888,0.842476823819338,ft2,2
val,birads,oracle_mass,all,9182,0.028,0.4575072188965465,0.4246867487267965,0.4827708329237896,0.8553495838017557,0.842935954278061,0.8674207742968388,ft2,2
val,birads,oracle_mass,density_A,1031,0.027,0.5081016021065321,0.4121034513767439,0.5909099311344872,0.9054545383601986,0.8702787991877344,0.9339311424146804,ft2,2
val,birads,oracle_mass,density_B,3388,0.025,0.4184391828823721,0.373831996876822,0.4566790773761956,0.882280288039041,0.862642691562376,0.9013348889682152,ft2,2
val,birads,oracle_mass,density_C,4050,0.028,0.4632494560068464,0.4252363972683727,0.5067910043274542,0.8152064274610868,0.7982797034794364,0.8350647288708687,ft2,2
val,birads,oracle_mass,density_D,669,0.039,0.5113120603452096,0.3915978188590669,0.6151562256876901,0.8431107767074391,0.7948984610146856,0.8735195485995523,ft2,2
val,birads,oracle_calc,all,9182,0.023,0.4563499078126213,0.4243295166530625,0.4885244879784486,0.8850370786278265,0.8739734077587122,0.8950487339425715,ft2,2
val,birads,oracle_calc,density_A,1031,0.007,0.4426764881814522,0.3463248314555623,0.5359654666950777,0.9276322029408444,0.899414063683878,0.9550800442082856,ft2,2
val,birads,oracle_calc,density_B,3388,0.02,0.4433171159957158,0.3994858171921598,0.4868834947199682,0.90447427937733,0.8902014289240463,0.9194211617717386,ft2,2
val,birads,oracle_calc,density_C,4050,0.024,0.4625237934296706,0.4145147061726433,0.5102746991162248,0.8707546194055101,0.852793467475891,0.8901816999922287,ft2,2
val,birads,oracle_calc,density_D,669,0.052,0.4285971053173704,0.3811125003919129,0.4800976004459428,0.8992495343892832,0.8704266862670167,0.9262439307232804,ft2,2
val,birads,oracle_other,all,9182,0.83,0.4100148647424024,0.3794868230974024,0.4392064051657725,0.7813212608341286,0.7628489752304464,0.7990454812230318,ft2,2
val,birads,oracle_other,density_A,1031,0.835,0.4104031423211308,0.3129440913295849,0.4957540739815489,0.828673689809596,0.7507458796137638,0.8853805171577617,ft2,2
val,birads,oracle_other,density_B,3388,0.821,0.4065603445312426,0.3585366226653542,0.4460977133919341,0.7953237964551777,0.7683158327282293,0.8317380443978654,ft2,2
val,birads,oracle_other,density_C,4050,0.846,0.4102454256752187,0.3662874967670416,0.4539004319530905,0.7423633213635126,0.7033617541175591,0.7791794698829354,ft2,2
val,birads,oracle_other,density_D,669,0.797,0.3649336848479769,0.3238445089979814,0.4019114364508748,0.8029423501802008,0.754776059633173,0.836050302594737,ft2,2
