run,set,head,n,f1,f1_lo,f1_hi,auc,auc_lo,auc_hi
cb_embed_dinov2_s0,test_cbis_ddsm,density,368,0.5488480536811191,0.494412502757167,0.6016770243664302,0.8604699025698039,0.8367453876638362,0.8844818053660249
cb_embed_dinov2_s0,test_cbis_ddsm,mass_shape,189,0.4622555193162614,0.42202107279693485,0.5030932010105499,0.7108909251818564,0.6604917676296035,0.7588263157951745
cb_embed_dinov2_s0,test_cbis_ddsm,mass_margin,203,0.4109426872720814,0.3251490876289344,0.4885081395798959,0.7395559183794509,0.6825059543784273,0.7863078916589
cb_embed_dinov2_s0,test_cbis_ddsm,calc_morphology,159,0.3089368258859784,0.2604718026137939,0.34987246509175196,0.6299664323269424,0.5644658292235764,0.6855760464049875
cb_embed_dinov2_s0,test_cbis_ddsm,calc_distribution,140,0.2652618135376756,0.1694764059469942,0.3977412256006005,0.6783218192701927,0.5519236066732339,0.7750068649389018
cb_embed_dinov2_s0,test_cbis_ddsm,birads,344,0.2495800248917018,0.2200671076359025,0.34104069892066863,0.6753568953386323,0.6454375747568726,0.7421473043589525
cb_embed_dinov2_s0,test_cbis_ddsm,malignant,369,0.6327540106951872,0.586190517581744,0.679948203827587,0.712087678874606,0.6584150291850888,0.769009773757998
cb_embed_dinov2_s0,test_cdd_cesm,density,518,0.6704864204864205,0.531606201739738,0.7842106546763105,0.9039612948974022,0.8595532164676929,0.9308561788375164
cb_embed_dinov2_s0,test_cdd_cesm,mass,566,0.8155557190762017,0.7833803891031051,0.84677717169765,0.8943764568764568,0.8653545887319223,0.9215236866851486
cb_embed_dinov2_s0,test_cdd_cesm,mass_shape,175,0.3833471239005853,0.3298331781773605,0.4277734594620954,0.7260706629318393,0.671119994850776,0.7716574340260256
cb_embed_dinov2_s0,test_cdd_cesm,mass_margin,175,0.2926300984528833,0.26014102871621475,0.32975088589391355,0.756266710992797,0.7047014716519754,0.8017956849702584
cb_embed_dinov2_s0,test_cdd_cesm,calc,566,0.6510965635798502,0.6096370306194796,0.6856562243243964,0.7552977936042453,0.705483749378736,0.7999202729265003
cb_embed_dinov2_s0,test_cdd_cesm,calc_morphology,99,0.3283602900167317,0.2673202614379085,0.5064057388323686,0.8537105600915887,0.7251596904899208,0.9486599984531
cb_embed_dinov2_s0,test_cdd_cesm,calc_distribution,27,0.17908653846153846,0.09644851116625311,0.2862794612794612,0.43351276742581096,0.21316283034953115,0.6391542130708798
cb_embed_dinov2_s0,test_cdd_cesm,asymmetry,566,0.500521460088247,0.4608449203014802,0.5375411816970592,0.5341834828101645,0.48432772215265796,0.587902711629246
cb_embed_dinov2_s0,test_cdd_cesm,distortion,566,0.6502851711026616,0.5805117624971962,0.7186638105997252,0.7951739245884228,0.7108186375961636,0.8720267096267594
cb_embed_dinov2_s0,test_cdd_cesm,birads,566,0.3603175188380307,0.32748366323100603,0.3942386066617936,0.7565230518549194,0.7341625454794375,0.7806840421959867
cb_embed_dinov2_s0,test_cdd_cesm,malignant,566,0.7054163726182074,0.6622260098902504,0.7495436401292037,0.760176347215683,0.7143541210751105,0.8028833388329945
cb_embed_dinov2_s0,test_cmmd,malignant,1867,0.4549664251202099,0.4326974735956342,0.47505418933742133,0.771004891380557,0.749843356083161,0.7931128383863318
cb_embed_dinov2_s0,test_embed,density,13097,0.7480357262214533,0.7301816081199126,0.7662799844580277,0.9422509054358632,0.937168421585635,0.9484946348909337
cb_embed_dinov2_s0,test_embed,mass,10301,0.6965698942417337,0.6724767789006747,0.722144984107038,0.8531333314982738,0.8312822738803185,0.8729633701332261
cb_embed_dinov2_s0,test_embed,mass_shape,448,0.47254593175853016,0.42202604824866485,0.5192722030025276,0.715036652730709,0.6349240470525023,0.7764843275776991
cb_embed_dinov2_s0,test_embed,mass_margin,318,0.2775897464832747,0.2227844284845284,0.34483252052428454,0.6875051034939366,0.6094102834296418,0.7621310587517537
cb_embed_dinov2_s0,test_embed,calc,10354,0.6090219967730962,0.5818191127863704,0.6347807481360488,0.7487184590667183,0.719708640073809,0.7751245695602157
cb_embed_dinov2_s0,test_embed,calc_morphology,308,0.24258580071043676,0.1988211911873968,0.31162422393155625,0.6740616715999497,0.6200527477624064,0.7240087833997871
cb_embed_dinov2_s0,test_embed,calc_distribution,289,0.2194593567390375,0.17802858477827113,0.26132540548968214,0.7676707261405693,0.7083686045845703,0.8228644930817884
cb_embed_dinov2_s0,test_embed,asymmetry,10819,0.5715612615432892,0.5547990947913867,0.5854770670157016,0.6762716694058455,0.6546535713853221,0.6960253666918038
cb_embed_dinov2_s0,test_embed,distortion,9887,0.561178858830891,0.5216349252238752,0.6000785175430238,0.7317652467054858,0.6678617135918007,0.7898827710430149
cb_embed_dinov2_s0,test_embed,birads,11881,0.3193447551218574,0.28834446891929166,0.3497771707531945,0.791402416000994,0.7776038151850421,0.8072795536805175
cb_embed_dinov2_s0,test_embed,malignant,297,0.529125398690616,0.4681739355882664,0.5947651246922053,0.673076923076923,0.5926307271677007,0.756836089322672
cb_embed_dinov2_s0,test_embed_fuji,density,3951,0.6414537809978144,0.6080193215500337,0.673247570150614,0.9291967756012379,0.9202106152689637,0.9389717218121661
cb_embed_dinov2_s0,test_embed_fuji,mass,3391,0.5890941233442479,0.5516245488482218,0.6283034064516257,0.8172592854668346,0.7595426308628394,0.8763457848902345
cb_embed_dinov2_s0,test_embed_fuji,mass_shape,61,0.30994152046783624,0.28985782230317747,0.48413619167717525,0.46337181337181327,0.20063049180184292,0.7334160052910053
cb_embed_dinov2_s0,test_embed_fuji,mass_margin,40,0.6171185539606592,0.31807169053619355,0.7827589783098257,0.7919973544973545,0.6098301092203945,0.9324030693519941
cb_embed_dinov2_s0,test_embed_fuji,calc,3470,0.6064054249566644,0.5732913888097627,0.6425287877221437,0.7621310851359219,0.7100828345844035,0.810819791672361
cb_embed_dinov2_s0,test_embed_fuji,calc_morphology,132,0.18075313807531382,0.17192952729373256,0.3068936527952921,0.6235644369697617,0.5142530839032846,0.806092706973688
cb_embed_dinov2_s0,test_embed_fuji,calc_distribution,39,0.14444444444444443,0.07384131032386847,0.3899189173465974,0.41819740323029797,0.29467020068243643,0.702533482142857
cb_embed_dinov2_s0,test_embed_fuji,asymmetry,3507,0.5491012421806165,0.5254498226441394,0.5752754489662746,0.6719255107741056,0.6347809482817871,0.7106247463718953
cb_embed_dinov2_s0,test_embed_fuji,distortion,3324,0.6138744975954278,0.49869956161311224,0.7111088088029873,0.823179208220006,0.7049212657488625,0.9311724363336433
cb_embed_dinov2_s0,test_embed_fuji,birads,3620,0.22225962577187947,0.21359868516628713,0.2770191761601621,0.675846292044669,0.5801068694214236,0.7208506683820292
cb_embed_dinov2_s0,test_embed_fuji,malignant,13,0.43478260869565216,0.34782608695652173,1.0,0.6166666666666666,0.0,1.0
cb_embed_dinov2_s0,test_embed_ge,density,23174,0.6768203655827454,0.6586260521487046,0.6936105402709875,0.924761979389632,0.91966848260767,0.9295124745878177
cb_embed_dinov2_s0,test_embed_ge,mass,18164,0.6884062382074254,0.6709226742608632,0.7046679681073506,0.8544036354487624,0.8402273422349993,0.8685824578233841
cb_embed_dinov2_s0,test_embed_ge,mass_shape,760,0.41470100061649356,0.3664586147136483,0.4590260959363423,0.6501765028247597,0.6042028944410682,0.6967204544751326
cb_embed_dinov2_s0,test_embed_ge,mass_margin,669,0.27215029583608014,0.23409363372156797,0.32195754882370065,0.7206333314861864,0.6681512322607781,0.784223497952627
cb_embed_dinov2_s0,test_embed_ge,calc,18613,0.6506174738106139,0.6332852332746207,0.6669501476681964,0.7813314935923186,0.7604458149485093,0.7982145054360681
cb_embed_dinov2_s0,test_embed_ge,calc_morphology,1123,0.21147135889522156,0.18703767382795866,0.2352074042348189,0.6052714577482317,0.5559000642087966,0.6507456932916198
cb_embed_dinov2_s0,test_embed_ge,calc_distribution,499,0.1973488840051269,0.1614616230996774,0.2524251290935582,0.641739907213393,0.5951291563070158,0.6962723260110546
cb_embed_dinov2_s0,test_embed_ge,asymmetry,18899,0.5812313815042505,0.5709875068650259,0.5916274721132116,0.6949891467208943,0.6814669828362093,0.7097087392498169
cb_embed_dinov2_s0,test_embed_ge,distortion,17266,0.5522722352119378,0.5187623827721065,0.5923835782772958,0.7323392952241474,0.6688701767306438,0.7975849192723037
cb_embed_dinov2_s0,test_embed_ge,birads,21363,0.29122341891410797,0.27793258137452914,0.3051428772164494,0.7603655181280853,0.7325512416415252,0.7825644276064702
cb_embed_dinov2_s0,test_embed_ge,malignant,324,0.51122462696599,0.46472301900495266,0.5626299197522078,0.664668231278003,0.598954219703841,0.7237832431294774
cb_embed_dinov2_s0,test_inbreast,density,409,0.45475652349413087,0.3971389292200978,0.5010829153989337,0.7590134878103695,0.7365874478550285,0.7836709605441341
cb_embed_dinov2_s0,test_inbreast,mass,410,0.8517107515733128,0.812323483093004,0.8956566664707841,0.9014747363257297,0.8599197818149511,0.9395565828920349
cb_embed_dinov2_s0,test_inbreast,calc,410,0.3909334866781675,0.34454967965925615,0.43329844683693614,0.7494270435446906,0.6957474048602404,0.8029898239822184
cb_embed_dinov2_s0,test_inbreast,asymmetry,410,0.5101298701298701,0.4661458333333333,0.5651510580779869,0.715458152958153,0.5904730259609945,0.810597727272727
cb_embed_dinov2_s0,test_inbreast,distortion,410,0.649779880412642,0.49257425742574257,0.7895697600985511,0.9803439803439804,0.9664537466261605,0.9926650366748166
cb_embed_dinov2_s0,test_inbreast,birads,410,0.25973614854190286,0.22381998545161202,0.29269039145864256,0.6752625613564481,0.6493995915835649,0.7072352068338458
cb_embed_dinov2_s0,test_vindr,density,2000,0.6245299969792697,0.5399064461797669,0.7029149730918686,0.9402357331896504,0.930222655696043,0.95156127958451
cb_embed_dinov2_s0,test_vindr,mass,2000,0.6940775731867991,0.6594795478470331,0.7421475224081054,0.8060257595861312,0.7592972320722171,0.8547670350593335
cb_embed_dinov2_s0,test_vindr,calc,2000,0.7826284915298548,0.7184547186127287,0.8404904405628546,0.8898928476266605,0.8380938814495077,0.9416996301683078
cb_embed_dinov2_s0,test_vindr,asymmetry,2000,0.4935426690301342,0.49161159125571935,0.49520444220090865,0.7937896839925105,0.7255808885152873,0.8485276433950321
cb_embed_dinov2_s0,test_vindr,distortion,2000,0.49824385348720523,0.4972347913524384,0.49899799599198397,0.8775308737563392,0.7826329180552458,0.9412660120911116
cb_embed_dinov2_s0,test_vindr,birads,2000,0.32398830454868094,0.2865918333399241,0.35752020262585466,0.7401010511115976,0.7130965179199568,0.7653101683235866
opq_embed_dinov2_s0,test_cbis_ddsm,density,368,0.4771672342713025,0.4199658430664652,0.5383745487246243,0.7984791422389655,0.7703849730375124,0.822270785941269
opq_embed_dinov2_s0,test_cbis_ddsm,mass_shape,189,0.4353002070393375,0.39099499144551847,0.476510635542149,0.6657886542908037,0.6137132133993618,0.7143384394198609
opq_embed_dinov2_s0,test_cbis_ddsm,mass_margin,203,0.3462544785806005,0.2819706348914244,0.39586384726841845,0.6404698055370048,0.5862263304747372,0.6927834063943344
opq_embed_dinov2_s0,test_cbis_ddsm,calc_morphology,159,0.31924050632911394,0.27329130184939454,0.35677383814102565,0.6326581747153155,0.5610670813070994,0.6898953859447314
opq_embed_dinov2_s0,test_cbis_ddsm,calc_distribution,140,0.16954732510288067,0.1598197424892704,0.22661040487127437,0.5228547197834631,0.4033798562208241,0.6662250512166185
opq_embed_dinov2_s0,test_cbis_ddsm,birads,344,0.37104892445833687,0.31527976652263673,0.5011860628610987,0.658960674906232,0.6361628270501686,0.8053179912945275
opq_embed_dinov2_s0,test_cbis_ddsm,malignant,369,0.6759878419452887,0.6292592665979763,0.7246176861702127,0.7732840164928451,0.7187435660512531,0.8210873980152539
opq_embed_dinov2_s0,test_cdd_cesm,density,518,0.602197487858646,0.4536060556505942,0.7164522048273998,0.867002518087791,0.8127883375204165,0.8983779663138074
opq_embed_dinov2_s0,test_cdd_cesm,mass,566,0.7101069883906215,0.6699784190734263,0.7448615088868105,0.8243298368298367,0.7881699214176076,0.8553037020890777
opq_embed_dinov2_s0,test_cdd_cesm,mass_shape,175,0.3938464274598728,0.3394645613863836,0.4439175910310376,0.7299199679871949,0.6721892454321032,0.7807888304539671
opq_embed_dinov2_s0,test_cdd_cesm,mass_margin,175,0.286681265105052,0.2509472085385879,0.3179793284314558,0.7750417348713693,0.7263204565252814,0.8230903222215594
opq_embed_dinov2_s0,test_cdd_cesm,calc,566,0.6537894143468823,0.6132807908760397,0.6938388952242954,0.6992563887725178,0.6495446509363411,0.7494881455882394
opq_embed_dinov2_s0,test_cdd_cesm,calc_morphology,99,0.3113529662825437,0.23755211936718787,0.42437985625485614,0.6858747056077793,0.6034209058852094,0.9165079365079365
opq_embed_dinov2_s0,test_cdd_cesm,calc_distribution,27,0.27272727272727276,0.2222222222222222,0.31446540880503143,0.47735909822866346,0.24149947355382137,0.7009665551839466
opq_embed_dinov2_s0,test_cdd_cesm,asymmetry,566,0.5295366860294718,0.49028581080456946,0.572596517136775,0.5561472346786248,0.5036571183607752,0.6146630825589715
opq_embed_dinov2_s0,test_cdd_cesm,distortion,566,0.5870622568093385,0.5347478253836918,0.6471758933484638,0.7833576739245883,0.6895558555228428,0.8676896796362615
opq_embed_dinov2_s0,test_cdd_cesm,birads,566,0.36402539507239,0.32997892362096687,0.3943329682879792,0.7467458263751624,0.7220271822236134,0.7704595911846254
opq_embed_dinov2_s0,test_cdd_cesm,malignant,566,0.7812305066454401,0.7431928443930418,0.8153151245114586,0.825250752614533,0.7857314606631653,0.8545457295332562
opq_embed_dinov2_s0,test_cmmd,malignant,1867,0.556414994720169,0.5308757201304519,0.5787633646791328,0.787117027448371,0.7662810756185298,0.8084053581146231
opq_embed_dinov2_s0,test_embed,density,13097,0.7099968306114922,0.6915010634990043,0.7273405018531922,0.9282928522331714,0.9227452839988072,0.9341352956905068
opq_embed_dinov2_s0,test_embed,mass,10301,0.6738098567222122,0.6521598725819866,0.6983902071883163,0.8123784928393354,0.7905990009098147,0.8381586673261698
opq_embed_dinov2_s0,test_embed,mass_shape,448,0.4770881788876647,0.4212390174918393,0.5302101531650888,0.7215342158850765,0.6618691478945748,0.7815146614770805
opq_embed_dinov2_s0,test_embed,mass_margin,318,0.23027735123927512,0.17272303019145802,0.2848978203275529,0.7037644324441696,0.6061664517016891,0.7735486211604969
opq_embed_dinov2_s0,test_embed,calc,10354,0.598924564575143,0.5744599629019201,0.6251295310468385,0.7261248224813874,0.6990246621722014,0.7542692966614611
opq_embed_dinov2_s0,test_embed,calc_morphology,308,0.22875062468765614,0.18406670836276098,0.3106230135480807,0.6757686663409457,0.6054933946810868,0.7225865396876203
opq_embed_dinov2_s0,test_embed,calc_distribution,289,0.19214244045958356,0.15493855348928084,0.2251008064516129,0.6980665680956444,0.6261908031677155,0.7624280064954692
opq_embed_dinov2_s0,test_embed,asymmetry,10819,0.5442545787545787,0.5308789554367058,0.5586447389552975,0.6589521011106625,0.6377511495404451,0.6766959335670776
opq_embed_dinov2_s0,test_embed,distortion,9887,0.5257596862636752,0.49774328476969515,0.5618590709948136,0.7474091076823006,0.685939208697842,0.8028147558378799
opq_embed_dinov2_s0,test_embed,birads,11881,0.3641486431120055,0.3342594065194498,0.39458202226336253,0.8272358962839965,0.814320786450404,0.8402302280215107
opq_embed_dinov2_s0,test_embed,malignant,297,0.6080161155876632,0.5452634518238625,0.67511811624949,0.7166862263949643,0.6565528915689357,0.7861152003955378
opq_embed_dinov2_s0,test_embed_fuji,density,3951,0.6187420005435013,0.585099453153762,0.649174317963093,0.9137029420324605,0.9040267175040724,0.9234517227172869
opq_embed_dinov2_s0,test_embed_fuji,mass,3391,0.5425400532417196,0.5143243218426804,0.5747719241241779,0.7471787954506925,0.676955678676293,0.8106158522282771
opq_embed_dinov2_s0,test_embed_fuji,mass_shape,61,0.3130434782608696,0.2924859287054409,0.49301125244618393,0.4234487734487735,0.06144091822303156,0.8408074095022621
opq_embed_dinov2_s0,test_embed_fuji,mass_margin,40,0.24043715846994537,0.18026143790849675,0.28401647893199833,0.6921620046620047,0.5589157559671238,0.8257799405156047
opq_embed_dinov2_s0,test_embed_fuji,calc,3470,0.5564817996358101,0.5278891980429143,0.5870555827880247,0.7137466971203368,0.6652271146875451,0.7604591869405354
opq_embed_dinov2_s0,test_embed_fuji,calc_morphology,132,0.1862348178137652,0.17851204623565822,0.24031325120192307,0.391486279516907,0.19230390921611734,0.516616319765677
opq_embed_dinov2_s0,test_embed_fuji,calc_distribution,39,0.09517045454545454,0.048170731707317074,0.23479987212276207,0.5569226886661097,0.3880498623801056,0.7821598202824133
opq_embed_dinov2_s0,test_embed_fuji,asymmetry,3507,0.525068447940054,0.5040708679631273,0.5496590126503227,0.6368283927214118,0.595921633684482,0.6735897643032471
opq_embed_dinov2_s0,test_embed_fuji,distortion,3324,0.49886928991406604,0.4982267065169887,0.49941494308128037,0.7893623451193714,0.6448436909120315,0.9335028501931073
opq_embed_dinov2_s0,test_embed_fuji,birads,3620,0.221175441803123,0.21439269386574525,0.27582272504498123,0.6567459065589243,0.53563487826558,0.7094948848941289
opq_embed_dinov2_s0,test_embed_fuji,malignant,13,0.43478260869565216,0.34782608695652173,1.0,0.7,0.30000000000000004,0.9375
opq_embed_dinov2_s0,test_embed_ge,density,23174,0.6303532700817912,0.6129808102822761,0.6476239143583254,0.9049133419113821,0.899450246406856,0.9101394556140817
opq_embed_dinov2_s0,test_embed_ge,mass,18164,0.6671040324810256,0.6511761181642121,0.6826567377405967,0.8199484444502878,0.801137467869134,0.8382137385470906
opq_embed_dinov2_s0,test_embed_ge,mass_shape,760,0.40041276110157775,0.3555873671290314,0.4394519545573806,0.6440101551621015,0.5969750547559622,0.6892183231906441
opq_embed_dinov2_s0,test_embed_ge,mass_margin,669,0.19849263984298332,0.1606058078467717,0.2424499295675098,0.6511942255023546,0.591403667440703,0.7290127148335159
opq_embed_dinov2_s0,test_embed_ge,calc,18613,0.6135962112834137,0.5967781526171854,0.6286769150786411,0.7525287121786277,0.732141569814663,0.7719714090737247
opq_embed_dinov2_s0,test_embed_ge,calc_morphology,1123,0.18156286803503266,0.16478162057655307,0.20299487273848743,0.5489265786290378,0.4587826026300095,0.6160223260571772
opq_embed_dinov2_s0,test_embed_ge,calc_distribution,499,0.15026956869009583,0.127804386906829,0.1689928204692864,0.617114710850247,0.5587369032256847,0.6781815770202373
opq_embed_dinov2_s0,test_embed_ge,asymmetry,18899,0.5703430798241503,0.5601963224640146,0.5811614294880495,0.6904569879604626,0.6770963595623876,0.7042293404063769
opq_embed_dinov2_s0,test_embed_ge,distortion,17266,0.5379931359432261,0.49790628160500383,0.5972099123325656,0.7072460391425909,0.6261368224018234,0.7744253055012806
opq_embed_dinov2_s0,test_embed_ge,birads,21363,0.3105209681240025,0.29254054570734817,0.32536165682560786,0.7641086380241944,0.7421116541025193,0.781855040830602
opq_embed_dinov2_s0,test_embed_ge,malignant,324,0.5984916119231948,0.5466262515644555,0.6548045801814008,0.7343503307019416,0.683707158008586,0.7894502073683812
opq_embed_dinov2_s0,test_inbreast,density,409,0.3923874497515994,0.3404700910548031,0.4477024351931609,0.7598137907944816,0.7368750675093358,0.7854414912371637
opq_embed_dinov2_s0,test_inbreast,mass,410,0.7228309722088091,0.6779202335821309,0.7690491665811406,0.8109363502575424,0.7604526490170198,0.8642564873013291
opq_embed_dinov2_s0,test_inbreast,calc,410,0.40475057121096725,0.3593591357363933,0.4478334717170344,0.6706137000254647,0.6053809614899279,0.7353001819850197
opq_embed_dinov2_s0,test_inbreast,asymmetry,410,0.47096774193548385,0.46194225721784776,0.4803548795944233,0.5804473304473304,0.4299184400367324,0.7102111021368991
opq_embed_dinov2_s0,test_inbreast,distortion,410,0.47903430749682335,0.4719724787379426,0.48557089084065247,0.8681408681408682,0.8211982704629763,0.9241868018601083
opq_embed_dinov2_s0,test_inbreast,birads,410,0.3748836157202691,0.33445110735890327,0.4177863955691299,0.7383460059605091,0.7025412836470379,0.7763687051149646
opq_embed_dinov2_s0,test_vindr,density,2000,0.6515102778714834,0.5503048344272637,0.7197487261730207,0.9117596692037748,0.8992260301011902,0.9245920018524113
opq_embed_dinov2_s0,test_vindr,mass,2000,0.6923863002413986,0.6535487630116061,0.7352486152520125,0.8026192933313676,0.7511651578046952,0.8510254530610059
opq_embed_dinov2_s0,test_vindr,calc,2000,0.769872069791525,0.7113268475359248,0.8312696333647365,0.8681340641772296,0.8101738308399677,0.9172046422906224
opq_embed_dinov2_s0,test_vindr,asymmetry,2000,0.49328604003040283,0.4912850692761427,0.49520444220090865,0.7487264511135053,0.6750607114097393,0.8194550022986985
opq_embed_dinov2_s0,test_vindr,distortion,2000,0.5741550849754171,0.4968553459119497,0.664679133346069,0.8531222174906121,0.7603335499947476,0.9358509121541608
opq_embed_dinov2_s0,test_vindr,birads,2000,0.3822245936968784,0.3365446842490067,0.4257065074362254,0.7900547439013932,0.7699079370334269,0.8105837798482786
cb_embed_dinov2_s1,test_cbis_ddsm,density,368,0.5794472760695187,0.5291264932128111,0.6250754717933378,0.8893982225964324,0.8657735892662158,0.9106533788888866
cb_embed_dinov2_s1,test_cbis_ddsm,mass_shape,189,0.41874394241345136,0.37211859402938086,0.46504101791394614,0.7031530976848367,0.652896258097368,0.7579957473672035
cb_embed_dinov2_s1,test_cbis_ddsm,mass_margin,203,0.358620934321703,0.29473657690848043,0.4137004803673273,0.732764092294352,0.6787454703754451,0.7762416600330512
cb_embed_dinov2_s1,test_cbis_ddsm,calc_morphology,159,0.34998093785741513,0.30810628097392806,0.3825086496811859,0.6601162274921661,0.596883482046421,0.7203452496290198
cb_embed_dinov2_s1,test_cbis_ddsm,calc_distribution,140,0.20332015810276677,0.16876097213567168,0.30084525579090776,0.5418539483695077,0.40527743343897454,0.6518402032099313
cb_embed_dinov2_s1,test_cbis_ddsm,birads,344,0.2808293852070676,0.2398743796350327,0.38166330857491987,0.6784043124869656,0.6499883359698722,0.7622847223151525
cb_embed_dinov2_s1,test_cbis_ddsm,malignant,369,0.652378709373528,0.5978459580843907,0.702271426518886,0.720910138248848,0.6600410572332257,0.7745571560998775
cb_embed_dinov2_s1,test_cdd_cesm,density,518,0.6682758457278504,0.5239000482018953,0.7768461730467152,0.913429546804265,0.8700277766872881,0.9397739034208689
cb_embed_dinov2_s1,test_cdd_cesm,mass,566,0.8154878970578225,0.7829117957806483,0.8430652173220666,0.8996066433566434,0.8707902303926226,0.9220278131526854
cb_embed_dinov2_s1,test_cdd_cesm,mass_shape,175,0.4773626648702573,0.4052927631035235,0.5432921964408567,0.7163935227424303,0.6545989896280493,0.7684674179533726
cb_embed_dinov2_s1,test_cdd_cesm,mass_margin,175,0.3153556555055806,0.2788326784787605,0.35738717949698795,0.7859767431798274,0.7393940398384948,0.8316418089739895
cb_embed_dinov2_s1,test_cdd_cesm,calc,566,0.6646522099774854,0.6220779261405979,0.7007830412884043,0.744300726155565,0.6967108024366883,0.7930077447894078
cb_embed_dinov2_s1,test_cdd_cesm,calc_morphology,99,0.32783145464304886,0.25701984126984123,0.49746562505183145,0.8377852295826864,0.7349876473483672,0.9375588723542562
cb_embed_dinov2_s1,test_cdd_cesm,calc_distribution,27,0.2,0.05877016129032259,0.3433258928571428,0.4506855302507476,0.13479853479853482,0.6703333333333334
cb_embed_dinov2_s1,test_cdd_cesm,asymmetry,566,0.504901651746312,0.4672323742946865,0.5481343751108645,0.5646113602391629,0.5157929992151861,0.6122550164017104
cb_embed_dinov2_s1,test_cdd_cesm,distortion,566,0.6385326725591376,0.566679454026221,0.7036542940866382,0.8330456718003187,0.7512622925094156,0.905558983901679
cb_embed_dinov2_s1,test_cdd_cesm,birads,566,0.3715850309351074,0.3387278725007437,0.40385391009424476,0.7549454247625352,0.7320748238000723,0.7787215915044796
cb_embed_dinov2_s1,test_cdd_cesm,malignant,566,0.7173066504131111,0.6818983527378107,0.7563293356665454,0.8029862032558603,0.7613843766195991,0.8442745633096816
cb_embed_dinov2_s1,test_cmmd,malignant,1867,0.4501696217302613,0.42701715885861513,0.47053891110287727,0.7792651106265861,0.7592177630229553,0.8021254285258466
cb_embed_dinov2_s1,test_embed,density,13097,0.7435921076539234,0.7260501226761035,0.7601078327841065,0.9417239636664565,0.9362713024783202,0.9474456092489266
cb_embed_dinov2_s1,test_embed,mass,10301,0.6968259446848017,0.6751155813906968,0.7225555545681516,0.8505693927787783,0.8302750314445156,0.8723291834718319
cb_embed_dinov2_s1,test_embed,mass_shape,448,0.47617266802008756,0.42302741411659656,0.5187229771304182,0.7058338949952144,0.6289474872490944,0.7688841748544192
cb_embed_dinov2_s1,test_embed,mass_margin,318,0.2748770042272094,0.23133554994712863,0.32639157849447176,0.7032481188088395,0.6289772638416886,0.7611927683184344
cb_embed_dinov2_s1,test_embed,calc,10354,0.600790099849499,0.5738398570666328,0.628776458546859,0.7446893244968512,0.7146004550074784,0.7700486360252494
cb_embed_dinov2_s1,test_embed,calc_morphology,308,0.266844159856208,0.22307907232738042,0.36038640144403333,0.6561202361954439,0.5854363532936202,0.6967746726661874
cb_embed_dinov2_s1,test_embed,calc_distribution,289,0.2153772132409546,0.17413736076657424,0.25625309784930916,0.7564395148051262,0.6970438465142206,0.8189611122614416
cb_embed_dinov2_s1,test_embed,asymmetry,10819,0.5683593393403547,0.55361474546975,0.5818931014671707,0.678996467729992,0.6575498653245351,0.69885782385236
cb_embed_dinov2_s1,test_embed,distortion,9887,0.5404073449082764,0.5005824440726835,0.5770451290429647,0.7361396903229572,0.6715789713054651,0.795620258686025
cb_embed_dinov2_s1,test_embed,birads,11881,0.3141994055346414,0.28444366148379463,0.34439060023025325,0.7927710467911875,0.77779202249066,0.807399824848846
cb_embed_dinov2_s1,test_embed,malignant,297,0.5549342105263158,0.48948887774974736,0.6259043289432193,0.6990557985703617,0.6277895070615658,0.7670254950289832
cb_embed_dinov2_s1,test_embed_fuji,density,3951,0.6531489799579708,0.6195599281368831,0.6838907926117866,0.9306998533264944,0.9216387053287924,0.9395565982503289
cb_embed_dinov2_s1,test_embed_fuji,mass,3391,0.6353073357426317,0.5818246430700764,0.6805678210453538,0.826705068954588,0.769235504324219,0.8866821287425123
cb_embed_dinov2_s1,test_embed_fuji,mass_shape,61,0.30994152046783624,0.2882192307692308,0.4847870879120878,0.48189834856501523,0.16631516830870277,0.7623284907183212
cb_embed_dinov2_s1,test_embed_fuji,mass_margin,40,0.42358757062146896,0.23030303030303031,0.6272013250550984,0.788003663003663,0.6562840413943356,0.8985406811325929
cb_embed_dinov2_s1,test_embed_fuji,calc,3470,0.5944464335736984,0.5616215900043596,0.6277043487959333,0.7564751369668742,0.7100453364354484,0.8016399201616398
cb_embed_dinov2_s1,test_embed_fuji,calc_morphology,132,0.18612244897959182,0.17916347826086956,0.314708302354399,0.4749486172405554,0.3154599747087315,0.6843670165827584
cb_embed_dinov2_s1,test_embed_fuji,calc_distribution,39,0.156794425087108,0.08515969283127536,0.4,0.5417380256196046,0.4299911395134972,0.7487943048112765
cb_embed_dinov2_s1,test_embed_fuji,asymmetry,3507,0.5628368703571736,0.5364189815497975,0.5874736777664122,0.6838565467305269,0.6441394812791945,0.7256789455884701
cb_embed_dinov2_s1,test_embed_fuji,distortion,3324,0.5987929993964997,0.4987237777371643,0.7132245732728814,0.8528961418353984,0.737247437125833,0.9587992725506617
cb_embed_dinov2_s1,test_embed_fuji,birads,3620,0.23230201863354036,0.22277134333827858,0.3000088451333464,0.6963276576136368,0.5966850101242169,0.7416058339283543
cb_embed_dinov2_s1,test_embed_fuji,malignant,13,0.43478260869565216,0.34782608695652173,1.0,0.8833333333333333,0.5833333333333334,1.0
cb_embed_dinov2_s1,test_embed_ge,density,23174,0.6872687721337782,0.6694863009316573,0.7047888806715462,0.9249677747634798,0.919856641177418,0.9299368095133107
cb_embed_dinov2_s1,test_embed_ge,mass,18164,0.7008209502228646,0.6831283192631632,0.7187619763460598,0.8529001769897421,0.8372384660462864,0.8662119328268965
cb_embed_dinov2_s1,test_embed_ge,mass_shape,760,0.4216309668443941,0.3766128563287012,0.4675166605890378,0.64972455495482,0.6045426129919494,0.6932894277887256
cb_embed_dinov2_s1,test_embed_ge,mass_margin,669,0.26500725256109936,0.23070516872958316,0.3184064468821106,0.7398741115645081,0.6960705940561959,0.7847871074813314
cb_embed_dinov2_s1,test_embed_ge,calc,18613,0.6357753790463037,0.616364857676526,0.6517945808432167,0.7756951537691797,0.7580275727930295,0.7935419030785552
cb_embed_dinov2_s1,test_embed_ge,calc_morphology,1123,0.1895343583157945,0.16751142893284268,0.21155156844406403,0.6006665470140664,0.5531514082614866,0.6427984549839917
cb_embed_dinov2_s1,test_embed_ge,calc_distribution,499,0.18583076356160663,0.1469910849152574,0.25173514625827303,0.6306265675618817,0.5642751955313202,0.7007039545775752
cb_embed_dinov2_s1,test_embed_ge,asymmetry,18899,0.586511695361189,0.575003944677479,0.5966197498123206,0.702186168635473,0.689423336398515,0.7147314265001695
cb_embed_dinov2_s1,test_embed_ge,distortion,17266,0.5457071888523259,0.5043445878993809,0.5970209705605692,0.7257329131559428,0.6614636817802728,0.7965640654332137
cb_embed_dinov2_s1,test_embed_ge,birads,21363,0.28350209839320084,0.2686320582828756,0.2980957809691002,0.7668779154239628,0.7383015189406263,0.7876455509662982
cb_embed_dinov2_s1,test_embed_ge,malignant,324,0.5389976189093444,0.48416940838167116,0.5969304887221452,0.6680179219116706,0.6101325122269381,0.7290602735526508
cb_embed_dinov2_s1,test_inbreast,density,409,0.4298309788400432,0.37360152485460046,0.48915615824358294,0.7700028795994347,0.7482951672265395,0.7949463002295679
cb_embed_dinov2_s1,test_inbreast,mass,410,0.7963728411676119,0.7512552432899476,0.8413400107484857,0.8719186902133923,0.8250146918686158,0.9137492999994595
cb_embed_dinov2_s1,test_inbreast,calc,410,0.4209557180399378,0.3750815475293195,0.47037987930278147,0.7468328240387064,0.6942963907985193,0.8038535862445009
cb_embed_dinov2_s1,test_inbreast,asymmetry,410,0.5114477827900247,0.4622772210813098,0.5656120853872404,0.6976010101010102,0.5466901276073067,0.8105956211889412
cb_embed_dinov2_s1,test_inbreast,distortion,410,0.5848101265822785,0.48557089084065247,0.6807328415272139,0.9606879606879607,0.9415373109338626,0.9825980392156862
cb_embed_dinov2_s1,test_inbreast,birads,410,0.2776487165344915,0.24049096377195903,0.3184549208359486,0.678021695116809,0.6539631610665351,0.7093452121122448
cb_embed_dinov2_s1,test_vindr,density,2000,0.6331990259059402,0.5468073267807004,0.7101342838631008,0.9394076181015985,0.9294976760554307,0.9508344569188772
cb_embed_dinov2_s1,test_vindr,mass,2000,0.6764546299199297,0.6319586309025781,0.7236944583667225,0.8112504970090111,0.7632951105096536,0.8534918090632662
cb_embed_dinov2_s1,test_vindr,calc,2000,0.7612958226768969,0.707387036604406,0.8213994307542951,0.8958928095618743,0.8497440544918928,0.9416899439799246
cb_embed_dinov2_s1,test_vindr,asymmetry,2000,0.4935426690301342,0.49147583138054607,0.49533181932879133,0.7643542296467537,0.6882388212837612,0.8380551067585116
cb_embed_dinov2_s1,test_vindr,distortion,2000,0.4981179422835634,0.4969818913480885,0.49899799599198397,0.8289071270953505,0.7350053497082941,0.9207280743588716
cb_embed_dinov2_s1,test_vindr,birads,2000,0.29622492213261925,0.25766673417485475,0.33954047000461274,0.7369781130374934,0.70980339251683,0.7639335292401799
opq_embed_dinov2_s1,test_cbis_ddsm,density,368,0.4648336789224172,0.40016644764299203,0.5247745771908341,0.7618765482693484,0.7322511711161629,0.7914133579734947
opq_embed_dinov2_s1,test_cbis_ddsm,mass_shape,189,0.43082600243814045,0.3891221741221741,0.4777929176619979,0.6575672671602865,0.6034925800463358,0.7223291736694981
opq_embed_dinov2_s1,test_cbis_ddsm,mass_margin,203,0.29475950786147875,0.2386086511920786,0.345367340013847,0.6465840938620551,0.5946287786985618,0.6989406927775704
opq_embed_dinov2_s1,test_cbis_ddsm,calc_morphology,159,0.307648401826484,0.2557091886984976,0.3495573315962416,0.6004896034398948,0.5308965718926458,0.6700635134360089
opq_embed_dinov2_s1,test_cbis_ddsm,calc_distribution,140,0.16954732510288067,0.1598197424892704,0.22661040487127437,0.49754509748716413,0.4108296180936285,0.6184920903157056
opq_embed_dinov2_s1,test_cbis_ddsm,birads,344,0.2649565343177437,0.23100555927332422,0.3480802139326384,0.656176321529561,0.6286264696467674,0.76616313046333
opq_embed_dinov2_s1,test_cbis_ddsm,malignant,369,0.6850063466377666,0.6373660874831782,0.7364535839770617,0.7503638127577006,0.6910302670165818,0.8034194821289028
opq_embed_dinov2_s1,test_cdd_cesm,density,518,0.5740576648089002,0.45691643574629576,0.6716566739425412,0.8750058951419427,0.8269238157197005,0.906961204209454
opq_embed_dinov2_s1,test_cdd_cesm,mass,566,0.7072510117461257,0.6688960491373706,0.7470792106023401,0.8002549533799534,0.7661961574722469,0.8353836613479804
opq_embed_dinov2_s1,test_cdd_cesm,mass_shape,175,0.3600517418261296,0.30496471918272555,0.4078369325420033,0.7539648783958027,0.6988545237637717,0.8039792103221262
opq_embed_dinov2_s1,test_cdd_cesm,mass_margin,175,0.282350771824456,0.24654122807017542,0.31485137530447616,0.7651300154391093,0.7158926650964931,0.8095156730158918
opq_embed_dinov2_s1,test_cdd_cesm,calc,566,0.6339816669756841,0.5897748315223127,0.6778029794643371,0.7099828934506354,0.6640311304356261,0.7570667920600168
opq_embed_dinov2_s1,test_cdd_cesm,calc_morphology,99,0.3302338957055215,0.269988078742713,0.539126217314623,0.7997868178587618,0.7225820007314228,0.9132795313247251
opq_embed_dinov2_s1,test_cdd_cesm,calc_distribution,27,0.2916666666666667,0.25757575757575757,0.4804038461538461,0.4083735909822866,0.16954495584930365,0.678507246376812
opq_embed_dinov2_s1,test_cdd_cesm,asymmetry,566,0.5202360515021459,0.4775641069805568,0.561477837180452,0.5946375186846039,0.5447935894836803,0.6469892327247336
opq_embed_dinov2_s1,test_cdd_cesm,distortion,566,0.5563460958697618,0.4913102965794432,0.6181835053897032,0.7432620817843866,0.6394774433476397,0.8341412665619082
opq_embed_dinov2_s1,test_cdd_cesm,birads,566,0.31530292341554267,0.28441875092540864,0.34564355835471294,0.7562007295226151,0.7321769813368137,0.7772584165772998
opq_embed_dinov2_s1,test_cdd_cesm,malignant,566,0.749196853882796,0.7079580847458974,0.7847973653965779,0.8175605301830529,0.7750810835481885,0.85385264251676
opq_embed_dinov2_s1,test_cmmd,malignant,1867,0.5121105910588466,0.4893661185272432,0.5331222966538435,0.7724655692450668,0.7523353044643222,0.7958709061351639
opq_embed_dinov2_s1,test_embed,density,13097,0.685022075317918,0.663586994944919,0.7041700292790843,0.9186282204314273,0.9125716216597893,0.9248657875639101
opq_embed_dinov2_s1,test_embed,mass,10301,0.6376208624974451,0.6159112365762867,0.664240465061134,0.7770639505163072,0.7560274960230867,0.8015765149831479
opq_embed_dinov2_s1,test_embed,mass_shape,448,0.4757066791950513,0.42669180337835844,0.5271074823627944,0.733398266780994,0.6739421439648609,0.7875972633058403
opq_embed_dinov2_s1,test_embed,mass_margin,318,0.2766823837266713,0.21413986856595238,0.3350449672901082,0.6636825051668825,0.5856978894221471,0.7435957567086016
opq_embed_dinov2_s1,test_embed,calc,10354,0.5805903351752896,0.5532594408248149,0.6055408138622631,0.7150787716429258,0.683638636389615,0.7441070253617011
opq_embed_dinov2_s1,test_embed,calc_morphology,308,0.21358709480433563,0.17110130902848994,0.30344643321417764,0.6948110854688221,0.6212873118560898,0.7404639848209318
opq_embed_dinov2_s1,test_embed,calc_distribution,289,0.19940476190476192,0.16130757331902718,0.23319045527741178,0.6980405749536892,0.6131222618446338,0.7614101608768998
opq_embed_dinov2_s1,test_embed,asymmetry,10819,0.512988543015097,0.5006939476523165,0.5267293463227345,0.6335129017191325,0.6097259369908008,0.6528943243847454
opq_embed_dinov2_s1,test_embed,distortion,9887,0.5151107284537251,0.496943599173668,0.5446480560697312,0.7318726142004457,0.6741173603715617,0.783375323907471
opq_embed_dinov2_s1,test_embed,birads,11881,0.33386731438383543,0.31500805134598053,0.3571584621525004,0.8120256401110204,0.7976349400225329,0.8261443385769479
opq_embed_dinov2_s1,test_embed,malignant,297,0.5873853848291192,0.5225842097933924,0.6605392544369526,0.685266190120559,0.6209080330957419,0.7576657403074358
opq_embed_dinov2_s1,test_embed_fuji,density,3951,0.6154185483019633,0.5793180585674839,0.6486448668757868,0.9089245128677126,0.8998280321013877,0.92072860566186
opq_embed_dinov2_s1,test_embed_fuji,mass,3391,0.5353462341140736,0.5088325963166141,0.5612336962291746,0.7142991398182341,0.6558589134427761,0.7727567713991953
opq_embed_dinov2_s1,test_embed_fuji,mass_shape,61,0.30994152046783624,0.2890855457227139,0.48649329540837055,0.49728234728234727,0.14375598659003833,0.8407608043217284
opq_embed_dinov2_s1,test_embed_fuji,mass_margin,40,0.23655913978494625,0.17531795326826383,0.27931286549707596,0.6774013024013024,0.5192731425979732,0.8221063077356905
opq_embed_dinov2_s1,test_embed_fuji,calc,3470,0.5971030899406394,0.5671957463495011,0.6287987320319139,0.7143998089181482,0.6653676420921802,0.7640544572640439
opq_embed_dinov2_s1,test_embed_fuji,calc_morphology,132,0.23809523809523808,0.230078125,0.3259297879735836,0.3676226402255075,0.22301046483064998,0.4698835739576046
opq_embed_dinov2_s1,test_embed_fuji,calc_distribution,39,0.10007047216349542,0.03571428571428571,0.2710632963830638,0.3775397695627959,0.23236519797344826,0.6836132812499996
opq_embed_dinov2_s1,test_embed_fuji,asymmetry,3507,0.5393727971079982,0.5155329362269981,0.5670188954617672,0.6072373783162541,0.5697327732103334,0.6490025044758502
opq_embed_dinov2_s1,test_embed_fuji,distortion,3324,0.5855225594749796,0.4982718410589872,0.695656359451061,0.7517981263221518,0.6129145949774596,0.9095238625484566
opq_embed_dinov2_s1,test_embed_fuji,birads,3620,0.23508138717304217,0.2222357250562618,0.2451673551875336,0.6096476313087091,0.5090866162210637,0.6643089341455856
opq_embed_dinov2_s1,test_embed_fuji,malignant,13,0.43478260869565216,0.34782608695652173,1.0,0.7,0.18181818181818177,0.9545454545454546
opq_embed_dinov2_s1,test_embed_ge,density,23174,0.6260056618061749,0.6082931449101535,0.6411340691113496,0.9005316957223792,0.8942407847782295,0.9056964989263858
opq_embed_dinov2_s1,test_embed_ge,mass,18164,0.619895860686629,0.6028820840439304,0.6388560914069553,0.7812517389459835,0.7610424238809883,0.7985990090197588
opq_embed_dinov2_s1,test_embed_ge,mass_shape,760,0.40532877267203743,0.3601760144903414,0.4471765070501237,0.6361035194423091,0.5937001111667315,0.6839824398213156
opq_embed_dinov2_s1,test_embed_ge,mass_margin,669,0.21124500546507283,0.17737313736442084,0.25759286954229443,0.6247145725852421,0.5673390039376898,0.6937846930406861
opq_embed_dinov2_s1,test_embed_ge,calc,18613,0.5747761248158578,0.5603220006060776,0.5885933042418241,0.7428399441289474,0.7222732348333709,0.7631724805403395
opq_embed_dinov2_s1,test_embed_ge,calc_morphology,1123,0.20121213789374734,0.18488320027153757,0.21993979035737285,0.5458403333684384,0.4547137098914447,0.6179680513385533
opq_embed_dinov2_s1,test_embed_ge,calc_distribution,499,0.13588243686688545,0.11712633724075894,0.15667279216517555,0.5847915438249957,0.5245114379058594,0.6542093898405801
opq_embed_dinov2_s1,test_embed_ge,asymmetry,18899,0.5391070457902445,0.5292924421834496,0.5505962343192461,0.6722279749001727,0.6580605335892762,0.6861966157663673
opq_embed_dinov2_s1,test_embed_ge,distortion,17266,0.5222849382567076,0.4976322716839908,0.5628787808590603,0.6472194947410465,0.5765219411419287,0.7121210275195262
opq_embed_dinov2_s1,test_embed_ge,birads,21363,0.2771515834766154,0.2651433614353216,0.28807345047268085,0.7468254848727593,0.7243967760658971,0.7686994246942483
opq_embed_dinov2_s1,test_embed_ge,malignant,324,0.5898570229322957,0.5342713566249393,0.642916091181614,0.7056539364198848,0.6536182591668399,0.764079392179574
opq_embed_dinov2_s1,test_inbreast,density,409,0.3532947190871298,0.29469291651580765,0.40743563971052305,0.7523870497273772,0.7306563021047546,0.775216712700387
opq_embed_dinov2_s1,test_inbreast,mass,410,0.6963609278569909,0.6423746313183967,0.7455089879068285,0.7855193769928868,0.7283664488745007,0.83945043113448
opq_embed_dinov2_s1,test_inbreast,calc,410,0.35926376106963015,0.31034086606767003,0.40311417681918105,0.6658708938120702,0.6090905377733891,0.7305549799456925
opq_embed_dinov2_s1,test_inbreast,asymmetry,410,0.47770700636942676,0.46959896507115134,0.4849246231155779,0.5874819624819625,0.46080053484723194,0.7103855821597757
opq_embed_dinov2_s1,test_inbreast,distortion,410,0.5303038568545088,0.48297604035308955,0.6223354162738307,0.8648648648648649,0.7812973856209149,0.9755501222493888
opq_embed_dinov2_s1,test_inbreast,birads,410,0.2597764769550819,0.22782312951858105,0.29594754527244377,0.7171063104519748,0.6822220951122677,0.7483359314454661
opq_embed_dinov2_s1,test_vindr,density,2000,0.5302759066745303,0.48433855829402644,0.5786761284122235,0.8931037659579083,0.8804747718009514,0.9072072121746397
opq_embed_dinov2_s1,test_vindr,mass,2000,0.6487257143468055,0.6040354277003197,0.6968709594337865,0.7900164850629248,0.7458125484105939,0.831948534630857
opq_embed_dinov2_s1,test_vindr,calc,2000,0.7499289570900824,0.677992521408969,0.8075577319170931,0.8605353812188344,0.8082617088633646,0.9117789001950424
opq_embed_dinov2_s1,test_vindr,asymmetry,2000,0.4935426690301342,0.4915437285772066,0.49533181932879133,0.7534336133223152,0.6718632766915346,0.8245601311218148
opq_embed_dinov2_s1,test_vindr,distortion,2000,0.5969773299748111,0.4969154549941156,0.691425019192515,0.8263907707792962,0.738681540918587,0.9087724083462138
opq_embed_dinov2_s1,test_vindr,birads,2000,0.331156244507392,0.2914739920339343,0.36865784681319747,0.7620505067818655,0.7419056733542775,0.7826215683289884
cb_embed_dinov2_s2,test_cbis_ddsm,density,368,0.5446217045483166,0.488354343800186,0.5962240656886103,0.8721441589525698,0.848379969534964,0.8939917078242408
cb_embed_dinov2_s2,test_cbis_ddsm,mass_shape,189,0.4446111038650494,0.40429289636916754,0.48569887272667905,0.7042240499560032,0.6523533651250144,0.7648611742164485
cb_embed_dinov2_s2,test_cbis_ddsm,mass_margin,203,0.37126262109864266,0.31201396819890104,0.420454372478234,0.717285009248711,0.6621489081709874,0.7628460199662233
cb_embed_dinov2_s2,test_cbis_ddsm,calc_morphology,159,0.33561437810197026,0.2836933416610682,0.3794786829043491,0.6702985347356227,0.6006888570813685,0.734946297060592
cb_embed_dinov2_s2,test_cbis_ddsm,calc_distribution,140,0.20373376623376624,0.17238255670204042,0.30741728810436364,0.7076829051013656,0.5868360393403447,0.7737782903117536
cb_embed_dinov2_s2,test_cbis_ddsm,birads,344,0.30778587494376974,0.2564039513078113,0.4227936032663835,0.6277771472253708,0.5976888507269261,0.7401705055718798
cb_embed_dinov2_s2,test_cbis_ddsm,malignant,369,0.6525191858525192,0.5990315676541315,0.6948616570517214,0.7219257821974291,0.668680825588319,0.7735089225509054
cb_embed_dinov2_s2,test_cdd_cesm,density,518,0.6129890453834116,0.4925841229387758,0.7216375925647104,0.9085801419067181,0.866327707355018,0.9362829551597536
cb_embed_dinov2_s2,test_cdd_cesm,mass,566,0.8079915695869964,0.7723782001433104,0.8423361087884735,0.9001966783216783,0.8740449092783791,0.9236740303341094
cb_embed_dinov2_s2,test_cdd_cesm,mass_shape,175,0.43944482785062494,0.3779678245017896,0.49548054548439174,0.7365356844960207,0.685138318078395,0.7810403739413361
cb_embed_dinov2_s2,test_cdd_cesm,mass_margin,175,0.3365787714928003,0.2946785107999447,0.3790752798252798,0.7663362908056398,0.7257652881198894,0.8121760969461561
cb_embed_dinov2_s2,test_cdd_cesm,calc,566,0.6678109232165854,0.6242489116324598,0.7081402552503969,0.7538926127635803,0.7068920508971365,0.8004372576259521
cb_embed_dinov2_s2,test_cdd_cesm,calc_morphology,99,0.3141730064806988,0.25450253178194354,0.49297276487281366,0.7840739164773991,0.5870164550886339,0.9038636656815836
cb_embed_dinov2_s2,test_cdd_cesm,calc_distribution,27,0.16028225806451613,0.08064516129032258,0.24940126050420167,0.547290085116172,0.2603913043478261,0.7694686609686611
cb_embed_dinov2_s2,test_cdd_cesm,asymmetry,566,0.4939288962861179,0.4553200273677779,0.5344079893523741,0.5482343049327354,0.4941311541822525,0.602029409651896
cb_embed_dinov2_s2,test_cdd_cesm,distortion,566,0.5826768597927743,0.516596840548347,0.6488147808468785,0.8017458842272969,0.709678185927357,0.8851728602563629
cb_embed_dinov2_s2,test_cdd_cesm,birads,566,0.34694381075310643,0.3125822234239997,0.37794543679629267,0.7533067653544534,0.7326678801192822,0.7757237426909074
cb_embed_dinov2_s2,test_cdd_cesm,malignant,566,0.7154022582921665,0.6716194743602433,0.759168309435612,0.7883904749675412,0.7432565144660612,0.8307844559583619
cb_embed_dinov2_s2,test_cmmd,malignant,1867,0.41248482562730565,0.39051692885180855,0.4332357082615437,0.7577378121038985,0.7368025788726593,0.779463709086023
cb_embed_dinov2_s2,test_embed,density,13097,0.7422764607085344,0.7239457684996726,0.7596130632243728,0.9426628578156581,0.9378008811001175,0.948165183710518
cb_embed_dinov2_s2,test_embed,mass,10301,0.706933154599568,0.6805686146652695,0.7306010398982856,0.8511942305726172,0.8266938138433783,0.8742012155796992
cb_embed_dinov2_s2,test_embed,mass_shape,448,0.4844488844488845,0.42867016874150227,0.5356605969294463,0.7178744415119619,0.6383420388836907,0.7726047805233155
cb_embed_dinov2_s2,test_embed,mass_margin,318,0.30936067657565103,0.24322440358431544,0.38165835555684113,0.698590493586525,0.6213159230264396,0.7679322408577677
cb_embed_dinov2_s2,test_embed,calc,10354,0.610559947404298,0.5818011795191507,0.6374411336309161,0.743260120354033,0.7137321896829316,0.767634758501864
cb_embed_dinov2_s2,test_embed,calc_morphology,308,0.2582300066256186,0.2034594298460364,0.32216269162610217,0.6803921021126111,0.6035717293985682,0.7189750983121719
cb_embed_dinov2_s2,test_embed,calc_distribution,289,0.21992518585160284,0.17731792353771939,0.256740649208947,0.7614678911714012,0.7065551547166861,0.8130022406105663
cb_embed_dinov2_s2,test_embed,asymmetry,10819,0.5799435079950083,0.5643972785242418,0.5932489504463169,0.6874380828388333,0.6670142320788971,0.707346927106989
cb_embed_dinov2_s2,test_embed,distortion,9887,0.5744085540135679,0.5273503988686054,0.6182406536925155,0.7191683292992344,0.6349932097950496,0.7918303046100457
cb_embed_dinov2_s2,test_embed,birads,11881,0.30853317796273083,0.2836942150353998,0.3335059468627295,0.7882421755554632,0.7746243632901728,0.803736504266175
cb_embed_dinov2_s2,test_embed,malignant,297,0.5425619834710744,0.48584202775276125,0.6041989924286452,0.6787314627120452,0.5983526637546688,0.7539216223386094
cb_embed_dinov2_s2,test_embed_fuji,density,3951,0.6466359374449993,0.6106313408220299,0.6787482315985283,0.9302623510236684,0.9213660320884001,0.9398071871894893
cb_embed_dinov2_s2,test_embed_fuji,mass,3391,0.6400629149297514,0.5951676143685762,0.6919103382682064,0.8181143076163309,0.7516593914323904,0.8826889631968939
cb_embed_dinov2_s2,test_embed_fuji,mass_shape,61,0.30994152046783624,0.28985782230317747,0.48413619167717525,0.6279300945967613,0.3832847341337907,0.782077922077922
cb_embed_dinov2_s2,test_embed_fuji,mass_margin,40,0.5152542372881356,0.2611242365798779,0.6765740244537432,0.8150553150553151,0.6716917704954094,0.9470074790548926
cb_embed_dinov2_s2,test_embed_fuji,calc,3470,0.602597184785864,0.566577631192003,0.6371421619789365,0.7659676504396375,0.7157313692318099,0.8094192599158069
cb_embed_dinov2_s2,test_embed_fuji,calc_morphology,132,0.18448979591836734,0.17489878542510123,0.31478211482858326,0.5496284946736446,0.34550653280490123,0.7414406465506151
cb_embed_dinov2_s2,test_embed_fuji,calc_distribution,39,0.12684989429175475,0.06444600280504909,0.3154581410678969,0.45585926622110834,0.3176404876881133,0.747991938616938
cb_embed_dinov2_s2,test_embed_fuji,asymmetry,3507,0.5536422849851201,0.5321263962446211,0.5806806732033815,0.6770866721002713,0.6385279269516154,0.7171157705635115
cb_embed_dinov2_s2,test_embed_fuji,distortion,3324,0.5855225594749796,0.4980064007999478,0.7172858340111186,0.8433665760048353,0.7346369851230962,0.9552952549143684
cb_embed_dinov2_s2,test_embed_fuji,birads,3620,0.23205283834461232,0.22346467335796544,0.30010004773512466,0.6959656703165819,0.6037031920535582,0.7452920465846375
cb_embed_dinov2_s2,test_embed_fuji,malignant,13,0.43478260869565216,0.34782608695652173,1.0,0.7666666666666666,0.09999999999999998,1.0
cb_embed_dinov2_s2,test_embed_ge,density,23174,0.6746525792811676,0.6554957739845625,0.6930402729308434,0.9253218531704315,0.9202147751477454,0.9299429267587733
cb_embed_dinov2_s2,test_embed_ge,mass,18164,0.7000673241925345,0.682730601955089,0.7185985623693951,0.8560197992317123,0.8386468842919466,0.8699864056020068
cb_embed_dinov2_s2,test_embed_ge,mass_shape,760,0.40946823058107507,0.35837504047476465,0.4489421004662779,0.6418988605910106,0.5938438933825926,0.6901789566068096
cb_embed_dinov2_s2,test_embed_ge,mass_margin,669,0.250897418216852,0.2129391275214438,0.2985477095919016,0.7345282702716267,0.6907839002873916,0.7815600291723114
cb_embed_dinov2_s2,test_embed_ge,calc,18613,0.6412643345861039,0.6227219962903011,0.6580705415048722,0.7786835682723338,0.7590623292774824,0.7959300646457166
cb_embed_dinov2_s2,test_embed_ge,calc_morphology,1123,0.2100584384184289,0.186744926520827,0.23604647851397623,0.6140879013287663,0.5495199452265461,0.6623933790005953
cb_embed_dinov2_s2,test_embed_ge,calc_distribution,499,0.16987662915264726,0.14738465953993055,0.19376556619596141,0.630722714686444,0.5798355788118642,0.6883006581656976
cb_embed_dinov2_s2,test_embed_ge,asymmetry,18899,0.5779975720555228,0.5685313906608822,0.5892083322452479,0.6936996984274076,0.6797204401181944,0.7077287495607412
cb_embed_dinov2_s2,test_embed_ge,distortion,17266,0.5492944697844276,0.5109779301154639,0.5919305598400542,0.7246071832740552,0.6461634422421939,0.7932595181246483
cb_embed_dinov2_s2,test_embed_ge,birads,21363,0.29586384251889014,0.2802008530228149,0.31402737878172865,0.7568723390194194,0.7282732545573043,0.7786136253879202
cb_embed_dinov2_s2,test_embed_ge,malignant,324,0.4850090382098111,0.43439435941585663,0.539937484561298,0.6573287817367186,0.5948471239172166,0.7180578200483091
cb_embed_dinov2_s2,test_inbreast,density,409,0.4185856689068624,0.35999498837394545,0.4727220511410447,0.7581984162663591,0.7367996755428415,0.7823399194658178
cb_embed_dinov2_s2,test_inbreast,mass,410,0.8564191161020709,0.8189327824628853,0.8935179057988408,0.9068708609271523,0.8640389101225545,0.9392310644835341
cb_embed_dinov2_s2,test_inbreast,calc,410,0.400208986415883,0.35472531624570536,0.4468122648379657,0.7653265851795263,0.7136701379009063,0.8183109731868093
cb_embed_dinov2_s2,test_inbreast,asymmetry,410,0.4857098747563635,0.45260347129506007,0.5297015739295586,0.6640512265512266,0.5304907593853955,0.7779241895477618
cb_embed_dinov2_s2,test_inbreast,distortion,410,0.5667924528301886,0.48427672955974843,0.678180102390357,0.968877968877969,0.9220048899755501,0.9975550122249389
cb_embed_dinov2_s2,test_inbreast,birads,410,0.2568971813744092,0.21781305163421907,0.29793192646803085,0.6952054322029693,0.6697098818282385,0.72821797991224
cb_embed_dinov2_s2,test_vindr,density,2000,0.6252981136793476,0.5333067664873633,0.7048946746154013,0.9405453033867981,0.9286211914318764,0.9510482849387428
cb_embed_dinov2_s2,test_vindr,mass,2000,0.6822930933770618,0.6460912722597072,0.7243710481750736,0.8262925584907008,0.7858964371551919,0.8684218187552155
cb_embed_dinov2_s2,test_vindr,calc,2000,0.7469913049345129,0.688466200741763,0.8088511956860733,0.8872425868828746,0.8263899279254028,0.9448049304588114
cb_embed_dinov2_s2,test_vindr,asymmetry,2000,0.5134037408328741,0.4923181306806979,0.5532125716100939,0.7692026067218276,0.6942733081695418,0.8386571177528162
cb_embed_dinov2_s2,test_vindr,distortion,2000,0.4983697015299724,0.4973611460165871,0.4991234660656148,0.8681042158646587,0.8044105480372485,0.9283453408287385
cb_embed_dinov2_s2,test_vindr,birads,2000,0.28942285679764557,0.248563210989943,0.32291301581755777,0.7501906302722959,0.7224695427545117,0.7761964676595716
opq_embed_dinov2_s2,test_cbis_ddsm,density,368,0.5195896878295456,0.47035341326330565,0.5652037541029707,0.8303520076821755,0.8031727571641697,0.8527440788251809
opq_embed_dinov2_s2,test_cbis_ddsm,mass_shape,189,0.4052287581699347,0.3582722509154029,0.45328854998789625,0.6664201099046613,0.6086891034936981,0.7223130312636044
opq_embed_dinov2_s2,test_cbis_ddsm,mass_margin,203,0.3586636907255464,0.29889197296440856,0.4179045835067126,0.6889260160634502,0.6290594216111723,0.746891329162616
opq_embed_dinov2_s2,test_cbis_ddsm,calc_morphology,159,0.3400257313109426,0.2871862870942914,0.38042530783411144,0.6459399520841222,0.5765059844620847,0.7068917365277534
opq_embed_dinov2_s2,test_cbis_ddsm,calc_distribution,140,0.16954732510288067,0.1598197424892704,0.22661040487127437,0.5555208294073725,0.41941172370148333,0.7036511267985992
opq_embed_dinov2_s2,test_cbis_ddsm,birads,344,0.31973369578897026,0.2735415239148072,0.441973554970856,0.6565133963399973,0.6298478012694708,0.800418946891067
opq_embed_dinov2_s2,test_cbis_ddsm,malignant,369,0.6956101693655665,0.6465999947319816,0.739350500923183,0.7690698520494786,0.7197912353655054,0.8153618078238257
opq_embed_dinov2_s2,test_cdd_cesm,density,518,0.576911819143596,0.43388409813237533,0.6876298269944042,0.8812399885520005,0.8297296063118513,0.9093003476003914
opq_embed_dinov2_s2,test_cdd_cesm,mass,566,0.6954642814304564,0.6597308843540546,0.729931822758663,0.7936188811188811,0.7561318646500098,0.8289855523051934
opq_embed_dinov2_s2,test_cdd_cesm,mass_shape,175,0.3772908425559655,0.31731350159180965,0.43010407156210595,0.7171270214752568,0.6582879347515538,0.7692675036492546
opq_embed_dinov2_s2,test_cdd_cesm,mass_margin,175,0.3014854494339336,0.26232048655810064,0.3478452878441834,0.7389070465224111,0.6920150270635215,0.7842418841553849
opq_embed_dinov2_s2,test_cdd_cesm,calc,566,0.6242459229326021,0.5867785100066335,0.6596331959323379,0.6811461388074291,0.6332112332612361,0.7303385608783067
opq_embed_dinov2_s2,test_cdd_cesm,calc_morphology,99,0.3379455909943715,0.2692883522727273,0.4785942484038465,0.8298399209442856,0.7240638122801045,0.9293786549707601
opq_embed_dinov2_s2,test_cdd_cesm,calc_distribution,27,0.2898550724637681,0.25,0.44794832826747716,0.41260639521509085,0.17291666666666664,0.6666666666666667
opq_embed_dinov2_s2,test_cdd_cesm,asymmetry,566,0.5714482378854626,0.5260643511621922,0.6213929420869827,0.6211883408071748,0.5712049858130177,0.6772069396025476
opq_embed_dinov2_s2,test_cdd_cesm,distortion,566,0.5318444995864351,0.47980523357848154,0.5842110178454809,0.7828929899097186,0.6923056290203828,0.8642118269026342
opq_embed_dinov2_s2,test_cdd_cesm,birads,566,0.37131302974140923,0.3381816917973969,0.4035770756339367,0.7686128084189174,0.7430073426601363,0.7940229681198466
opq_embed_dinov2_s2,test_cdd_cesm,malignant,566,0.7743492481275764,0.7366321164955603,0.8105130704739054,0.8285465622280244,0.7871533634010894,0.85970942504441
opq_embed_dinov2_s2,test_cmmd,malignant,1867,0.5188273193167378,0.49679426044184527,0.5389923431689593,0.7808557028988098,0.7594852417675566,0.8023940869752859
opq_embed_dinov2_s2,test_embed,density,13097,0.7195310539218049,0.7001962831192671,0.7379468507251655,0.9312532418097627,0.9256004502142708,0.9372738641172507
opq_embed_dinov2_s2,test_embed,mass,10301,0.6746623167325644,0.6487889269665261,0.6992452294972372,0.807191827955298,0.7835833123999985,0.8301057897320844
opq_embed_dinov2_s2,test_embed,mass_shape,448,0.48673848288244176,0.4358749935587705,0.530085378348673,0.7117878401147498,0.657488425915613,0.7597031556847605
opq_embed_dinov2_s2,test_embed,mass_margin,318,0.24070435686011496,0.18345242615091417,0.2894657848215084,0.678909374949967,0.5811440426421892,0.7463538853375008
opq_embed_dinov2_s2,test_embed,calc,10354,0.6007773656012612,0.5735694271787872,0.6253158017134799,0.7255138177619026,0.6986293500044914,0.749644558417999
opq_embed_dinov2_s2,test_embed,calc_morphology,308,0.22019545135922347,0.18116449587114036,0.3047257079466177,0.6630853481602633,0.5563203308239194,0.7355989480438027
opq_embed_dinov2_s2,test_embed,calc_distribution,289,0.17946571917357548,0.14889295035023448,0.21195976193992583,0.6968063633357731,0.6154069844533608,0.7606688329007228
opq_embed_dinov2_s2,test_embed,asymmetry,10819,0.5475054339358553,0.5352681723321276,0.5617047061522646,0.6628786020791756,0.6433164271226742,0.6802442842398372
opq_embed_dinov2_s2,test_embed,distortion,9887,0.5246283009098306,0.4970886088900748,0.5591363582141778,0.7453321199763999,0.6750573829795992,0.8012545256923229
opq_embed_dinov2_s2,test_embed,birads,11881,0.38389339305845516,0.3543705054306488,0.4150057961137561,0.8360144865546497,0.8227687072432313,0.848843736378221
opq_embed_dinov2_s2,test_embed,malignant,297,0.6327469374969087,0.5708027450234564,0.6990340371744507,0.7200202709911449,0.6523674633529971,0.7919748016472842
opq_embed_dinov2_s2,test_embed_fuji,density,3951,0.6225683091749031,0.5903440151236171,0.6562838103199113,0.9206657571128505,0.9124664193720615,0.9300256638781281
opq_embed_dinov2_s2,test_embed_fuji,mass,3391,0.5549015849784236,0.5278267362650155,0.5865343336806697,0.750880820231593,0.6838348666236275,0.8129593711054174
opq_embed_dinov2_s2,test_embed_fuji,mass_shape,61,0.30994152046783624,0.2890855457227139,0.48649329540837055,0.5483726150392817,0.27714927792514,0.8565413943355118
opq_embed_dinov2_s2,test_embed_fuji,mass_margin,40,0.23655913978494625,0.17531795326826383,0.27931286549707596,0.5571141821141822,0.4050345589827874,0.7268372306007099
opq_embed_dinov2_s2,test_embed_fuji,calc,3470,0.5556898904490442,0.5281756468169045,0.5839982040266799,0.7097767104064967,0.6545500937393273,0.7582539875206257
opq_embed_dinov2_s2,test_embed_fuji,calc_morphology,132,0.18536585365853658,0.1760912651782217,0.31312195346270577,0.4259423033161629,0.3062537712441347,0.573782579006078
opq_embed_dinov2_s2,test_embed_fuji,calc_distribution,39,0.11079545454545454,0.05023382204246714,0.29292929292929293,0.4117233187134503,0.2893201759998635,0.7879521122685182
opq_embed_dinov2_s2,test_embed_fuji,asymmetry,3507,0.5437786960514233,0.520105525820825,0.5722721819550656,0.6382234249414667,0.6010193246483814,0.683037443990424
opq_embed_dinov2_s2,test_embed_fuji,distortion,3324,0.4986425339366516,0.49798199316982306,0.49924427413752126,0.786441019441926,0.6493004629506097,0.9286779529929285
opq_embed_dinov2_s2,test_embed_fuji,birads,3620,0.23262899976810916,0.22268963520486762,0.24339734474084995,0.7067306237703548,0.6206952761909041,0.7516618509207428
opq_embed_dinov2_s2,test_embed_fuji,malignant,13,0.43478260869565216,0.34782608695652173,1.0,0.7,0.0,1.0
opq_embed_dinov2_s2,test_embed_ge,density,23174,0.6427278706203027,0.6255054872134872,0.6618428613495396,0.9098986822871148,0.9046774396363682,0.9146555266655633
opq_embed_dinov2_s2,test_embed_ge,mass,18164,0.6639243997486461,0.6474722653991978,0.6792411973125005,0.8084158267683708,0.7893931067033327,0.8239477544457815
opq_embed_dinov2_s2,test_embed_ge,mass_shape,760,0.4216910819840658,0.3790314012333769,0.46157422446310226,0.6300023618648122,0.583899348243236,0.6753171981329696
opq_embed_dinov2_s2,test_embed_ge,mass_margin,669,0.17950912113750678,0.1483224786001538,0.22136752079844096,0.62291884424506,0.5512633826459501,0.7075391100103697
opq_embed_dinov2_s2,test_embed_ge,calc,18613,0.5991871007285265,0.5832180552352592,0.613887388180457,0.7388878018861671,0.7189177242079675,0.7581245059685843
opq_embed_dinov2_s2,test_embed_ge,calc_morphology,1123,0.21461356168227788,0.19521350580594085,0.23833911590005635,0.5601615751460919,0.4713042405438673,0.6282035326535511
opq_embed_dinov2_s2,test_embed_ge,calc_distribution,499,0.1389811128126595,0.12048541164307087,0.15473099928641149,0.5978996283337649,0.5396271942575298,0.6584086401592244
opq_embed_dinov2_s2,test_embed_ge,asymmetry,18899,0.5634900155690423,0.5526803400250975,0.5754111297343698,0.6776646405382311,0.6643583789374105,0.6921316329654645
opq_embed_dinov2_s2,test_embed_ge,distortion,17266,0.5355110024619619,0.4981671868890205,0.5824554945081792,0.7061212008102403,0.6335090442549758,0.772898081959731
opq_embed_dinov2_s2,test_embed_ge,birads,21363,0.30932324529857175,0.29250944300214815,0.3238782447651505,0.7663593280351156,0.7443803783279885,0.7841214943112592
opq_embed_dinov2_s2,test_embed_ge,malignant,324,0.5874363327674024,0.5293939396978808,0.6442255650408021,0.7225517388521442,0.6613727145127283,0.7865670565463438
opq_embed_dinov2_s2,test_inbreast,density,409,0.41232851113285274,0.3587272803204784,0.46960114499294997,0.7687386050945099,0.7446960792349114,0.792528651016956
opq_embed_dinov2_s2,test_inbreast,mass,410,0.7226404800872885,0.6729478204313383,0.7654663472698091,0.8115802060338484,0.7598127267858702,0.857620787257929
opq_embed_dinov2_s2,test_inbreast,calc,410,0.36923076923076925,0.32225717106263074,0.41327217967678775,0.6793353705118411,0.6139161312952297,0.7418144465506347
opq_embed_dinov2_s2,test_inbreast,asymmetry,410,0.5006410256410256,0.46959896507115134,0.5594524811125222,0.7201479076479077,0.5813231584509851,0.8340483056823481
opq_embed_dinov2_s2,test_inbreast,distortion,410,0.5138803712334927,0.4763729246487867,0.579630895420369,0.9074529074529074,0.8529411764705882,0.9705882352941176
opq_embed_dinov2_s2,test_inbreast,birads,410,0.4133420481747126,0.36220934108981884,0.47346877815307564,0.7632959869607772,0.7231960405975284,0.7978725419130445
opq_embed_dinov2_s2,test_vindr,density,2000,0.6250855207685467,0.5392773453064941,0.7029838261707426,0.9149959986898563,0.901192704075262,0.9287352425676434
opq_embed_dinov2_s2,test_vindr,mass,2000,0.7092714893550148,0.6739466362673904,0.750852014775696,0.8113398469435622,0.7698703857977465,0.8524779524050533
opq_embed_dinov2_s2,test_vindr,calc,2000,0.7566021662407205,0.694959200793106,0.8223523264566015,0.8865907274180655,0.8358158183631734,0.9340307888152499
opq_embed_dinov2_s2,test_vindr,asymmetry,2000,0.4935426690301342,0.4915437285772066,0.49527131519304707,0.7847519325515957,0.7194699496382586,0.849427630054094
opq_embed_dinov2_s2,test_vindr,distortion,2000,0.4978659302033643,0.49678887612246897,0.49874686716791977,0.8031628663234099,0.6957783157276995,0.8976117119382965
opq_embed_dinov2_s2,test_vindr,birads,2000,0.41999709073041414,0.3738415504051109,0.4574927975603699,0.801783122823441,0.784817468232628,0.8211359632512968
cb_embed_ft2_s0,test_cbis_ddsm,density,368,0.6608986232426403,0.5974180661351336,0.7119525172118113,0.8953009219675141,0.868845800153271,0.9185988792216976
cb_embed_ft2_s0,test_cbis_ddsm,mass_shape,189,0.4433854744419638,0.3867976541212392,0.5011297711005026,0.6512533734738567,0.5942123121615706,0.7072878425832768
cb_embed_ft2_s0,test_cbis_ddsm,mass_margin,203,0.4226708902420545,0.3507272011477976,0.4879952928111737,0.7180538820687739,0.6661774423236746,0.7687764668731344
cb_embed_ft2_s0,test_cbis_ddsm,calc_morphology,159,0.36982582090630944,0.31313487229454157,0.41175300748031113,0.6688951616815086,0.595630598806941,0.7324087051095135
cb_embed_ft2_s0,test_cbis_ddsm,calc_distribution,140,0.23294912559618441,0.17806053313587558,0.34166916936958575,0.6511011233568345,0.5263477584054449,0.7453305594857181
cb_embed_ft2_s0,test_cbis_ddsm,birads,344,0.3574049803407602,0.31714204119085687,0.4803127269582921,0.6514155789129413,0.6235922829473305,0.7865866445726653
cb_embed_ft2_s0,test_cbis_ddsm,malignant,369,0.6684636118598383,0.6248184069678964,0.7228462163851497,0.7169385156439485,0.6652196126767206,0.7729350221427262
cb_embed_ft2_s0,test_cdd_cesm,density,518,0.6180713104100201,0.5176406945669322,0.7199921099631859,0.9087382542751513,0.8645936117510575,0.9367838237196178
cb_embed_ft2_s0,test_cdd_cesm,mass,566,0.7827771834190909,0.7513127196386956,0.8205757107693756,0.8724067599067599,0.8402057035588615,0.9015953943873223
cb_embed_ft2_s0,test_cdd_cesm,mass_shape,175,0.47218055007237797,0.4122253617415135,0.546734961150917,0.755050468187275,0.7005782273506086,0.807754823521808
cb_embed_ft2_s0,test_cdd_cesm,mass_margin,175,0.44226503789600297,0.38528119178737796,0.49484049242540307,0.7566430134166807,0.7091475201198634,0.8039356116048005
cb_embed_ft2_s0,test_cdd_cesm,calc,566,0.6243887428586259,0.5803160353593968,0.6642078089355112,0.7138144113950566,0.6650371548685843,0.7584323514482563
cb_embed_ft2_s0,test_cdd_cesm,calc_morphology,99,0.2553571428571429,0.19721189485895368,0.32132952218562894,0.6137033199697881,0.5024437267264493,0.9550417636934291
cb_embed_ft2_s0,test_cdd_cesm,calc_distribution,27,0.1867816091954023,0.06553763440860215,0.32240481321839076,0.6083712905452036,0.29269230769230764,0.8216398892304693
cb_embed_ft2_s0,test_cdd_cesm,asymmetry,566,0.5615077110599221,0.5233054821193588,0.6073749996944392,0.6650784753363229,0.6102266039453889,0.7157530189230948
cb_embed_ft2_s0,test_cdd_cesm,distortion,566,0.5643529466314277,0.5098609115581098,0.6233958894349547,0.7050252257036643,0.5812726558921678,0.8150798930110149
cb_embed_ft2_s0,test_cdd_cesm,birads,566,0.43355790034667496,0.3998395915197035,0.4686381551161969,0.7796480021665385,0.7578114401525199,0.8018067095309902
cb_embed_ft2_s0,test_cdd_cesm,malignant,566,0.728617799936353,0.6868281977247963,0.768602100526634,0.7192569447416856,0.6659384444143651,0.7727678636043104
cb_embed_ft2_s0,test_cmmd,malignant,1867,0.4559072098851781,0.4330998225296049,0.4802942762240517,0.7535125006530089,0.7284787074657569,0.7754676457977288
cb_embed_ft2_s0,test_embed,density,13097,0.7459123940812507,0.7299731492397572,0.7616015578614914,0.942510706752766,0.9378208035565854,0.9477882953265687
cb_embed_ft2_s0,test_embed,mass,10301,0.7064834848345172,0.6866143704368922,0.7286556217121193,0.8590797110567583,0.8369317899887465,0.8811826116681201
cb_embed_ft2_s0,test_embed,mass_shape,448,0.5694469345305723,0.5007034236977461,0.6347346638024466,0.6788541543750685,0.6154096955980821,0.7464961926490679
cb_embed_ft2_s0,test_embed,mass_margin,318,0.3601713981581125,0.2819037354439754,0.4267049910696883,0.6919026025164395,0.6131351287459315,0.756812355794967
cb_embed_ft2_s0,test_embed,calc,10354,0.6164574027730517,0.5918457665564375,0.6381863089409486,0.7580384551935849,0.7276786096566203,0.781892042035807
cb_embed_ft2_s0,test_embed,calc_morphology,308,0.29130566171282507,0.23746969879734647,0.4073294692731023,0.6535994331850594,0.5969535822789896,0.6930855034437076
cb_embed_ft2_s0,test_embed,calc_distribution,289,0.31123481832068717,0.23486055628885338,0.37562813833793335,0.6832106011717902,0.6085581860904112,0.7512135694173206
cb_embed_ft2_s0,test_embed,asymmetry,10819,0.5867670902155685,0.5725641246625669,0.6015232651594209,0.6929847474725388,0.6715690428851903,0.7116354444297127
cb_embed_ft2_s0,test_embed,distortion,9887,0.5416579563097242,0.5121005246118738,0.5720079690826836,0.7088146628556418,0.6320697944297978,0.7686242140931632
cb_embed_ft2_s0,test_embed,birads,11881,0.3312034462183333,0.3004043861671723,0.3639294495747813,0.7900488779457093,0.7765151228564516,0.8056541400915155
cb_embed_ft2_s0,test_embed,malignant,297,0.5766447368421053,0.5090878277592709,0.6505659039025373,0.6494718873359651,0.580415096807954,0.7309617101464735
cb_embed_ft2_s0,test_embed_fuji,density,3951,0.6421670556067751,0.6098726231881693,0.6736744276056784,0.9270593582569501,0.9186210441144643,0.9365916397568728
cb_embed_ft2_s0,test_embed_fuji,mass,3391,0.609709648715568,0.5730104473956014,0.6473826850431414,0.8184607390044889,0.7583476001363991,0.8794292310929147
cb_embed_ft2_s0,test_embed_fuji,mass_shape,61,0.3130434782608696,0.2924859287054409,0.49301125244618393,0.518975468975469,0.20122844827586206,0.7202289913655612
cb_embed_ft2_s0,test_embed_fuji,mass_margin,40,0.5164835164835164,0.2907876969984953,0.6782014063824551,0.6543317793317792,0.47374292033812926,0.8343534334023465
cb_embed_ft2_s0,test_embed_fuji,calc,3470,0.5680405056759547,0.5410968068907942,0.5952709669082143,0.705700359771299,0.6503596893872077,0.7559619127239818
cb_embed_ft2_s0,test_embed_fuji,calc_morphology,132,0.17510729613733905,0.1650614973262032,0.2979924793789422,0.5351962789963163,0.355358187097501,0.6855791047919882
cb_embed_ft2_s0,test_embed_fuji,calc_distribution,39,0.19547038327526134,0.11964527027027028,0.4766720142602487,0.4783986876914508,0.3344041053921569,0.7526718788681155
cb_embed_ft2_s0,test_embed_fuji,asymmetry,3507,0.539801078426257,0.5197735585851792,0.5638009207788389,0.6832338189999114,0.6442296927330605,0.7222789361695622
cb_embed_ft2_s0,test_embed_fuji,distortion,3324,0.5917850665054414,0.49802888305753407,0.6986264128679667,0.7552332023773546,0.6147815655926727,0.9184325457915605
cb_embed_ft2_s0,test_embed_fuji,birads,3620,0.23365250873848242,0.2151144831887721,0.2572715107137403,0.7190659815611543,0.5999585319286622,0.7631335435240388
cb_embed_ft2_s0,test_embed_fuji,malignant,13,0.43478260869565216,0.34782608695652173,1.0,0.5,0.18181818181818177,0.8571428571428572
cb_embed_ft2_s0,test_embed_ge,density,23174,0.6875296697765709,0.6701194971050112,0.7036266744381119,0.9278875105461972,0.9229558201633151,0.9324575298528455
cb_embed_ft2_s0,test_embed_ge,mass,18164,0.6915749793070829,0.6752593272859063,0.707901753591363,0.8415570449534799,0.8245731414024325,0.8556179697196851
cb_embed_ft2_s0,test_embed_ge,mass_shape,760,0.43046534145178367,0.3789201687077078,0.4805495263488485,0.5932743365771079,0.5511964236396998,0.6414069159995633
cb_embed_ft2_s0,test_embed_ge,mass_margin,669,0.3026291764618275,0.2592165622791977,0.34184628782415816,0.7030657295831008,0.6603168589513017,0.7411032601145595
cb_embed_ft2_s0,test_embed_ge,calc,18613,0.647971869057855,0.6324865918955752,0.6626541570595254,0.7723042776174783,0.753337794065428,0.790485097994544
cb_embed_ft2_s0,test_embed_ge,calc_morphology,1123,0.21599819372837964,0.19150794503743154,0.23757912732613679,0.5537334400833811,0.48933815343714954,0.6008975635961027
cb_embed_ft2_s0,test_embed_ge,calc_distribution,499,0.23854414535454796,0.18540019760757667,0.30679648377496865,0.6145473404454974,0.5542579583521224,0.6707674501162899
cb_embed_ft2_s0,test_embed_ge,asymmetry,18899,0.5604755851994234,0.550846533853797,0.5709717282284285,0.6916512805034856,0.677916159872797,0.705545766262712
cb_embed_ft2_s0,test_embed_ge,distortion,17266,0.5343186151228639,0.5066474739711493,0.5702560833101984,0.6677355355003138,0.5899983252108368,0.747227608983098
cb_embed_ft2_s0,test_embed_ge,birads,21363,0.2898494592881152,0.2735467351251852,0.3066786103024157,0.7531636775292763,0.7268383680920771,0.7716669298770242
cb_embed_ft2_s0,test_embed_ge,malignant,324,0.5455283712551863,0.4838641317356413,0.6088022743535663,0.6504373799871985,0.5913485524802684,0.7148119444427115
cb_embed_ft2_s0,test_inbreast,density,409,0.40392388489727443,0.35106435010103504,0.4594432975706181,0.7645362544550209,0.7445934645286285,0.7884365275109989
cb_embed_ft2_s0,test_inbreast,mass,410,0.8312962906519552,0.7906692359122536,0.8720976424909064,0.9086031395634044,0.86918334115877,0.9416163931788931
cb_embed_ft2_s0,test_inbreast,calc,410,0.40167464114832535,0.35759232798920304,0.4480911481536572,0.6839349376114081,0.6309469364145959,0.7322061595754843
cb_embed_ft2_s0,test_inbreast,asymmetry,410,0.5129484438108814,0.46475195822454307,0.5708144947548943,0.718524531024531,0.5755474820538111,0.8369508484363894
cb_embed_ft2_s0,test_inbreast,distortion,410,0.5889097170757226,0.48621553884711777,0.6963129690159949,0.9811629811629812,0.9659296072362002,0.9930688093268738
cb_embed_ft2_s0,test_inbreast,birads,410,0.2705066282134385,0.22980578618397884,0.31815149385986247,0.6831756937560025,0.6572438569497894,0.7186427097227355
cb_embed_ft2_s0,test_vindr,density,2000,0.6228028775642562,0.5470655180701106,0.6884537097391062,0.9382050234035857,0.926299281404432,0.9501845445624685
cb_embed_ft2_s0,test_vindr,mass,2000,0.6916842847075405,0.6507703536645091,0.7353200397878195,0.8342111964402987,0.8003922085917616,0.8666827862404699
cb_embed_ft2_s0,test_vindr,calc,2000,0.7988962275805205,0.7325448633794669,0.8515579160361711,0.9028253587606105,0.852384903014723,0.9491501235329424
cb_embed_ft2_s0,test_vindr,asymmetry,2000,0.5114644544302339,0.491998983997968,0.5488048582553314,0.8156047657402274,0.7583684463643217,0.8709452696653718
cb_embed_ft2_s0,test_vindr,distortion,2000,0.5569405266500274,0.4974211343220248,0.6654243661841039,0.7443381982888778,0.6135463355042501,0.8760683537334892
cb_embed_ft2_s0,test_vindr,birads,2000,0.3032750753940345,0.2527042728624397,0.35024456527200154,0.7212900454309624,0.6964143258137433,0.7476505435524698
opq_embed_ft2_s0,test_cbis_ddsm,density,368,0.5104268638615234,0.4462331995299569,0.5713889450635132,0.8010086647264776,0.7690916558490051,0.8347725100664829
opq_embed_ft2_s0,test_cbis_ddsm,mass_shape,189,0.4600781686208822,0.418243688137834,0.49762172545582256,0.6846503916725665,0.6290408773033569,0.7360980084411493
opq_embed_ft2_s0,test_cbis_ddsm,mass_margin,203,0.38644724266863395,0.3277388814872708,0.4364060771588351,0.6847734331442601,0.6321303890894342,0.7331461696105055
opq_embed_ft2_s0,test_cbis_ddsm,calc_morphology,159,0.34550072568940493,0.2913166722668353,0.3854095197255574,0.684199328841756,0.6066520891267756,0.7462680508886739
opq_embed_ft2_s0,test_cbis_ddsm,calc_distribution,140,0.18574789915966386,0.1628915399723576,0.26703972934831305,0.5704295878842491,0.42548390827023447,0.7103868711900969
opq_embed_ft2_s0,test_cbis_ddsm,birads,344,0.4696275161857658,0.4178582890334267,0.6361318165347571,0.7920616506946819,0.7662930973580357,0.8558025446750744
opq_embed_ft2_s0,test_cbis_ddsm,malignant,369,0.738100271821202,0.6928086619740456,0.7837576271375063,0.8065122483628426,0.7592962195241431,0.8517090617763136
opq_embed_ft2_s0,test_cdd_cesm,density,518,0.6354503823876364,0.47859317625531606,0.7532987988845539,0.8936631481750711,0.8391206898412719,0.9226800622860801
opq_embed_ft2_s0,test_cdd_cesm,mass,566,0.6672081319447905,0.6230780647415871,0.7038995152237512,0.7786130536130536,0.7354903673835125,0.8138107713369097
opq_embed_ft2_s0,test_cdd_cesm,mass_shape,175,0.39173880131879907,0.33388161737911454,0.4472338126039167,0.7448631505935707,0.6913868074481067,0.7965052375391759
opq_embed_ft2_s0,test_cdd_cesm,mass_margin,175,0.2905307058483987,0.24504159416210314,0.3387254265596478,0.720812946068116,0.6756296556028066,0.7714841940234244
opq_embed_ft2_s0,test_cdd_cesm,calc,566,0.582435979286373,0.5380447833296909,0.6290365033251555,0.67632837592515,0.622289309861113,0.7284094988133928
opq_embed_ft2_s0,test_cdd_cesm,calc_morphology,99,0.295796178343949,0.23732919254658386,0.42235081728616203,0.5944861655996952,0.5171798151597055,0.9682125641729042
opq_embed_ft2_s0,test_cdd_cesm,calc_distribution,27,0.2923076923076923,0.17105263157894737,0.4493764172335601,0.5769266160570509,0.2755550208118858,0.8506745971419886
opq_embed_ft2_s0,test_cdd_cesm,asymmetry,566,0.5710496400151572,0.5313521142221038,0.6125263484178225,0.6809977578475336,0.6334735766997474,0.7293418526484124
opq_embed_ft2_s0,test_cdd_cesm,distortion,566,0.5555143782371991,0.5035389420291135,0.6069893555167941,0.6969928305894848,0.5864477987421384,0.7932759751454098
opq_embed_ft2_s0,test_cdd_cesm,birads,566,0.4104174510851985,0.3723257156517503,0.44574762528720363,0.7210291936222009,0.6927615338057375,0.7492856403641542
opq_embed_ft2_s0,test_cdd_cesm,malignant,566,0.7538060026098303,0.7149334377464904,0.7959200987424309,0.7683873361012428,0.7184608361633988,0.8143774390013627
opq_embed_ft2_s0,test_cmmd,malignant,1867,0.5406458169978224,0.5177229822930675,0.5610452367268998,0.7565135922089848,0.733354368475556,0.7760159410592152
opq_embed_ft2_s0,test_embed,density,13097,0.7287927825416141,0.7103704188477526,0.7440080414207825,0.9363304487924161,0.9308698183662749,0.9418375694411055
opq_embed_ft2_s0,test_embed,mass,10301,0.6650832974621521,0.6458852353027782,0.6841756257482579,0.8234476378850677,0.8022351620257308,0.8435515971088051
opq_embed_ft2_s0,test_embed,mass_shape,448,0.4391650812032977,0.3874308964967319,0.49099424746258047,0.7457758886751534,0.6853795559138318,0.793382338955806
opq_embed_ft2_s0,test_embed,mass_margin,318,0.3054227184892566,0.2292110761156814,0.3731405928174074,0.7267921253275538,0.5987388414357951,0.7991117994174523
opq_embed_ft2_s0,test_embed,calc,10354,0.5969480805386289,0.5760148135283483,0.6156354843342535,0.7403486357963591,0.7109075433935782,0.7613959924870458
opq_embed_ft2_s0,test_embed,calc_morphology,308,0.2502768014319612,0.1987361383132237,0.3454340547717319,0.6520271278050151,0.5726362283191806,0.7132875092605976
opq_embed_ft2_s0,test_embed,calc_distribution,289,0.21209845640383812,0.18042844300563776,0.2437042916624658,0.6578430113711262,0.5929175489134854,0.7243112058933755
opq_embed_ft2_s0,test_embed,asymmetry,10819,0.5734560852700605,0.5602073379489874,0.588425298490676,0.6769534599639622,0.6587235685710405,0.697780283774466
opq_embed_ft2_s0,test_embed,distortion,9887,0.5310439690746098,0.5042496045773597,0.5631610649547341,0.7222079760497518,0.6623211296792166,0.7720075015204969
opq_embed_ft2_s0,test_embed,birads,11881,0.3836419467897501,0.35448132908965163,0.413852816872552,0.8055202643991641,0.7868559414180367,0.8218464166567813
opq_embed_ft2_s0,test_embed,malignant,297,0.6403070362473348,0.5821314102564102,0.7134424515074037,0.6414701803051317,0.5704625444907593,0.7150596849293339
opq_embed_ft2_s0,test_embed_fuji,density,3951,0.6080576796368675,0.5759595630645667,0.6387587107239475,0.9192158218825507,0.9107284099113032,0.9285052465873709
opq_embed_ft2_s0,test_embed_fuji,mass,3391,0.45195077221261304,0.4388538283337754,0.46641513989108474,0.7409540867847481,0.6897573854988399,0.7893479162623039
opq_embed_ft2_s0,test_embed_fuji,mass_shape,61,0.3130434782608696,0.2924859287054409,0.49301125244618393,0.37034632034632037,0.07163310186163148,0.7139772727272727
opq_embed_ft2_s0,test_embed_fuji,mass_margin,40,0.23655913978494625,0.17531795326826383,0.27931286549707596,0.4825498575498575,0.3479579110169108,0.6423072761069943
opq_embed_ft2_s0,test_embed_fuji,calc,3470,0.5049535984375715,0.48207152123588,0.5259468318084229,0.712968561064087,0.665055974153078,0.7561437148560255
opq_embed_ft2_s0,test_embed_fuji,calc_morphology,132,0.1876543209876543,0.17972572362278244,0.24155521642619313,0.5849572287735572,0.3246968762075714,0.7776758005166621
opq_embed_ft2_s0,test_embed_fuji,calc_distribution,39,0.2036645525017618,0.13625721929144685,0.48839670765666915,0.366156276106934,0.2262889851988711,0.7281746031746026
opq_embed_ft2_s0,test_embed_fuji,asymmetry,3507,0.48091266023711354,0.46580571113252706,0.49914479450853744,0.6159280932626354,0.5703256804835599,0.6628825400757035
opq_embed_ft2_s0,test_embed_fuji,distortion,3324,0.4961346066393815,0.4950811973958181,0.49723858945380767,0.6154427319431852,0.47943769968894273,0.7573212718822847
opq_embed_ft2_s0,test_embed_fuji,birads,3620,0.17872110367563745,0.16668339877020893,0.22109438502444084,0.6817696616964517,0.5704394722873505,0.7313476030527029
opq_embed_ft2_s0,test_embed_fuji,malignant,13,0.43478260869565216,0.34782608695652173,1.0,0.5666666666666667,0.0,0.9090909090909091
opq_embed_ft2_s0,test_embed_ge,density,23174,0.6525378063191216,0.6360610866646212,0.6700947188605766,0.9108708834649221,0.905801492007783,0.9158019285199651
opq_embed_ft2_s0,test_embed_ge,mass,18164,0.6473974576241642,0.6304021949419636,0.6612022903551984,0.8263929169965797,0.8062572346832989,0.8425870749338741
opq_embed_ft2_s0,test_embed_ge,mass_shape,760,0.39074269211255513,0.3504095372494346,0.42617240485597835,0.5844333078176192,0.5350169532821597,0.6332173048581716
opq_embed_ft2_s0,test_embed_ge,mass_margin,669,0.20331672525698127,0.17118433389608273,0.25230313979614083,0.6156743880630007,0.5482722461656038,0.6632435072830967
opq_embed_ft2_s0,test_embed_ge,calc,18613,0.6037016568414829,0.5902512849397273,0.6167971094542032,0.7412944858082255,0.7234656900231801,0.7623470718056352
opq_embed_ft2_s0,test_embed_ge,calc_morphology,1123,0.23072906084957454,0.20005459224500907,0.2655978719095132,0.6022051177744905,0.5321646676520758,0.6853622092220407
opq_embed_ft2_s0,test_embed_ge,calc_distribution,499,0.24505665144333752,0.20832431064658086,0.2970517354228236,0.6328139285427272,0.5793690100776753,0.6889206307981174
opq_embed_ft2_s0,test_embed_ge,asymmetry,18899,0.5732271729977158,0.5642967065333462,0.5838107918346447,0.6757506960178666,0.6627079608151397,0.6895879690953317
opq_embed_ft2_s0,test_embed_ge,distortion,17266,0.5238489640842376,0.4976075931019018,0.562034869053079,0.6718402295680621,0.6023492739458766,0.737089706259357
opq_embed_ft2_s0,test_embed_ge,birads,21363,0.3279474709257448,0.30729419672227,0.3513215561291757,0.7326742139438545,0.7139954595884641,0.7497693983165221
opq_embed_ft2_s0,test_embed_ge,malignant,324,0.6312881332693494,0.5705782603567522,0.6865759400036985,0.7296351610838488,0.6710788239882054,0.7891541946160714
opq_embed_ft2_s0,test_inbreast,density,409,0.34904160784442473,0.2991839404998491,0.39877988315269136,0.7124772930004968,0.6907377872209965,0.7399030282105482
opq_embed_ft2_s0,test_inbreast,mass,410,0.7652836783271566,0.7150989616241284,0.8123813387423935,0.8443095413294088,0.7965485888046462,0.8908526759698172
opq_embed_ft2_s0,test_inbreast,calc,410,0.3951219512195122,0.3529846339701265,0.44201082642960404,0.6675261013496308,0.5980155810717507,0.7320014494410338
opq_embed_ft2_s0,test_inbreast,asymmetry,410,0.5359366157328805,0.4799722625807357,0.5905055735411981,0.7144660894660895,0.5744869032663317,0.8341314935064932
opq_embed_ft2_s0,test_inbreast,distortion,410,0.4956654170571696,0.4664755872074122,0.5491384523869317,0.8394758394758395,0.728007694520351,0.941320293398533
opq_embed_ft2_s0,test_inbreast,birads,410,0.46043388987991685,0.4028268158308702,0.51372854165935,0.8172573966328713,0.782911567439972,0.8474860896362463
opq_embed_ft2_s0,test_vindr,density,2000,0.5999277795811102,0.5363138085335303,0.6594220852086787,0.9216248621646194,0.9092841507659557,0.9346202813258863
opq_embed_ft2_s0,test_vindr,mass,2000,0.673511359619525,0.6334049606868116,0.7133755873676788,0.8237125791305359,0.7841657409674093,0.8614808636303007
opq_embed_ft2_s0,test_vindr,calc,2000,0.744114636642784,0.6837935295879207,0.8065541161211637,0.8868476647253626,0.838764013896985,0.9333584216747153
opq_embed_ft2_s0,test_vindr,asymmetry,2000,0.5236280487804879,0.49193122471610795,0.57337366447045,0.8273517505413237,0.7681631399397667,0.8818604998513607
opq_embed_ft2_s0,test_vindr,distortion,2000,0.5741550849754171,0.49634852681944097,0.6582728071955095,0.7972203941001124,0.6226161076174181,0.9435575088920671
opq_embed_ft2_s0,test_vindr,birads,2000,0.4917199518631211,0.43697994784122884,0.5330011121572662,0.8137085772518862,0.7852864431823282,0.8400719107803037
cb_embed_ft2_s1,test_cbis_ddsm,density,368,0.6543258626754063,0.6102495994419045,0.7071695903726999,0.8980228596765448,0.8764700945557427,0.9190428012994178
cb_embed_ft2_s1,test_cbis_ddsm,mass_shape,189,0.4591615791615791,0.39703033632408313,0.5242542471464923,0.6506479113215059,0.5905713894547983,0.709521101431194
cb_embed_ft2_s1,test_cbis_ddsm,mass_margin,203,0.38650728002275814,0.3202940659541896,0.44576822002206334,0.7303560620509625,0.6823961069832322,0.780852217755107
cb_embed_ft2_s1,test_cbis_ddsm,calc_morphology,159,0.40899781222361864,0.3286079236566131,0.47753009698149307,0.6980777854028929,0.624744717786619,0.767199456048776
cb_embed_ft2_s1,test_cbis_ddsm,calc_distribution,140,0.2826893536570956,0.1673082234945494,0.3966507647226987,0.6329710131274273,0.48493354613263906,0.7567525185379429
cb_embed_ft2_s1,test_cbis_ddsm,birads,344,0.3654911086579119,0.32653760109275604,0.4931805802186262,0.6798126486760347,0.6517568746152056,0.7726118125834239
cb_embed_ft2_s1,test_cbis_ddsm,malignant,369,0.6348355990089064,0.5805160034434902,0.6785134160970437,0.6914261460101867,0.6345735242285809,0.744348033406005
cb_embed_ft2_s1,test_cdd_cesm,density,518,0.6519444427677056,0.5205656323891764,0.7673565470883315,0.9062632537982767,0.8584967024777528,0.9347114856086947
cb_embed_ft2_s1,test_cdd_cesm,mass,566,0.7774461864193174,0.7447988186592157,0.8087899164774277,0.8739073426573427,0.842056809366594,0.9038598328673845
cb_embed_ft2_s1,test_cdd_cesm,mass_shape,175,0.39195102264305914,0.3278970392950603,0.45133526329162155,0.7168058263305322,0.6560980292400157,0.7697952340982016
cb_embed_ft2_s1,test_cdd_cesm,mass_margin,175,0.37663079266794436,0.3091311862931448,0.4337818364543553,0.7579592897660182,0.709068448469983,0.8028997225613432
cb_embed_ft2_s1,test_cdd_cesm,calc,566,0.6285968060615947,0.5831313126464523,0.6686336136876958,0.7256231671554252,0.6765876861287445,0.770092817040547
cb_embed_ft2_s1,test_cdd_cesm,calc_morphology,99,0.24222222222222226,0.1915964305185981,0.3289817738231917,0.8768017251520517,0.7392444042112742,0.9449172106384652
cb_embed_ft2_s1,test_cdd_cesm,calc_distribution,27,0.29910714285714285,0.13251466275659823,0.39802083333333327,0.6532390154129285,0.4065217391304348,0.8670594405594405
cb_embed_ft2_s1,test_cdd_cesm,asymmetry,566,0.5219594594594594,0.4844257947003691,0.5617758438806335,0.6988135276532137,0.6467058759499162,0.747477992735711
cb_embed_ft2_s1,test_cdd_cesm,distortion,566,0.5592373791621912,0.509438262584253,0.6071817491756702,0.7277283590015933,0.5991420213702026,0.8297581846572564
cb_embed_ft2_s1,test_cdd_cesm,birads,566,0.38702592785581763,0.3497740954819535,0.42164164780494445,0.7630041295819208,0.7406577767274032,0.7851231002521152
cb_embed_ft2_s1,test_cdd_cesm,malignant,566,0.7251673105748728,0.683951177076722,0.7629161442510906,0.7401018704789625,0.6894176374032632,0.7887311032426989
cb_embed_ft2_s1,test_cmmd,malignant,1867,0.42713261522575796,0.40405853512588813,0.4490707768028794,0.7148784303590037,0.6893596731035779,0.7354949966337346
cb_embed_ft2_s1,test_embed,density,13097,0.7469695785746766,0.7302835690905088,0.7628290498525125,0.9434188535876354,0.9387658225402933,0.9494170809200424
cb_embed_ft2_s1,test_embed,mass,10301,0.6964630355293249,0.6763283219379137,0.716658887040265,0.863041670271248,0.8419264586075702,0.8858343804460735
cb_embed_ft2_s1,test_embed,mass_shape,448,0.5327494789519378,0.46952295067595784,0.6031225233088789,0.6899697608170102,0.6171073300335292,0.7546775628146811
cb_embed_ft2_s1,test_embed,mass_margin,318,0.375455002513826,0.27679682596601085,0.4778096420447477,0.6903264316110177,0.6005622576980683,0.7702160965227638
cb_embed_ft2_s1,test_embed,calc,10354,0.6127070860656523,0.5870804933232929,0.6338737712950038,0.7523241489865302,0.7226708012730907,0.7780541682143953
cb_embed_ft2_s1,test_embed,calc_morphology,308,0.29568961930517995,0.24707190293782672,0.4054542903595977,0.6553442112466298,0.5831471429704059,0.7095358258999251
cb_embed_ft2_s1,test_embed,calc_distribution,289,0.3382128993369499,0.25705463600442297,0.4046299548922712,0.694262296942356,0.6160335348217493,0.7621602890718436
cb_embed_ft2_s1,test_embed,asymmetry,10819,0.5832397331176458,0.5696563448616209,0.5980680642428348,0.7099646024428234,0.6890439196604451,0.7283353566499079
cb_embed_ft2_s1,test_embed,distortion,9887,0.5532947738835647,0.5201719064610116,0.5850585405191305,0.7537646379422134,0.6924283870219384,0.8073466562563805
cb_embed_ft2_s1,test_embed,birads,11881,0.33176613602795557,0.30292526214656257,0.3641411569238087,0.7926346589317036,0.7791557914192938,0.8090820759277458
cb_embed_ft2_s1,test_embed,malignant,297,0.5549342105263158,0.49463563980299075,0.6237857971768973,0.6276272271417902,0.5633020937444582,0.6984706485797566
cb_embed_ft2_s1,test_embed_fuji,density,3951,0.6429216957269913,0.6100707296847365,0.6747418224293539,0.928777987784826,0.9199255250016806,0.9379003629265521
cb_embed_ft2_s1,test_embed_fuji,mass,3391,0.5369340935974823,0.5146818509645621,0.560496904549804,0.8041741296832733,0.7411790816950702,0.8574116649565169
cb_embed_ft2_s1,test_embed_fuji,mass_shape,61,0.30994152046783624,0.2882192307692308,0.4847870879120878,0.3622334455667789,0.1932918784355751,0.674759615384614
cb_embed_ft2_s1,test_embed_fuji,mass_margin,40,0.6855954503013327,0.5057142857142857,0.8256483238456672,0.771503959003959,0.6310284306179322,0.9196370714040774
cb_embed_ft2_s1,test_embed_fuji,calc,3470,0.47966686102684647,0.4627380212925868,0.4969180550075792,0.6444776598444475,0.5963319086502933,0.6888521791961849
cb_embed_ft2_s1,test_embed_fuji,calc_morphology,132,0.17682403433476396,0.16674170616113745,0.22999801808184056,0.4107168375181781,0.2964585741060258,0.5794598621717266
cb_embed_ft2_s1,test_embed_fuji,calc_distribution,39,0.15892857142857142,0.09174194724284199,0.32548046824051113,0.44491523948760797,0.25728669294769574,0.704916528968253
cb_embed_ft2_s1,test_embed_fuji,asymmetry,3507,0.5323002407474686,0.512475188067077,0.553176379539642,0.6695826503170113,0.6274748344660248,0.7117527936496123
cb_embed_ft2_s1,test_embed_fuji,distortion,3324,0.5903737478654296,0.4973501141790188,0.6927782568162668,0.841795104261106,0.7604742181729228,0.9242183614902238
cb_embed_ft2_s1,test_embed_fuji,birads,3620,0.196025547418601,0.1797213148460904,0.2742196487139111,0.5981024738390317,0.4943498460041777,0.6544004798223791
cb_embed_ft2_s1,test_embed_fuji,malignant,13,0.43478260869565216,0.34782608695652173,1.0,0.6,0.07738095238095238,0.9090909090909091
cb_embed_ft2_s1,test_embed_ge,density,23174,0.6923992445674614,0.6756359916024578,0.7098481523408965,0.9255763197974344,0.9207598958409237,0.9303455750651769
cb_embed_ft2_s1,test_embed_ge,mass,18164,0.6849240178767544,0.6696243299096302,0.7016699183668654,0.8454018274927525,0.8282567009613959,0.8587464236369967
cb_embed_ft2_s1,test_embed_ge,mass_shape,760,0.43297341228375713,0.38244767991472717,0.4784642216337829,0.6083812010855475,0.5633545253432176,0.6511794467872828
cb_embed_ft2_s1,test_embed_ge,mass_margin,669,0.2718276676593617,0.22626387692911207,0.320086850534235,0.6468076230164199,0.5831541471474725,0.7275469336709367
cb_embed_ft2_s1,test_embed_ge,calc,18613,0.6386361630455385,0.6229164409627652,0.6538053236061269,0.7618822219684404,0.7438093370271343,0.7798447301483935
cb_embed_ft2_s1,test_embed_ge,calc_morphology,1123,0.2566254480434985,0.1955661736168816,0.3204658015059598,0.5664509702949351,0.4940040024317362,0.6222222471922525
cb_embed_ft2_s1,test_embed_ge,calc_distribution,499,0.23271072224876574,0.18430903741726873,0.29024884495151726,0.627719369728448,0.5703502291908474,0.6885322793823277
cb_embed_ft2_s1,test_embed_ge,asymmetry,18899,0.5648168721797542,0.5546945900151075,0.5739507595510227,0.6954792699724471,0.6829759552275204,0.7107884261720655
cb_embed_ft2_s1,test_embed_ge,distortion,17266,0.5237852261992594,0.5043482608759692,0.5463969407693011,0.6581754498164596,0.5752159983115048,0.7327601522807465
cb_embed_ft2_s1,test_embed_ge,birads,21363,0.2947919683446143,0.2765485018898897,0.31267051140466795,0.7488789282561432,0.7219422835599386,0.7713131683626507
cb_embed_ft2_s1,test_embed_ge,malignant,324,0.5484058307683373,0.4884247164521473,0.6175861793753676,0.6506080648602518,0.5871780169577396,0.720489872173058
cb_embed_ft2_s1,test_inbreast,density,409,0.38762223932159456,0.33542158847173414,0.4447369880736984,0.752549792826916,0.7315099120187167,0.7762598925006158
cb_embed_ft2_s1,test_inbreast,mass,410,0.8389580191050778,0.7941783280737833,0.876795179476065,0.9139686043659553,0.8771048784303208,0.9456832016144194
cb_embed_ft2_s1,test_inbreast,calc,410,0.38602165995783017,0.3410211750112946,0.4269490752701045,0.6780143875732112,0.6192572762340309,0.7326410444789279
cb_embed_ft2_s1,test_inbreast,asymmetry,410,0.5733871954951646,0.48866077007185255,0.6486718080548415,0.7092352092352091,0.5332903960490986,0.8465464135021097
cb_embed_ft2_s1,test_inbreast,distortion,410,0.5704235892830415,0.4849246231155779,0.6614914782578805,0.9631449631449631,0.9387254901960784,0.9803244706470512
cb_embed_ft2_s1,test_inbreast,birads,410,0.22474955270748892,0.18340116521075933,0.26880384351895936,0.6727600255480033,0.645236467441842,0.7019945306697384
cb_embed_ft2_s1,test_vindr,density,2000,0.627359120563004,0.5515018249688711,0.6975372144937598,0.9388421264364913,0.928123331076109,0.9499155463400103
cb_embed_ft2_s1,test_vindr,mass,2000,0.6917860995530898,0.6490528148996263,0.7406677677355119,0.8441893503813008,0.8061117646165191,0.881120859990265
cb_embed_ft2_s1,test_vindr,calc,2000,0.7792340583751627,0.7094917356895566,0.84185869307602,0.8967873320391305,0.8391232037611801,0.9518891714095469
cb_embed_ft2_s1,test_vindr,asymmetry,2000,0.5483350616430465,0.493792599805258,0.6109651555365178,0.8454900155859371,0.7830653067918644,0.9029545022162246
cb_embed_ft2_s1,test_vindr,distortion,2000,0.5535465148724817,0.4969818913480885,0.6614279387013905,0.7607719406914173,0.6101647696844374,0.8808027645987653
cb_embed_ft2_s1,test_vindr,birads,2000,0.23406254412405691,0.19079301565345883,0.27521938826620246,0.7321210745312627,0.7048270966157095,0.7588067936651567
opq_embed_ft2_s1,test_cbis_ddsm,density,368,0.5692839974918338,0.5029139887390787,0.6235455250908601,0.8498629575979311,0.8221102395718085,0.873380805375394
opq_embed_ft2_s1,test_cbis_ddsm,mass_shape,189,0.44079420386040596,0.3991135098454177,0.4833027591149688,0.6306970573156598,0.5711239386649946,0.6930661158669683
opq_embed_ft2_s1,test_cbis_ddsm,mass_margin,203,0.36017476836456885,0.30329059474648223,0.4165128386021822,0.6840100392553008,0.6294676889242545,0.7335678719453524
opq_embed_ft2_s1,test_cbis_ddsm,calc_morphology,159,0.36065236404794976,0.2954270892315975,0.4132295363538617,0.6579079399393983,0.5769350178867528,0.7277052141890555
opq_embed_ft2_s1,test_cbis_ddsm,calc_distribution,140,0.16680851063829788,0.15752212389380532,0.20984935662726223,0.5459635523736593,0.4407629848305123,0.6702090911524686
opq_embed_ft2_s1,test_cbis_ddsm,birads,344,0.4595726437172307,0.41655619781909903,0.6231856942250469,0.7473156718782994,0.7190182398014622,0.8434551730306238
opq_embed_ft2_s1,test_cbis_ddsm,malignant,369,0.7197581870101464,0.6735393968344029,0.7667420711861196,0.7862600048508368,0.7349869077124969,0.8309925861065846
opq_embed_ft2_s1,test_cdd_cesm,density,518,0.6523946246744021,0.4991783516057704,0.7690667889382514,0.8930966395714451,0.8409217542706229,0.9219525891019861
opq_embed_ft2_s1,test_cdd_cesm,mass,566,0.7308322324966975,0.692537275217876,0.7659030223109906,0.8128860722610722,0.7774393337706771,0.8445538552501396
opq_embed_ft2_s1,test_cdd_cesm,mass_shape,175,0.39074107089796156,0.33160852713178296,0.44087524570660047,0.7611597776888533,0.703332475517003,0.8086176403707686
opq_embed_ft2_s1,test_cdd_cesm,mass_margin,175,0.305553209789663,0.2699746710018809,0.34406061055503817,0.7636571963120685,0.7204186097026347,0.8127101495923378
opq_embed_ft2_s1,test_cdd_cesm,calc,566,0.5907507968362649,0.549073412308895,0.628635001721579,0.6685256947353722,0.6193168968137048,0.7140717837856866
opq_embed_ft2_s1,test_cdd_cesm,calc_morphology,99,0.2984969053934571,0.244879689276241,0.4076582195378151,0.8374562465237227,0.749412114769431,0.9714665032679738
opq_embed_ft2_s1,test_cdd_cesm,calc_distribution,27,0.33976608187134505,0.16666666666666666,0.588153153153153,0.6313526570048309,0.29337121212121214,0.869753065774805
opq_embed_ft2_s1,test_cdd_cesm,asymmetry,566,0.5721424747988608,0.5278846504475782,0.6175164718151671,0.6402092675635277,0.5932080181231025,0.6883528411694281
opq_embed_ft2_s1,test_cdd_cesm,distortion,566,0.5478708514545938,0.5030174010905236,0.5939124513067717,0.7469463621879978,0.6513950722904812,0.8349948941311077
opq_embed_ft2_s1,test_cdd_cesm,birads,566,0.4009373574534972,0.36136294018922804,0.43816615803383635,0.7376642299484408,0.7122708055212766,0.7637894503249305
opq_embed_ft2_s1,test_cdd_cesm,malignant,566,0.8064171806349529,0.7743761594835786,0.8366077940985782,0.8170112285808044,0.7688714398529686,0.858359146745002
opq_embed_ft2_s1,test_cmmd,malignant,1867,0.5661487775153714,0.5429339616795291,0.5894741930650305,0.7266662725700507,0.7042628584643433,0.7482504729073444
opq_embed_ft2_s1,test_embed,density,13097,0.7399231175263516,0.7224666271548646,0.7561984212126233,0.937146029387252,0.9321799798264534,0.9424584399182957
opq_embed_ft2_s1,test_embed,mass,10301,0.677549171995023,0.6539948196052136,0.7008529103245269,0.8378385684962211,0.8161815258455355,0.8591944378829689
opq_embed_ft2_s1,test_embed,mass_shape,448,0.472089027411492,0.41985247726304636,0.5217269053699883,0.699056239244397,0.6505104459074021,0.753891029043748
opq_embed_ft2_s1,test_embed,mass_margin,318,0.2967972397332729,0.22534712690172812,0.37293174633685605,0.7185395145431496,0.6030795591986146,0.7896609106300108
opq_embed_ft2_s1,test_embed,calc,10354,0.5961929662539937,0.5754462107633896,0.6185852890703339,0.7371216522500036,0.7057478753697206,0.7573616350096427
opq_embed_ft2_s1,test_embed,calc_morphology,308,0.28595221996844716,0.23678248006332653,0.37923649693108813,0.6533194865842871,0.6003358242879098,0.7143996674975716
opq_embed_ft2_s1,test_embed,calc_distribution,289,0.22436428945596049,0.18463965955769232,0.26750675653418043,0.6724629907222474,0.6072672882350875,0.7444227158085341
opq_embed_ft2_s1,test_embed,asymmetry,10819,0.5640244355877665,0.5495812423033625,0.5779097215473925,0.6666081599357332,0.6470814515745625,0.6859476200440474
opq_embed_ft2_s1,test_embed,distortion,9887,0.5318494094149248,0.5041060772114313,0.5626308070570931,0.7353547609665994,0.676693977385226,0.7847571315427248
opq_embed_ft2_s1,test_embed,birads,11881,0.41255859261010397,0.3802540155321854,0.4440045582564054,0.8230915645413504,0.8094386291257608,0.8386061958032376
opq_embed_ft2_s1,test_embed,malignant,297,0.6377250349033727,0.5764002089977123,0.7005170051143236,0.6659820761762509,0.59932733195592,0.7440080547203352
opq_embed_ft2_s1,test_embed_fuji,density,3951,0.6338454887583735,0.6006460323314592,0.6631751919164214,0.9223871329114326,0.9140961965080617,0.9316441562374351
opq_embed_ft2_s1,test_embed_fuji,mass,3391,0.4647787136790775,0.45008711457197026,0.4809652476523229,0.728130597262455,0.6671025219031387,0.7807418944521788
opq_embed_ft2_s1,test_embed_fuji,mass_shape,61,0.30994152046783624,0.2868,0.49122807017543857,0.5424162257495592,0.36424242424242426,0.629361896521976
opq_embed_ft2_s1,test_embed_fuji,mass_margin,40,0.33709981167608283,0.1851851851851852,0.49455583402951825,0.5752973877973878,0.4155052128785965,0.7511545536268187
opq_embed_ft2_s1,test_embed_fuji,calc,3470,0.5079440580813521,0.4871504268357934,0.52547201478983,0.6872210279606491,0.6406482028438291,0.7311571040936505
opq_embed_ft2_s1,test_embed_fuji,calc_morphology,132,0.17413793103448277,0.1622507911392405,0.22730033791031964,0.6040286485548075,0.4161366293625264,0.7491215587115081
opq_embed_ft2_s1,test_embed_fuji,calc_distribution,39,0.10084033613445378,0.05336798336798337,0.2529202741702738,0.37483161027568923,0.25112478648554015,0.7000000000000001
opq_embed_ft2_s1,test_embed_fuji,asymmetry,3507,0.4853002841821258,0.4710969776978248,0.5033880237472341,0.6256040306357623,0.5904298090171405,0.6766973493764257
opq_embed_ft2_s1,test_embed_fuji,distortion,3324,0.5214388287367057,0.49645862512466415,0.5765558983549147,0.6850710184345723,0.5304304121066721,0.8388120086890088
opq_embed_ft2_s1,test_embed_fuji,birads,3620,0.184951912518903,0.17410110304921536,0.19337279481781863,0.6439481307077907,0.5308809016331857,0.6850601033643723
opq_embed_ft2_s1,test_embed_fuji,malignant,13,0.38095238095238093,0.25,0.48,0.4666666666666666,0.0,0.8
opq_embed_ft2_s1,test_embed_ge,density,23174,0.664802163300731,0.646096050721706,0.6821989988128174,0.9168229416002358,0.9117915417667367,0.9215704403330915
opq_embed_ft2_s1,test_embed_ge,mass,18164,0.674374029283394,0.6582289731150633,0.6915916792271655,0.8248922264350006,0.8081632394817838,0.8403274564561429
opq_embed_ft2_s1,test_embed_ge,mass_shape,760,0.40481869871131315,0.36033621679803796,0.4444569416421935,0.6109856894991696,0.5679282650790212,0.6570238741114713
opq_embed_ft2_s1,test_embed_ge,mass_margin,669,0.20033063863784037,0.16742321694067833,0.24926096302980472,0.6263249659405709,0.5869826339082663,0.672282100230805
opq_embed_ft2_s1,test_embed_ge,calc,18613,0.6038992446813424,0.5900031221281382,0.6169676710189557,0.7278482976339457,0.7088010522810015,0.7466520968009459
opq_embed_ft2_s1,test_embed_ge,calc_morphology,1123,0.22000025057193043,0.19643714116969183,0.24820344571835437,0.6076026827941936,0.5412443958410365,0.6872064103877175
opq_embed_ft2_s1,test_embed_ge,calc_distribution,499,0.2084798722773406,0.18736709630441264,0.22845543999580886,0.6382401995786514,0.5822129693921024,0.6982278514625068
opq_embed_ft2_s1,test_embed_ge,asymmetry,18899,0.5753364179142296,0.5654144048422385,0.5870001047694394,0.6714969577944997,0.6576411590856812,0.6866785227253207
opq_embed_ft2_s1,test_embed_ge,distortion,17266,0.5225147143362324,0.4969717063004861,0.5685575904681732,0.6931595564600491,0.6341517642941629,0.7490306125285637
opq_embed_ft2_s1,test_embed_ge,birads,21363,0.33114755326421186,0.3114415706178341,0.3521136867668747,0.7568836136630945,0.7343166448423099,0.7728885269728277
opq_embed_ft2_s1,test_embed_ge,malignant,324,0.6381705251270469,0.5783993890410449,0.7044728005237163,0.6820780883294217,0.6211590711663726,0.7460176565689582
opq_embed_ft2_s1,test_inbreast,density,409,0.370880539667092,0.3204504253868026,0.4184834951350048,0.7383350373230005,0.7148270029266621,0.7618889070612501
opq_embed_ft2_s1,test_inbreast,mass,410,0.777231261974892,0.7271531556313787,0.8257895050234322,0.8756131959774344,0.8329163939958639,0.9173870203524404
opq_embed_ft2_s1,test_inbreast,calc,410,0.45208094692630774,0.4096156029011992,0.5002112553452593,0.6645499108734402,0.6060604516871054,0.7283743848070261
opq_embed_ft2_s1,test_inbreast,asymmetry,410,0.4949641330338381,0.4555112881806109,0.5412318483563182,0.5843253968253967,0.39115163142266,0.7331214413875596
opq_embed_ft2_s1,test_inbreast,distortion,410,0.4875,0.45221926918600913,0.5337065915893888,0.9303849303849303,0.8455882352941176,0.9835464938154426
opq_embed_ft2_s1,test_inbreast,birads,410,0.48877513253871785,0.44256626322001197,0.5413698469995119,0.8223400607751639,0.7906746060829849,0.8508077873685311
opq_embed_ft2_s1,test_vindr,density,2000,0.5345666652058605,0.510711981751621,0.5579703878766089,0.9273575359275192,0.9158276078833041,0.93915665654251
opq_embed_ft2_s1,test_vindr,mass,2000,0.6781046803579476,0.6372357545033009,0.7186597496727527,0.8268465280849182,0.7864999032551117,0.8660534634227308
opq_embed_ft2_s1,test_vindr,calc,2000,0.7514116268333393,0.6934845473316585,0.8088929821030311,0.8707938411175821,0.8054185234156971,0.9268270939350342
opq_embed_ft2_s1,test_vindr,asymmetry,2000,0.5828795217018515,0.5325652054096857,0.6388329911068451,0.7918126758648102,0.7340998319832387,0.8597205015027084
opq_embed_ft2_s1,test_vindr,distortion,2000,0.5821512612434299,0.517086652561388,0.6572442266684814,0.8547288142154774,0.7211586134619722,0.9589353305671925
opq_embed_ft2_s1,test_vindr,birads,2000,0.4989012068240683,0.45345703461635,0.5407196797899559,0.8195317069780697,0.7975905375268144,0.8408357194737096
cb_embed_ft2_s2,test_cbis_ddsm,density,368,0.6851963264268792,0.6276539768307903,0.7298552937450847,0.9063315658583938,0.8877078518522605,0.9259117311492847
cb_embed_ft2_s2,test_cbis_ddsm,mass_shape,189,0.453596933672835,0.3961683822376594,0.5068435005103193,0.6461486637397492,0.5871791716103771,0.7005128470857453
cb_embed_ft2_s2,test_cbis_ddsm,mass_margin,203,0.40621205419967027,0.34360731910941417,0.46986514198037665,0.741604208073362,0.6918400851924124,0.7889810397558954
cb_embed_ft2_s2,test_cbis_ddsm,calc_morphology,159,0.3579566774688726,0.29558514839206784,0.4083424675613602,0.624026923069264,0.550121385797151,0.7030624087232475
cb_embed_ft2_s2,test_cbis_ddsm,calc_distribution,140,0.23316421895861147,0.17249724155797916,0.30186098310291853,0.6597962672734995,0.5169121065957348,0.7747136720221767
cb_embed_ft2_s2,test_cbis_ddsm,birads,344,0.36066203382900236,0.30724751410847506,0.4782768464666297,0.7079418242852842,0.6784462880576393,0.8015148120693572
cb_embed_ft2_s2,test_cbis_ddsm,malignant,369,0.6554158542325018,0.6092559643980857,0.7083742146590695,0.7090407470288624,0.6600044695347338,0.7626888631144261
cb_embed_ft2_s2,test_cdd_cesm,density,518,0.6181979966008291,0.5188540085337302,0.7203805583859266,0.9093706939519509,0.8590608000866817,0.9384650216999147
cb_embed_ft2_s2,test_cdd_cesm,mass,566,0.7534611930896761,0.7206788566551948,0.7886228413929429,0.8505463286713287,0.81712515696888,0.87863772587086
cb_embed_ft2_s2,test_cdd_cesm,mass_shape,175,0.4600320141303748,0.38458085354672,0.5235540055304932,0.767202973633898,0.7072786323113303,0.819055251722808
cb_embed_ft2_s2,test_cdd_cesm,mass_margin,175,0.4076002535286804,0.35082509222217056,0.4754724566159844,0.7667029265085881,0.7211228511587751,0.818129798391558
cb_embed_ft2_s2,test_cdd_cesm,calc,566,0.6208377664814596,0.5747858096261159,0.6602819056476346,0.7190772936740679,0.6744020711488523,0.7612413860697287
cb_embed_ft2_s2,test_cdd_cesm,calc_morphology,99,0.2621621621621622,0.2057515951427687,0.33121350562705043,0.6995350851462664,0.6293289739184839,0.9354715693257359
cb_embed_ft2_s2,test_cdd_cesm,calc_distribution,27,0.17835497835497835,0.09486206896551724,0.30449966193373873,0.5336254888428802,0.30642857142857144,0.7536766578831797
cb_embed_ft2_s2,test_cdd_cesm,asymmetry,566,0.49293639308111087,0.45614942080549586,0.5347376020389818,0.623963004484305,0.5715613246223005,0.6749328503848719
cb_embed_ft2_s2,test_cdd_cesm,distortion,566,0.5494292316847905,0.5029499843541853,0.6046250338703826,0.7111325013276686,0.5942032666214647,0.8033991492444365
cb_embed_ft2_s2,test_cdd_cesm,birads,566,0.3922485564307956,0.35073013196626246,0.43100262952695556,0.7594967368685369,0.735912036690827,0.7825489305162089
cb_embed_ft2_s2,test_cdd_cesm,malignant,566,0.7303523726881391,0.6829050899835563,0.7719847411711965,0.766218664840417,0.7161896101164471,0.8165759854037017
cb_embed_ft2_s2,test_cmmd,malignant,1867,0.4497029159759999,0.4264785607612241,0.47072017874809313,0.7623858609132226,0.7418821633671812,0.7831726415333119
cb_embed_ft2_s2,test_embed,density,13097,0.7519916765546895,0.7339016716957475,0.7683557497177298,0.9438789556447803,0.9394099222525335,0.9495275984535854
cb_embed_ft2_s2,test_embed,mass,10301,0.6964630355293249,0.6758312331408356,0.7176215846484418,0.8593926214874993,0.8370045332528254,0.8809205415972654
cb_embed_ft2_s2,test_embed,mass_shape,448,0.5986614812437464,0.5360796831516135,0.656811592117499,0.7318582398646547,0.6660665745071724,0.8033339203818624
cb_embed_ft2_s2,test_embed,mass_margin,318,0.3634009471759364,0.2553899978321874,0.470286723432891,0.7247669436405187,0.6268151972980743,0.7905858359933152
cb_embed_ft2_s2,test_embed,calc,10354,0.6179355598488436,0.5978622298315137,0.6374553995303459,0.7625412416978669,0.7336452336077561,0.7868957050153492
cb_embed_ft2_s2,test_embed,calc_morphology,308,0.4184543101474859,0.29385499547704236,0.48254175845565495,0.6148654697434083,0.5416553563896843,0.6756253234275015
cb_embed_ft2_s2,test_embed,calc_distribution,289,0.2751127819548872,0.23161352499928697,0.31668589920027157,0.7362562886489268,0.6725320860040941,0.7952235193362523
cb_embed_ft2_s2,test_embed,asymmetry,10819,0.5709798164803355,0.5576000071734676,0.5851135928696246,0.6927100908745456,0.6715271490484555,0.7131792226304386
cb_embed_ft2_s2,test_embed,distortion,9887,0.5504847352400302,0.510693476111178,0.5860428471989868,0.7498384275561282,0.6829906644792987,0.8011555738087388
cb_embed_ft2_s2,test_embed,birads,11881,0.3434714967821329,0.3121323719240842,0.3703506912637291,0.7927927708843705,0.7774882560153248,0.8094197055713337
cb_embed_ft2_s2,test_embed,malignant,297,0.5795839380745041,0.5198552141228912,0.6462010017044921,0.629600981542729,0.5569939430941859,0.7080597708850763
cb_embed_ft2_s2,test_embed_fuji,density,3951,0.6517157339147768,0.6200910931711981,0.6852799289388237,0.9290037203295415,0.9208136929952558,0.9378769571421238
cb_embed_ft2_s2,test_embed_fuji,mass,3391,0.5237836315724658,0.5011130060124135,0.5444973666515677,0.7912677177542401,0.7203376085081679,0.8546733459689769
cb_embed_ft2_s2,test_embed_fuji,mass_shape,61,0.30357142857142855,0.28259019741320623,0.48062330623306226,0.38572230238896904,0.2526789569409121,0.6585093081411502
cb_embed_ft2_s2,test_embed_fuji,mass_margin,40,0.5808641975308642,0.3664100415070243,0.7395388563730952,0.6886331261331261,0.5527604166666666,0.8368350189510321
cb_embed_ft2_s2,test_embed_fuji,calc,3470,0.5294233555491162,0.5086455501747558,0.5504172900023927,0.6954334423097019,0.6446267297451106,0.7474043730104379
cb_embed_ft2_s2,test_embed_fuji,calc_morphology,132,0.1614678899082569,0.1492337031900139,0.21249586460274064,0.590388003581543,0.2996288208151015,0.7252799679498292
cb_embed_ft2_s2,test_embed_fuji,calc_distribution,39,0.12104072398190047,0.05455025337837838,0.21180774748923958,0.41019171191868564,0.27266999328436264,0.6988756902819401
cb_embed_ft2_s2,test_embed_fuji,asymmetry,3507,0.47151279845418637,0.4574847849234866,0.4883678666911577,0.6323273533155673,0.5884068566922992,0.6754332741441226
cb_embed_ft2_s2,test_embed_fuji,distortion,3324,0.558414072699787,0.4973696221685191,0.6542921455280221,0.7770323360531883,0.6599560097448949,0.9119873255145208
cb_embed_ft2_s2,test_embed_fuji,birads,3620,0.19842700970222088,0.18320993115537323,0.23043732076937626,0.5674370010206846,0.4883965711616363,0.6271975678889345
cb_embed_ft2_s2,test_embed_fuji,malignant,13,0.43478260869565216,0.34782608695652173,1.0,0.5666666666666667,0.09999999999999998,0.8944444444444444
cb_embed_ft2_s2,test_embed_ge,density,23174,0.6866236276350607,0.670144623610527,0.7040347499397468,0.9271919640967279,0.9215829314176832,0.9317347064107697
cb_embed_ft2_s2,test_embed_ge,mass,18164,0.6770048070898789,0.6605137911881944,0.6928215530370857,0.8353130719780771,0.8181876586568949,0.8501084783477058
cb_embed_ft2_s2,test_embed_ge,mass_shape,760,0.41186848436247,0.3650440521794368,0.45674974889784764,0.6073588305068309,0.5635756326970203,0.6503500991092535
cb_embed_ft2_s2,test_embed_ge,mass_margin,669,0.2513398384561175,0.21318086974106798,0.28770342283918,0.6628357822373089,0.6033463350094678,0.7361582385637233
cb_embed_ft2_s2,test_embed_ge,calc,18613,0.6296530093368718,0.6169087449974548,0.6421282798927942,0.7646587042164437,0.7471929304082228,0.7821422793664609
cb_embed_ft2_s2,test_embed_ge,calc_morphology,1123,0.22608953000061405,0.2000660503315856,0.2540956697720477,0.5465298391620244,0.4695144365010201,0.6053198223655241
cb_embed_ft2_s2,test_embed_ge,calc_distribution,499,0.2280583311325267,0.186293858994837,0.2834599110559182,0.5920524156733901,0.530493701934556,0.6507386741679626
cb_embed_ft2_s2,test_embed_ge,asymmetry,18899,0.5481825760490862,0.539602651110313,0.5571957413545687,0.6932281041847843,0.6792424813007678,0.7073875330451356
cb_embed_ft2_s2,test_embed_ge,distortion,17266,0.5287154657132653,0.5084897232546315,0.5551602007743056,0.6573617622724766,0.5724095709505088,0.73810537318335
cb_embed_ft2_s2,test_embed_ge,birads,21363,0.2867891784589611,0.27449913519989755,0.30311377221502456,0.7429454511821808,0.7182898189471425,0.7614305868653709
cb_embed_ft2_s2,test_embed_ge,malignant,324,0.5305820674821884,0.4737033429161132,0.591448549984876,0.6502240238958823,0.5914656334231806,0.7112209417084745
cb_embed_ft2_s2,test_inbreast,density,409,0.39501666853110795,0.33755412984163846,0.4491880629413892,0.7589860875625243,0.7377121981032513,0.7795689072961799
cb_embed_ft2_s2,test_inbreast,mass,410,0.8166311958298633,0.7704685703869892,0.8545441850712053,0.9047400049055677,0.8670017256981705,0.9392317388852661
cb_embed_ft2_s2,test_inbreast,calc,410,0.3723698665498052,0.33049369596180495,0.418017671756617,0.7009963076139547,0.645319260935168,0.7565943607811714
cb_embed_ft2_s2,test_inbreast,asymmetry,410,0.48883116883116884,0.4608630437789612,0.5346582201414984,0.6558441558441559,0.5038963475738396,0.807561724655941
cb_embed_ft2_s2,test_inbreast,distortion,410,0.5750368228683651,0.48621553884711777,0.6782071558451397,0.9009009009009008,0.7182061699985618,0.9950980392156863
cb_embed_ft2_s2,test_inbreast,birads,410,0.258868700468426,0.21861170113784925,0.30006869448689166,0.6858236662017798,0.6573406938118731,0.717005602508519
cb_embed_ft2_s2,test_vindr,density,2000,0.6614562733644698,0.5555623075135183,0.7397779672153248,0.9408542994671588,0.9284551234404037,0.951790196266301
cb_embed_ft2_s2,test_vindr,mass,2000,0.6758750046493339,0.6333030207874465,0.717886141530849,0.8310236375251855,0.7918588923050217,0.8702961913105648
cb_embed_ft2_s2,test_vindr,calc,2000,0.7919706285017106,0.7291723484409643,0.8440176305077076,0.8954645807163792,0.8439977713908956,0.9437270281988693
cb_embed_ft2_s2,test_vindr,asymmetry,2000,0.5483350616430465,0.49405514798886924,0.6139441217487799,0.8122522202115084,0.7532560562666861,0.8650837828689169
cb_embed_ft2_s2,test_vindr,distortion,2000,0.4976136649083145,0.4964087570434492,0.49856149043772074,0.7542100576826294,0.5553736859545683,0.890849115021072
cb_embed_ft2_s2,test_vindr,birads,2000,0.3172284051713442,0.27515692773961103,0.3595906237995918,0.7353120000613413,0.7129786801309763,0.756492561829601
opq_embed_ft2_s2,test_cbis_ddsm,density,368,0.5925603547551719,0.5346708722965956,0.6393816352040796,0.8458755253484194,0.8187274350845413,0.8708796750286777
opq_embed_ft2_s2,test_cbis_ddsm,mass_shape,189,0.45246245835044957,0.4096595351030339,0.4926201279749777,0.6770234067161018,0.6208981066425697,0.72835767228048
opq_embed_ft2_s2,test_cbis_ddsm,mass_margin,203,0.369158575877807,0.3121055216256024,0.42178600169504626,0.6886930277702701,0.6352577114971537,0.7377665766038882
opq_embed_ft2_s2,test_cbis_ddsm,calc_morphology,159,0.3602470930232558,0.31512532606389115,0.4011928965992274,0.6751200979909481,0.5984432519292635,0.7436978305173929
opq_embed_ft2_s2,test_cbis_ddsm,calc_distribution,140,0.19319027181688125,0.1645302259887006,0.2958092146544592,0.5762251203202566,0.4417507729758037,0.7213509186527186
opq_embed_ft2_s2,test_cbis_ddsm,birads,344,0.4630369738628778,0.4109791025581619,0.6340447581132905,0.7014134003428638,0.6720259392863152,0.846486790613607
opq_embed_ft2_s2,test_cbis_ddsm,malignant,369,0.7238567883729174,0.6688159004842384,0.7738499220344738,0.7979929662866845,0.7462290745661996,0.8457108146752577
opq_embed_ft2_s2,test_cdd_cesm,density,518,0.6306390851170472,0.5003792721646138,0.7151997652915715,0.8939964122051984,0.8458148007064545,0.9222350095534694
opq_embed_ft2_s2,test_cdd_cesm,mass,566,0.6786105889724311,0.6451815131677876,0.7175058281966176,0.8018356643356643,0.764960943676866,0.8373143970696498
opq_embed_ft2_s2,test_cdd_cesm,mass_shape,175,0.38666666666666666,0.3381696664188386,0.43356882644392436,0.7399557049486462,0.6867013908244961,0.7921886699227177
opq_embed_ft2_s2,test_cdd_cesm,mass_margin,175,0.326935050993022,0.2881475224002319,0.37172314866016903,0.7305342478886463,0.6832585055079636,0.7798486043381879
opq_embed_ft2_s2,test_cdd_cesm,calc,566,0.5831222537194922,0.5445867003254092,0.6226737848086589,0.6485127775450354,0.5979221118224589,0.7007601352239968
opq_embed_ft2_s2,test_cdd_cesm,calc_morphology,99,0.308,0.2573350470035253,0.47129605644104455,0.8311404548659675,0.7943552817645434,0.9651023418771896
opq_embed_ft2_s2,test_cdd_cesm,calc_distribution,27,0.3068181818181818,0.16430180180180182,0.4129233870967742,0.6517966413618588,0.34375000000000006,0.8623268583268586
opq_embed_ft2_s2,test_cdd_cesm,asymmetry,566,0.5621870292716689,0.5185106653865722,0.6020156869613249,0.6695814648729448,0.6247855750284005,0.7158656144783726
opq_embed_ft2_s2,test_cdd_cesm,distortion,566,0.592017160672879,0.533067372412421,0.643548807976747,0.7772172065852363,0.6761854739252995,0.8606943652079545
opq_embed_ft2_s2,test_cdd_cesm,birads,566,0.4084363640427714,0.36976795151402686,0.44628435973504,0.7280438011358383,0.704410045095872,0.7532323421372652
opq_embed_ft2_s2,test_cdd_cesm,malignant,566,0.764628180039139,0.7241448949998492,0.8020282644525807,0.8066886387307565,0.7675960434085738,0.851166826135608
opq_embed_ft2_s2,test_cmmd,malignant,1867,0.49984526916237504,0.47804159120780226,0.5221622871677942,0.761818086835065,0.7405816937568259,0.7857837465482601
opq_embed_ft2_s2,test_embed,density,13097,0.7443503829344347,0.7261139323321852,0.7610180232209652,0.9406775730742335,0.9355183340929856,0.946504341575115
opq_embed_ft2_s2,test_embed,mass,10301,0.637683035523269,0.6207238778898343,0.6571115345008317,0.8296822528764559,0.8088028698126181,0.853418223836879
opq_embed_ft2_s2,test_embed,mass_shape,448,0.4486176317162232,0.38750453427429316,0.5011114114128804,0.7270630158467798,0.6742347651155061,0.7814236124103588
opq_embed_ft2_s2,test_embed,mass_margin,318,0.291414985259363,0.22128909488342718,0.36226958706064394,0.7241088165174293,0.6488767930787002,0.7989911859485958
opq_embed_ft2_s2,test_embed,calc,10354,0.6034699533031794,0.580994204231452,0.6213132617234461,0.7351009883662549,0.7067747460022262,0.7598153252634352
opq_embed_ft2_s2,test_embed,calc_morphology,308,0.2626170388751034,0.20937788188201117,0.3679039352250441,0.6940678409095203,0.6204552368033757,0.7405544376432786
opq_embed_ft2_s2,test_embed,calc_distribution,289,0.20489685752843645,0.16864907140214577,0.2375009689480648,0.6386347951632304,0.5722821812863117,0.7127248503809709
opq_embed_ft2_s2,test_embed,asymmetry,10819,0.576450516142178,0.5630827493834722,0.5904499416739163,0.6853211044416064,0.6656778848714684,0.7059011649534375
opq_embed_ft2_s2,test_embed,distortion,9887,0.5203325422477858,0.4966968226667563,0.5501673062817737,0.730842198969689,0.65480255981881,0.7875005257737875
opq_embed_ft2_s2,test_embed,birads,11881,0.38441190390722224,0.3538894407660998,0.41634612239788066,0.804907412723432,0.7892990193280817,0.8243366053963854
opq_embed_ft2_s2,test_embed,malignant,297,0.6155041168246078,0.551768742828401,0.686675110387086,0.6438440200576123,0.5747845749755164,0.7222982492976918
opq_embed_ft2_s2,test_embed_fuji,density,3951,0.6362009596984208,0.602667453641344,0.6684079633520891,0.9260933731116909,0.9177444942189502,0.9357139070576137
opq_embed_ft2_s2,test_embed_fuji,mass,3391,0.4948224534576315,0.4770962128258526,0.5126818839806703,0.7686833395985819,0.7100100826199173,0.8272183119024751
opq_embed_ft2_s2,test_embed_fuji,mass_shape,61,0.3130434782608696,0.2924859287054409,0.49301125244618393,0.6440436107102774,0.28818181818181815,0.7616271857704504
opq_embed_ft2_s2,test_embed_fuji,mass_margin,40,0.23655913978494625,0.17531795326826383,0.27931286549707596,0.39771339771339775,0.24697670214035347,0.5858937166781798
opq_embed_ft2_s2,test_embed_fuji,calc,3470,0.5477468492776393,0.5248643227312405,0.5709143119761221,0.671279501992924,0.6232239880187308,0.7173274316278188
opq_embed_ft2_s2,test_embed_fuji,calc_morphology,132,0.19047619047619047,0.1838056354226567,0.32447530864197527,0.48904022298408817,0.34846050010221413,0.7059001411509948
opq_embed_ft2_s2,test_embed_fuji,calc_distribution,39,0.22186147186147187,0.1627937257751938,0.44408045977011495,0.4478814223057644,0.322634658752402,0.68008211623446
opq_embed_ft2_s2,test_embed_fuji,asymmetry,3507,0.5086405499255364,0.49031143493681406,0.5311032375712075,0.6353150727584091,0.5923969703028796,0.6833868029325085
opq_embed_ft2_s2,test_embed_fuji,distortion,3324,0.4984912492456246,0.49777257836820676,0.4991625679513775,0.7692857862395488,0.6409741919950392,0.8855216403072634
opq_embed_ft2_s2,test_embed_fuji,birads,3620,0.1962075836696901,0.1875511416121597,0.24389551383595925,0.7036684310780701,0.6395257914109831,0.746005442687505
opq_embed_ft2_s2,test_embed_fuji,malignant,13,0.4090909090909091,0.29411764705882354,1.0,0.5666666666666667,0.09999999999999998,0.8944444444444444
opq_embed_ft2_s2,test_embed_ge,density,23174,0.6610632795957183,0.6441556685796443,0.678147197637276,0.9187174524413435,0.9138226402784311,0.9235822012503186
opq_embed_ft2_s2,test_embed_ge,mass,18164,0.6374653348792378,0.6228877317768805,0.6523130108018143,0.8361397795127498,0.8186560543124316,0.8506995143558442
opq_embed_ft2_s2,test_embed_ge,mass_shape,760,0.38368993588358186,0.33794918113226335,0.4339118449860408,0.6002142044279389,0.5489883249160055,0.646450326923168
opq_embed_ft2_s2,test_embed_ge,mass_margin,669,0.19734970711869898,0.15721634185932487,0.24427677021927338,0.6659620906101865,0.5984589288750328,0.7047224895296976
opq_embed_ft2_s2,test_embed_ge,calc,18613,0.589637494309467,0.5761921744194661,0.6011577454124546,0.7223351440580306,0.7031056699455404,0.7413498386855024
opq_embed_ft2_s2,test_embed_ge,calc_morphology,1123,0.22255089690699995,0.20177329350288617,0.2483959385412336,0.6238618247718932,0.5772599054811636,0.6806984240866398
opq_embed_ft2_s2,test_embed_ge,calc_distribution,499,0.22784641755450136,0.19365585431679852,0.27716756804117326,0.5921389170337713,0.5363162300420226,0.6524404939174869
opq_embed_ft2_s2,test_embed_ge,asymmetry,18899,0.5642473778157107,0.5539532956516298,0.5750288494639706,0.6775207770949178,0.6636656573323514,0.6920010681678127
opq_embed_ft2_s2,test_embed_ge,distortion,17266,0.526009191018351,0.49771678530581187,0.58763218251805,0.6886150312874451,0.6185875489981324,0.7474530352668454
opq_embed_ft2_s2,test_embed_ge,birads,21363,0.32921067375559815,0.30700642404192974,0.35388285845245737,0.7150816560869707,0.6891258137508377,0.7356779219479002
opq_embed_ft2_s2,test_embed_ge,malignant,324,0.5694322044567544,0.5147687329261935,0.628342716593597,0.652314913590783,0.5901527771701602,0.7120482633203238
opq_embed_ft2_s2,test_inbreast,density,409,0.4161133914854515,0.3625376460302091,0.4601452669961476,0.7520724744177356,0.7273609393271403,0.7765046068789602
opq_embed_ft2_s2,test_inbreast,mass,410,0.7556687822174548,0.7151556018415641,0.8059115481244044,0.8501349031150356,0.808231743186682,0.8911392977606051
opq_embed_ft2_s2,test_inbreast,calc,410,0.3996428571428572,0.3536884236070374,0.4387328474739295,0.6646454036159918,0.5976643227139751,0.732151828150915
opq_embed_ft2_s2,test_inbreast,asymmetry,410,0.5078031212484994,0.46077213002026013,0.5618065582397341,0.6475468975468975,0.47970454712022703,0.7912565394303429
opq_embed_ft2_s2,test_inbreast,distortion,410,0.541505376344086,0.47633863327939874,0.6098758012820513,0.9426699426699426,0.9140469653917087,0.9688116878825925
opq_embed_ft2_s2,test_inbreast,birads,410,0.5142479272335458,0.4587268903750707,0.5723104861986762,0.8180085634155677,0.7815618859750104,0.8534445805637809
opq_embed_ft2_s2,test_vindr,density,2000,0.6257539706165867,0.5345268098207553,0.6966597635536369,0.9286576786994444,0.9170522646464305,0.9412902388885729
opq_embed_ft2_s2,test_vindr,mass,2000,0.671823525204374,0.6291311987113354,0.7114195615435357,0.8162719633307869,0.7756553514466049,0.8565762949962149
opq_embed_ft2_s2,test_vindr,calc,2000,0.7358312554754364,0.6676143778854466,0.7939518458822027,0.8687145521677896,0.8055681048128819,0.9273105944290524
opq_embed_ft2_s2,test_vindr,asymmetry,2000,0.5386570227739225,0.49263686033977067,0.5894532412317194,0.7882352325861148,0.7189168650255109,0.8539774495763164
opq_embed_ft2_s2,test_vindr,distortion,2000,0.5532336515943074,0.49551957529493057,0.6305625524769102,0.7769153342882583,0.6466745159179808,0.891066408850643
opq_embed_ft2_s2,test_vindr,birads,2000,0.5270988288278062,0.47845229733031147,0.5727128677698854,0.8280479751577259,0.8066326316017042,0.8473361333310964
