k,draw,n_fit,n_fit_pos,n_eval,n_eval_pos,method,C,auc,backbone,seed,cv_fallback
10,0,10,1,295,50,cb_zero,,0.6291428571428571,dinov2,0,
10,0,10,1,295,50,opq_zero,,0.5739591836734694,dinov2,0,
10,0,10,1,295,50,cb_refit_fixedC,0.3,0.5714285714285713,dinov2,0,
10,0,10,1,295,50,cb_refit_cvC,0.3,0.5714285714285713,dinov2,0,True
10,0,10,1,295,50,opq_refit_fixedC,0.01,0.5469387755102041,dinov2,0,
10,0,10,1,295,50,opq_refit_cvC,0.01,0.5469387755102041,dinov2,0,True
10,0,10,1,295,50,probe_refit_fixedC,0.01,0.4852244897959184,dinov2,0,
10,0,10,1,295,50,probe_refit_cvC,0.01,0.4852244897959184,dinov2,0,True
10,0,10,1,295,50,cb_offset_cvC,0.001,0.6291428571428571,dinov2,0,True
10,0,10,1,295,50,opq_offset_cvC,0.001,0.6054693877551021,dinov2,0,True
10,1,10,1,295,50,cb_zero,,0.6346938775510204,dinov2,0,
10,1,10,1,295,50,opq_zero,,0.5803265306122448,dinov2,0,
10,1,10,1,295,50,cb_refit_fixedC,0.3,0.3787755102040817,dinov2,0,
10,1,10,1,295,50,cb_refit_cvC,0.3,0.3787755102040817,dinov2,0,True
10,1,10,1,295,50,opq_refit_fixedC,0.01,0.5209795918367347,dinov2,0,
10,1,10,1,295,50,opq_refit_cvC,0.01,0.5209795918367347,dinov2,0,True
10,1,10,1,295,50,probe_refit_fixedC,0.01,0.49069387755102045,dinov2,0,
10,1,10,1,295,50,probe_refit_cvC,0.01,0.49069387755102045,dinov2,0,True
10,1,10,1,295,50,cb_offset_cvC,0.001,0.6346938775510205,dinov2,0,True
10,1,10,1,295,50,opq_offset_cvC,0.001,0.5452244897959184,dinov2,0,True
10,2,10,1,295,50,cb_zero,,0.6241632653061225,dinov2,0,
10,2,10,1,295,50,opq_zero,,0.5725714285714286,dinov2,0,
10,2,10,1,295,50,cb_refit_fixedC,0.3,0.6560816326530613,dinov2,0,
10,2,10,1,295,50,cb_refit_cvC,0.3,0.6560816326530613,dinov2,0,True
10,2,10,1,295,50,opq_refit_fixedC,0.01,0.5903265306122448,dinov2,0,
10,2,10,1,295,50,opq_refit_cvC,0.01,0.5903265306122448,dinov2,0,True
10,2,10,1,295,50,probe_refit_fixedC,0.01,0.5591020408163264,dinov2,0,
10,2,10,1,295,50,probe_refit_cvC,0.01,0.5591020408163264,dinov2,0,True
10,2,10,1,295,50,cb_offset_cvC,0.001,0.6243265306122449,dinov2,0,True
10,2,10,1,295,50,opq_offset_cvC,0.001,0.5891428571428572,dinov2,0,True
10,3,10,2,295,49,cb_zero,,0.6191305790608926,dinov2,0,
10,3,10,2,295,49,opq_zero,,0.569852331176373,dinov2,0,
10,3,10,2,295,49,cb_refit_fixedC,0.3,0.5897627343620375,dinov2,0,
10,3,10,2,295,49,cb_refit_cvC,0.003,0.5917537746806039,dinov2,0,False
10,3,10,2,295,49,opq_refit_fixedC,0.01,0.5360876057740169,dinov2,0,
10,3,10,2,295,49,opq_refit_cvC,0.001,0.5364609258337482,dinov2,0,False
10,3,10,2,295,49,probe_refit_fixedC,0.01,0.4717935954869753,dinov2,0,
10,3,10,2,295,49,probe_refit_cvC,0.001,0.47527791604446656,dinov2,0,False
10,3,10,2,295,49,cb_offset_cvC,0.001,0.6191305790608926,dinov2,0,False
10,3,10,2,295,49,opq_offset_cvC,0.001,0.5099552015928323,dinov2,0,False
10,4,10,1,295,50,cb_zero,,0.6253061224489795,dinov2,0,
10,4,10,1,295,50,opq_zero,,0.5801632653061225,dinov2,0,
10,4,10,1,295,50,cb_refit_fixedC,0.3,0.6195918367346939,dinov2,0,
10,4,10,1,295,50,cb_refit_cvC,0.3,0.6195918367346939,dinov2,0,True
10,4,10,1,295,50,opq_refit_fixedC,0.01,0.6796326530612243,dinov2,0,
10,4,10,1,295,50,opq_refit_cvC,0.01,0.6796326530612243,dinov2,0,True
10,4,10,1,295,50,probe_refit_fixedC,0.01,0.4899591836734694,dinov2,0,
10,4,10,1,295,50,probe_refit_cvC,0.01,0.4899591836734694,dinov2,0,True
10,4,10,1,295,50,cb_offset_cvC,0.001,0.625469387755102,dinov2,0,True
10,4,10,1,295,50,opq_offset_cvC,0.001,0.6788571428571428,dinov2,0,True
10,5,10,1,295,50,cb_zero,,0.6431836734693878,dinov2,0,
10,5,10,1,295,50,opq_zero,,0.5865306122448979,dinov2,0,
10,5,10,1,295,50,cb_refit_fixedC,0.3,0.37036734693877554,dinov2,0,
10,5,10,1,295,50,cb_refit_cvC,0.3,0.37036734693877554,dinov2,0,True
10,5,10,1,295,50,opq_refit_fixedC,0.01,0.5839183673469388,dinov2,0,
10,5,10,1,295,50,opq_refit_cvC,0.01,0.5839183673469388,dinov2,0,True
10,5,10,1,295,50,probe_refit_fixedC,0.01,0.4843265306122449,dinov2,0,
10,5,10,1,295,50,probe_refit_cvC,0.01,0.4843265306122449,dinov2,0,True
10,5,10,1,295,50,cb_offset_cvC,0.001,0.6432653061224489,dinov2,0,True
10,5,10,1,295,50,opq_offset_cvC,0.001,0.5882448979591837,dinov2,0,True
10,6,10,1,295,50,cb_zero,,0.6331428571428571,dinov2,0,
10,6,10,1,295,50,opq_zero,,0.5882448979591837,dinov2,0,
10,6,10,1,295,50,cb_refit_fixedC,0.3,0.5137142857142857,dinov2,0,
10,6,10,1,295,50,cb_refit_cvC,0.3,0.5137142857142857,dinov2,0,True
10,6,10,1,295,50,opq_refit_fixedC,0.01,0.5023673469387755,dinov2,0,
10,6,10,1,295,50,opq_refit_cvC,0.01,0.5023673469387755,dinov2,0,True
10,6,10,1,295,50,probe_refit_fixedC,0.01,0.5499591836734694,dinov2,0,
10,6,10,1,295,50,probe_refit_cvC,0.01,0.5499591836734694,dinov2,0,True
10,6,10,1,295,50,cb_offset_cvC,0.001,0.6331428571428572,dinov2,0,True
10,6,10,1,295,50,opq_offset_cvC,0.001,0.6002448979591837,dinov2,0,True
10,7,10,3,295,48,cb_zero,,0.650219298245614,dinov2,0,
10,7,10,3,295,48,opq_zero,,0.5932860998650472,dinov2,0,
10,7,10,3,295,48,cb_refit_fixedC,0.3,0.3790485829959514,dinov2,0,
10,7,10,3,295,48,cb_refit_cvC,0.001,0.3825910931174089,dinov2,0,False
10,7,10,3,295,48,opq_refit_fixedC,0.01,0.4294871794871795,dinov2,0,
10,7,10,3,295,48,opq_refit_cvC,0.001,0.4077682186234817,dinov2,0,False
10,7,10,3,295,48,probe_refit_fixedC,0.01,0.44458502024291496,dinov2,0,
10,7,10,3,295,48,probe_refit_cvC,0.01,0.44458502024291496,dinov2,0,False
10,7,10,3,295,48,cb_offset_cvC,10.0,0.37365047233468285,dinov2,0,False
10,7,10,3,295,48,opq_offset_cvC,0.1,0.4438259109311741,dinov2,0,False
10,8,10,4,295,47,cb_zero,,0.6163349347975292,dinov2,0,
10,8,10,4,295,47,opq_zero,,0.5686341798215511,dinov2,0,
10,8,10,4,295,47,cb_refit_fixedC,0.3,0.6167638984214139,dinov2,0,
10,8,10,4,295,47,cb_refit_cvC,0.001,0.6129032258064516,dinov2,0,False
10,8,10,4,295,47,opq_refit_fixedC,0.01,0.5736101578586136,dinov2,0,
10,8,10,4,295,47,opq_refit_cvC,10.0,0.5824039121482498,dinov2,0,False
10,8,10,4,295,47,probe_refit_fixedC,0.01,0.5148421413864104,dinov2,0,
10,8,10,4,295,47,probe_refit_cvC,0.1,0.5115820178448867,dinov2,0,False
10,8,10,4,295,47,cb_offset_cvC,0.001,0.6164207275223061,dinov2,0,False
10,8,10,4,295,47,opq_offset_cvC,0.001,0.5960020590253946,dinov2,0,False
10,9,10,1,295,50,cb_zero,,0.6341224489795919,dinov2,0,
10,9,10,1,295,50,opq_zero,,0.582204081632653,dinov2,0,
10,9,10,1,295,50,cb_refit_fixedC,0.3,0.5783673469387755,dinov2,0,
10,9,10,1,295,50,cb_refit_cvC,0.3,0.5783673469387755,dinov2,0,True
10,9,10,1,295,50,opq_refit_fixedC,0.01,0.5386938775510205,dinov2,0,
10,9,10,1,295,50,opq_refit_cvC,0.01,0.5386938775510205,dinov2,0,True
10,9,10,1,295,50,probe_refit_fixedC,0.01,0.5064489795918368,dinov2,0,
10,9,10,1,295,50,probe_refit_cvC,0.01,0.5064489795918368,dinov2,0,True
10,9,10,1,295,50,cb_offset_cvC,0.001,0.6343673469387755,dinov2,0,True
10,9,10,1,295,50,opq_offset_cvC,0.001,0.5489795918367347,dinov2,0,True
10,10,10,4,295,47,cb_zero,,0.6254289636238848,dinov2,0,
10,10,10,4,295,47,opq_zero,,0.574382292381606,dinov2,0,
10,10,10,4,295,47,cb_refit_fixedC,0.3,0.6253431708991077,dinov2,0,
10,10,10,4,295,47,cb_refit_cvC,0.001,0.6249142072752231,dinov2,0,False
10,10,10,4,295,47,opq_refit_fixedC,0.01,0.47807995881949217,dinov2,0,
10,10,10,4,295,47,opq_refit_cvC,0.001,0.48164035689773504,dinov2,0,False
10,10,10,4,295,47,probe_refit_fixedC,0.01,0.5606554564172957,dinov2,0,
10,10,10,4,295,47,probe_refit_cvC,0.03,0.5622855181880576,dinov2,0,False
10,10,10,4,295,47,cb_offset_cvC,0.001,0.6254289636238848,dinov2,0,False
10,10,10,4,295,47,opq_offset_cvC,0.001,0.5228208647906658,dinov2,0,False
10,11,10,1,295,50,cb_zero,,0.6381224489795918,dinov2,0,
10,11,10,1,295,50,opq_zero,,0.582530612244898,dinov2,0,
10,11,10,1,295,50,cb_refit_fixedC,0.3,0.5071836734693878,dinov2,0,
10,11,10,1,295,50,cb_refit_cvC,0.3,0.5071836734693878,dinov2,0,True
10,11,10,1,295,50,opq_refit_fixedC,0.01,0.5090204081632652,dinov2,0,
10,11,10,1,295,50,opq_refit_cvC,0.01,0.5090204081632652,dinov2,0,True
10,11,10,1,295,50,probe_refit_fixedC,0.01,0.4941224489795918,dinov2,0,
10,11,10,1,295,50,probe_refit_cvC,0.01,0.4941224489795918,dinov2,0,True
10,11,10,1,295,50,cb_offset_cvC,0.001,0.6383673469387755,dinov2,0,True
10,11,10,1,295,50,opq_offset_cvC,0.001,0.5222857142857144,dinov2,0,True
10,12,10,1,295,50,cb_zero,,0.6382040816326531,dinov2,0,
10,12,10,1,295,50,opq_zero,,0.5849795918367348,dinov2,0,
10,12,10,1,295,50,cb_refit_fixedC,0.3,0.43510204081632653,dinov2,0,
10,12,10,1,295,50,cb_refit_cvC,0.3,0.43510204081632653,dinov2,0,True
10,12,10,1,295,50,opq_refit_fixedC,0.01,0.5970612244897958,dinov2,0,
10,12,10,1,295,50,opq_refit_cvC,0.01,0.5970612244897958,dinov2,0,True
10,12,10,1,295,50,probe_refit_fixedC,0.01,0.4834285714285715,dinov2,0,
10,12,10,1,295,50,probe_refit_cvC,0.01,0.4834285714285715,dinov2,0,True
10,12,10,1,295,50,cb_offset_cvC,0.001,0.6382857142857142,dinov2,0,True
10,12,10,1,295,50,opq_offset_cvC,0.001,0.6463673469387755,dinov2,0,True
10,13,10,1,295,50,cb_zero,,0.6227755102040816,dinov2,0,
10,13,10,1,295,50,opq_zero,,0.5718367346938776,dinov2,0,
10,13,10,1,295,50,cb_refit_fixedC,0.3,0.6211428571428572,dinov2,0,
10,13,10,1,295,50,cb_refit_cvC,0.3,0.6211428571428572,dinov2,0,True
10,13,10,1,295,50,opq_refit_fixedC,0.01,0.5967346938775511,dinov2,0,
10,13,10,1,295,50,opq_refit_cvC,0.01,0.5967346938775511,dinov2,0,True
10,13,10,1,295,50,probe_refit_fixedC,0.01,0.5477551020408163,dinov2,0,
10,13,10,1,295,50,probe_refit_cvC,0.01,0.5477551020408163,dinov2,0,True
10,13,10,1,295,50,cb_offset_cvC,0.001,0.6229387755102042,dinov2,0,True
10,13,10,1,295,50,opq_offset_cvC,0.001,0.6017142857142856,dinov2,0,True
10,14,10,3,295,48,cb_zero,,0.6282894736842106,dinov2,0,
10,14,10,3,295,48,opq_zero,,0.5836707152496626,dinov2,0,
10,14,10,3,295,48,cb_refit_fixedC,0.3,0.5614878542510122,dinov2,0,
10,14,10,3,295,48,cb_refit_cvC,0.001,0.563259109311741,dinov2,0,False
10,14,10,3,295,48,opq_refit_fixedC,0.01,0.5752783400809717,dinov2,0,
10,14,10,3,295,48,opq_refit_cvC,3.0,0.5919365721997301,dinov2,0,False
10,14,10,3,295,48,probe_refit_fixedC,0.01,0.5196524966261808,dinov2,0,
10,14,10,3,295,48,probe_refit_cvC,0.001,0.5096997300944669,dinov2,0,False
10,14,10,3,295,48,cb_offset_cvC,0.3,0.6116734143049933,dinov2,0,False
10,14,10,3,295,48,opq_offset_cvC,0.001,0.5820681511470984,dinov2,0,False
10,15,10,4,295,47,cb_zero,,0.6497940974605354,dinov2,0,
10,15,10,4,295,47,opq_zero,,0.6002059025394647,dinov2,0,
10,15,10,4,295,47,cb_refit_fixedC,0.3,0.30696636925188747,dinov2,0,
10,15,10,4,295,47,cb_refit_cvC,10.0,0.33690803019903914,dinov2,0,False
10,15,10,4,295,47,opq_refit_fixedC,0.01,0.43659917638984214,dinov2,0,
10,15,10,4,295,47,opq_refit_cvC,0.001,0.3978208647906658,dinov2,0,False
10,15,10,4,295,47,probe_refit_fixedC,0.01,0.4927076183939602,dinov2,0,
10,15,10,4,295,47,probe_refit_cvC,0.01,0.4927076183939602,dinov2,0,False
10,15,10,4,295,47,cb_offset_cvC,0.001,0.6497083047357585,dinov2,0,False
10,15,10,4,295,47,opq_offset_cvC,0.001,0.4990562800274537,dinov2,0,False
10,16,10,2,295,49,cb_zero,,0.6384602621536419,dinov2,0,
10,16,10,2,295,49,opq_zero,,0.5857806537249046,dinov2,0,
10,16,10,2,295,49,cb_refit_fixedC,0.3,0.6272606603617056,dinov2,0,
10,16,10,2,295,49,cb_refit_cvC,0.001,0.6470881035340965,dinov2,0,False
10,16,10,2,295,49,opq_refit_fixedC,0.01,0.43047950887672143,dinov2,0,
10,16,10,2,295,49,opq_refit_cvC,0.001,0.45233947237431554,dinov2,0,False
10,16,10,2,295,49,probe_refit_fixedC,0.01,0.49933631989381116,dinov2,0,
10,16,10,2,295,49,probe_refit_cvC,0.001,0.4976771196283391,dinov2,0,False
10,16,10,2,295,49,cb_offset_cvC,0.001,0.6382113821138211,dinov2,0,False
10,16,10,2,295,49,opq_offset_cvC,0.003,0.4249211879873901,dinov2,0,False
10,17,10,1,295,50,cb_zero,,0.6355918367346939,dinov2,0,
10,17,10,1,295,50,opq_zero,,0.5769795918367346,dinov2,0,
10,17,10,1,295,50,cb_refit_fixedC,0.3,0.3771428571428571,dinov2,0,
10,17,10,1,295,50,cb_refit_cvC,0.3,0.3771428571428571,dinov2,0,True
10,17,10,1,295,50,opq_refit_fixedC,0.01,0.5259591836734694,dinov2,0,
10,17,10,1,295,50,opq_refit_cvC,0.01,0.5259591836734694,dinov2,0,True
10,17,10,1,295,50,probe_refit_fixedC,0.01,0.47885714285714287,dinov2,0,
10,17,10,1,295,50,probe_refit_cvC,0.01,0.47885714285714287,dinov2,0,True
10,17,10,1,295,50,cb_offset_cvC,0.001,0.6354285714285716,dinov2,0,True
10,17,10,1,295,50,opq_offset_cvC,0.001,0.5927346938775511,dinov2,0,True
10,18,10,2,295,49,cb_zero,,0.6301642608262817,dinov2,0,
10,18,10,2,295,49,opq_zero,,0.5847021735523478,dinov2,0,
10,18,10,2,295,49,cb_refit_fixedC,0.3,0.6514849842375974,dinov2,0,
10,18,10,2,295,49,cb_refit_cvC,0.001,0.650738344118135,dinov2,0,False
10,18,10,2,295,49,opq_refit_fixedC,0.01,0.5036502405840385,dinov2,0,
10,18,10,2,295,49,opq_refit_cvC,0.1,0.5119877219180355,dinov2,0,False
10,18,10,2,295,49,probe_refit_fixedC,0.01,0.4716276754604281,dinov2,0,
10,18,10,2,295,49,probe_refit_cvC,0.001,0.4779326364692218,dinov2,0,False
10,18,10,2,295,49,cb_offset_cvC,0.3,0.6407831425253028,dinov2,0,False
10,18,10,2,295,49,opq_offset_cvC,0.003,0.5347602455616393,dinov2,0,False
10,19,10,2,295,49,cb_zero,,0.6232785797245728,dinov2,0,
10,19,10,2,295,49,opq_zero,,0.5761572921851668,dinov2,0,
10,19,10,2,295,49,cb_refit_fixedC,0.3,0.5778994524639124,dinov2,0,
10,19,10,2,295,49,cb_refit_cvC,0.001,0.5903434544549527,dinov2,0,False
10,19,10,2,295,49,opq_refit_fixedC,0.01,0.5311100049776007,dinov2,0,
10,19,10,2,295,49,opq_refit_cvC,0.001,0.4980919196947071,dinov2,0,False
10,19,10,2,295,49,probe_refit_fixedC,0.01,0.4717106354737017,dinov2,0,
10,19,10,2,295,49,probe_refit_cvC,0.001,0.4658204745312759,dinov2,0,False
10,19,10,2,295,49,cb_offset_cvC,0.001,0.6232785797245727,dinov2,0,False
10,19,10,2,295,49,opq_offset_cvC,0.001,0.5530114484818318,dinov2,0,False
10,20,10,2,295,49,cb_zero,,0.6289198606271776,dinov2,0,
10,20,10,2,295,49,opq_zero,,0.5691056910569106,dinov2,0,
10,20,10,2,295,49,cb_refit_fixedC,0.3,0.5920856147336984,dinov2,0,
10,20,10,2,295,49,cb_refit_cvC,0.001,0.5990542558486809,dinov2,0,False
10,20,10,2,295,49,opq_refit_fixedC,0.01,0.5117803218848516,dinov2,0,
10,20,10,2,295,49,opq_refit_cvC,0.001,0.5163431226148997,dinov2,0,False
10,20,10,2,295,49,probe_refit_fixedC,0.01,0.435788949726232,dinov2,0,
10,20,10,2,295,49,probe_refit_cvC,3.0,0.4416791106686577,dinov2,0,False
10,20,10,2,295,49,cb_offset_cvC,0.001,0.6287539406006304,dinov2,0,False
10,20,10,2,295,49,opq_offset_cvC,0.001,0.5281234444997511,dinov2,0,False
10,21,11,1,294,50,cb_zero,,0.629016393442623,dinov2,0,
10,21,11,1,294,50,opq_zero,,0.5731147540983608,dinov2,0,
10,21,11,1,294,50,cb_refit_fixedC,0.3,0.6392622950819672,dinov2,0,
10,21,11,1,294,50,cb_refit_cvC,0.3,0.6392622950819672,dinov2,0,True
10,21,11,1,294,50,opq_refit_fixedC,0.01,0.5502868852459016,dinov2,0,
10,21,11,1,294,50,opq_refit_cvC,0.01,0.5502868852459016,dinov2,0,True
10,21,11,1,294,50,probe_refit_fixedC,0.01,0.5168852459016394,dinov2,0,
10,21,11,1,294,50,probe_refit_cvC,0.01,0.5168852459016394,dinov2,0,True
10,21,11,1,294,50,cb_offset_cvC,0.001,0.6291803278688525,dinov2,0,True
10,21,11,1,294,50,opq_offset_cvC,0.001,0.5563114754098362,dinov2,0,True
10,22,10,1,295,50,cb_zero,,0.6300408163265306,dinov2,0,
10,22,10,1,295,50,opq_zero,,0.5826938775510204,dinov2,0,
10,22,10,1,295,50,cb_refit_fixedC,0.3,0.5283265306122449,dinov2,0,
10,22,10,1,295,50,cb_refit_cvC,0.3,0.5283265306122449,dinov2,0,True
10,22,10,1,295,50,opq_refit_fixedC,0.01,0.5361632653061225,dinov2,0,
10,22,10,1,295,50,opq_refit_cvC,0.01,0.5361632653061225,dinov2,0,True
10,22,10,1,295,50,probe_refit_fixedC,0.01,0.4821224489795918,dinov2,0,
10,22,10,1,295,50,probe_refit_cvC,0.01,0.4821224489795918,dinov2,0,True
10,22,10,1,295,50,cb_offset_cvC,0.001,0.6300408163265306,dinov2,0,True
10,22,10,1,295,50,opq_offset_cvC,0.001,0.5870204081632653,dinov2,0,True
10,23,10,1,295,50,cb_zero,,0.6348571428571429,dinov2,0,
10,23,10,1,295,50,opq_zero,,0.5898775510204081,dinov2,0,
10,23,10,1,295,50,cb_refit_fixedC,0.3,0.5855510204081633,dinov2,0,
10,23,10,1,295,50,cb_refit_cvC,0.3,0.5855510204081633,dinov2,0,True
10,23,10,1,295,50,opq_refit_fixedC,0.01,0.4791020408163265,dinov2,0,
10,23,10,1,295,50,opq_refit_cvC,0.01,0.4791020408163265,dinov2,0,True
10,23,10,1,295,50,probe_refit_fixedC,0.01,0.4795102040816326,dinov2,0,
10,23,10,1,295,50,probe_refit_cvC,0.01,0.4795102040816326,dinov2,0,True
10,23,10,1,295,50,cb_offset_cvC,0.001,0.6349387755102041,dinov2,0,True
10,23,10,1,295,50,opq_offset_cvC,0.001,0.5471836734693878,dinov2,0,True
10,24,10,1,295,50,cb_zero,,0.6343673469387755,dinov2,0,
10,24,10,1,295,50,opq_zero,,0.5808979591836735,dinov2,0,
10,24,10,1,295,50,cb_refit_fixedC,0.3,0.47232653061224494,dinov2,0,
10,24,10,1,295,50,cb_refit_cvC,0.3,0.47232653061224494,dinov2,0,True
10,24,10,1,295,50,opq_refit_fixedC,0.01,0.5675918367346939,dinov2,0,
10,24,10,1,295,50,opq_refit_cvC,0.01,0.5675918367346939,dinov2,0,True
10,24,10,1,295,50,probe_refit_fixedC,0.01,0.5511836734693878,dinov2,0,
10,24,10,1,295,50,probe_refit_cvC,0.01,0.5511836734693878,dinov2,0,True
10,24,10,1,295,50,cb_offset_cvC,0.001,0.6345306122448979,dinov2,0,True
10,24,10,1,295,50,opq_offset_cvC,0.001,0.5731428571428572,dinov2,0,True
10,25,10,2,295,49,cb_zero,,0.6390409822465571,dinov2,0,
10,25,10,2,295,49,opq_zero,,0.5889331342293015,dinov2,0,
10,25,10,2,295,49,cb_refit_fixedC,0.3,0.4842375974780156,dinov2,0,
10,25,10,2,295,49,cb_refit_cvC,0.001,0.4860627177700348,dinov2,0,False
10,25,10,2,295,49,opq_refit_fixedC,0.01,0.5473701675792267,dinov2,0,
10,25,10,2,295,49,opq_refit_cvC,0.001,0.5678198108511697,dinov2,0,False
10,25,10,2,295,49,probe_refit_fixedC,0.01,0.5405674464907914,dinov2,0,
10,25,10,2,295,49,probe_refit_cvC,0.001,0.528372324539572,dinov2,0,False
10,25,10,2,295,49,cb_offset_cvC,10.0,0.517089762734362,dinov2,0,False
10,25,10,2,295,49,opq_offset_cvC,0.01,0.5645428903268623,dinov2,0,False
10,26,10,2,295,49,cb_zero,,0.647005143520823,dinov2,0,
10,26,10,2,295,49,opq_zero,,0.576738012278082,dinov2,0,
10,26,10,2,295,49,cb_refit_fixedC,0.3,0.38592998174879706,dinov2,0,
10,26,10,2,295,49,cb_refit_cvC,0.001,0.3867595818815331,dinov2,0,False
10,26,10,2,295,49,opq_refit_fixedC,0.01,0.4759001161440186,dinov2,0,
10,26,10,2,295,49,opq_refit_cvC,3.0,0.4771445163431227,dinov2,0,False
10,26,10,2,295,49,probe_refit_fixedC,0.01,0.5101211216193795,dinov2,0,
10,26,10,2,295,49,probe_refit_cvC,0.03,0.5105359216857475,dinov2,0,False
10,26,10,2,295,49,cb_offset_cvC,3.0,0.43587190973950557,dinov2,0,False
10,26,10,2,295,49,opq_offset_cvC,0.001,0.5136054421768708,dinov2,0,False
10,27,10,1,295,50,cb_zero,,0.6298775510204082,dinov2,0,
10,27,10,1,295,50,opq_zero,,0.5790204081632653,dinov2,0,
10,27,10,1,295,50,cb_refit_fixedC,0.3,0.6005714285714286,dinov2,0,
10,27,10,1,295,50,cb_refit_cvC,0.3,0.6005714285714286,dinov2,0,True
10,27,10,1,295,50,opq_refit_fixedC,0.01,0.5348571428571428,dinov2,0,
10,27,10,1,295,50,opq_refit_cvC,0.01,0.5348571428571428,dinov2,0,True
10,27,10,1,295,50,probe_refit_fixedC,0.01,0.4855510204081633,dinov2,0,
10,27,10,1,295,50,probe_refit_cvC,0.01,0.4855510204081633,dinov2,0,True
10,27,10,1,295,50,cb_offset_cvC,0.001,0.6298775510204082,dinov2,0,True
10,27,10,1,295,50,opq_offset_cvC,0.001,0.5173061224489796,dinov2,0,True
10,28,10,1,295,50,cb_zero,,0.6355102040816326,dinov2,0,
10,28,10,1,295,50,opq_zero,,0.5897142857142857,dinov2,0,
10,28,10,1,295,50,cb_refit_fixedC,0.3,0.5841632653061225,dinov2,0,
10,28,10,1,295,50,cb_refit_cvC,0.3,0.5841632653061225,dinov2,0,True
10,28,10,1,295,50,opq_refit_fixedC,0.01,0.5285714285714285,dinov2,0,
10,28,10,1,295,50,opq_refit_cvC,0.01,0.5285714285714285,dinov2,0,True
10,28,10,1,295,50,probe_refit_fixedC,0.01,0.49951020408163266,dinov2,0,
10,28,10,1,295,50,probe_refit_cvC,0.01,0.49951020408163266,dinov2,0,True
10,28,10,1,295,50,cb_offset_cvC,0.001,0.6355102040816326,dinov2,0,True
10,28,10,1,295,50,opq_offset_cvC,0.001,0.5812244897959183,dinov2,0,True
10,29,10,2,295,49,cb_zero,,0.6531441845030695,dinov2,0,
10,29,10,2,295,49,opq_zero,,0.5952380952380952,dinov2,0,
10,29,10,2,295,49,cb_refit_fixedC,0.3,0.35921685747469717,dinov2,0,
10,29,10,2,295,49,cb_refit_cvC,0.001,0.3628670980587357,dinov2,0,False
10,29,10,2,295,49,opq_refit_fixedC,0.01,0.49502239920358393,dinov2,0,
10,29,10,2,295,49,opq_refit_cvC,0.001,0.4671478347436535,dinov2,0,False
10,29,10,2,295,49,probe_refit_fixedC,0.01,0.4810021569603451,dinov2,0,
10,29,10,2,295,49,probe_refit_cvC,0.001,0.4819976771196284,dinov2,0,False
10,29,10,2,295,49,cb_offset_cvC,10.0,0.3203915712626514,dinov2,0,False
10,29,10,2,295,49,opq_offset_cvC,0.003,0.5180023228803716,dinov2,0,False
25,0,26,5,279,46,cb_zero,,0.624930024258257,dinov2,0,
25,0,26,5,279,46,opq_zero,,0.5703489456988243,dinov2,0,
25,0,26,5,279,46,cb_refit_fixedC,0.3,0.6315543944765815,dinov2,0,
25,0,26,5,279,46,cb_refit_cvC,10.0,0.5916215711886545,dinov2,0,False
25,0,26,5,279,46,opq_refit_fixedC,0.01,0.6022578839335697,dinov2,0,
25,0,26,5,279,46,opq_refit_cvC,0.001,0.6020246314610935,dinov2,0,False
25,0,26,5,279,46,probe_refit_fixedC,0.01,0.533774958014555,dinov2,0,
25,0,26,5,279,46,probe_refit_cvC,0.3,0.5401194252659078,dinov2,0,False
25,0,26,5,279,46,cb_offset_cvC,10.0,0.5988990483299123,dinov2,0,False
25,0,26,5,279,46,opq_offset_cvC,0.003,0.6014181750326554,dinov2,0,False
25,1,25,3,280,48,cb_zero,,0.6195222701149425,dinov2,0,
25,1,25,3,280,48,opq_zero,,0.5706716954022989,dinov2,0,
25,1,25,3,280,48,cb_refit_fixedC,0.3,0.5634877873563218,dinov2,0,
25,1,25,3,280,48,cb_refit_cvC,0.001,0.5625897988505747,dinov2,0,False
25,1,25,3,280,48,opq_refit_fixedC,0.01,0.5878681752873564,dinov2,0,
25,1,25,3,280,48,opq_refit_cvC,0.001,0.581896551724138,dinov2,0,False
25,1,25,3,280,48,probe_refit_fixedC,0.01,0.500628591954023,dinov2,0,
25,1,25,3,280,48,probe_refit_cvC,0.001,0.48958333333333326,dinov2,0,False
25,1,25,3,280,48,cb_offset_cvC,10.0,0.563757183908046,dinov2,0,False
25,1,25,3,280,48,opq_offset_cvC,3.0,0.5588182471264368,dinov2,0,False
25,2,25,5,280,46,cb_zero,,0.6335934596804162,dinov2,0,
25,2,25,5,280,46,opq_zero,,0.5789669267930138,dinov2,0,
25,2,25,5,280,46,cb_refit_fixedC,0.3,0.55388331475288,dinov2,0,
25,2,25,5,280,46,cb_refit_cvC,10.0,0.47984020810107764,dinov2,0,False
25,2,25,5,280,46,opq_refit_fixedC,0.01,0.5236900780379041,dinov2,0,
25,2,25,5,280,46,opq_refit_cvC,3.0,0.4971200297287254,dinov2,0,False
25,2,25,5,280,46,probe_refit_fixedC,0.01,0.49358974358974356,dinov2,0,
25,2,25,5,280,46,probe_refit_cvC,10.0,0.5055741360089187,dinov2,0,False
25,2,25,5,280,46,cb_offset_cvC,0.001,0.6335005574136009,dinov2,0,False
25,2,25,5,280,46,opq_offset_cvC,10.0,0.5000929022668152,dinov2,0,False
25,3,25,4,280,47,cb_zero,,0.6498949867592001,dinov2,0,
25,3,25,4,280,47,opq_zero,,0.5924573098347182,dinov2,0,
25,3,25,4,280,47,cb_refit_fixedC,0.3,0.4721943201534106,dinov2,0,
25,3,25,4,280,47,cb_refit_cvC,10.0,0.4309195507259611,dinov2,0,False
25,3,25,4,280,47,opq_refit_fixedC,0.01,0.6069308738927952,dinov2,0,
25,3,25,4,280,47,opq_refit_cvC,1.0,0.6046023194228838,dinov2,0,False
25,3,25,4,280,47,probe_refit_fixedC,0.01,0.5367546342799744,dinov2,0,
25,3,25,4,280,47,probe_refit_cvC,0.001,0.5207743585060725,dinov2,0,False
25,3,25,4,280,47,cb_offset_cvC,10.0,0.43886403068212954,dinov2,0,False
25,3,25,4,280,47,opq_offset_cvC,0.1,0.6288923385992147,dinov2,0,False
25,4,25,7,280,44,cb_zero,,0.6118066255778121,dinov2,0,
25,4,25,7,280,44,opq_zero,,0.5598998459167951,dinov2,0,
25,4,25,7,280,44,cb_refit_fixedC,0.3,0.6289483821263482,dinov2,0,
25,4,25,7,280,44,cb_refit_cvC,3.0,0.62211093990755,dinov2,0,False
25,4,25,7,280,44,opq_refit_fixedC,0.01,0.5824826656394453,dinov2,0,
25,4,25,7,280,44,opq_refit_cvC,0.001,0.575982280431433,dinov2,0,False
25,4,25,7,280,44,probe_refit_fixedC,0.01,0.5344761171032357,dinov2,0,
25,4,25,7,280,44,probe_refit_cvC,10.0,0.5189714946070878,dinov2,0,False
25,4,25,7,280,44,cb_offset_cvC,10.0,0.6113251155624038,dinov2,0,False
25,4,25,7,280,44,opq_offset_cvC,0.003,0.614984591679507,dinov2,0,False
25,5,25,4,280,47,cb_zero,,0.6130033786868779,dinov2,0,
25,5,25,4,280,47,opq_zero,,0.5688978175509086,dinov2,0,
25,5,25,4,280,47,cb_refit_fixedC,0.3,0.6277052323988677,dinov2,0,
25,5,25,4,280,47,cb_refit_cvC,3.0,0.6237786503515662,dinov2,0,False
25,5,25,4,280,47,opq_refit_fixedC,0.01,0.6088028490548809,dinov2,0,
25,5,25,4,280,47,opq_refit_cvC,10.0,0.5770249292302073,dinov2,0,False
25,5,25,4,280,47,probe_refit_fixedC,0.01,0.4503698292393389,dinov2,0,
25,5,25,4,280,47,probe_refit_cvC,3.0,0.4454387727148206,dinov2,0,False
25,5,25,4,280,47,cb_offset_cvC,0.001,0.6131860104100082,dinov2,0,False
25,5,25,4,280,47,opq_offset_cvC,0.001,0.5564788603780476,dinov2,0,False
25,6,25,2,280,49,cb_zero,,0.6242600936478487,dinov2,0,
25,6,25,2,280,49,opq_zero,,0.5781429454898843,dinov2,0,
25,6,25,2,280,49,cb_refit_fixedC,0.3,0.6300026504108137,dinov2,0,
25,6,25,2,280,49,cb_refit_cvC,0.001,0.622316459051153,dinov2,0,False
25,6,25,2,280,49,opq_refit_fixedC,0.01,0.5398445092322645,dinov2,0,
25,6,25,2,280,49,opq_refit_cvC,1.0,0.5401978973407545,dinov2,0,False
25,6,25,2,280,49,probe_refit_fixedC,0.01,0.5685131195335277,dinov2,0,
25,6,25,2,280,49,probe_refit_cvC,10.0,0.5775245163000264,dinov2,0,False
25,6,25,2,280,49,cb_offset_cvC,1.0,0.6285007509497306,dinov2,0,False
25,6,25,2,280,49,opq_offset_cvC,0.001,0.559678416821274,dinov2,0,False
25,7,25,3,280,48,cb_zero,,0.6320043103448276,dinov2,0,
25,7,25,3,280,48,opq_zero,,0.587194683908046,dinov2,0,
25,7,25,3,280,48,cb_refit_fixedC,0.3,0.5837823275862069,dinov2,0,
25,7,25,3,280,48,cb_refit_cvC,3.0,0.5634877873563218,dinov2,0,False
25,7,25,3,280,48,opq_refit_fixedC,0.01,0.5583692528735632,dinov2,0,
25,7,25,3,280,48,opq_refit_cvC,10.0,0.5462913074712643,dinov2,0,False
25,7,25,3,280,48,probe_refit_fixedC,0.01,0.46075790229885055,dinov2,0,
25,7,25,3,280,48,probe_refit_cvC,0.001,0.46991738505747127,dinov2,0,False
25,7,25,3,280,48,cb_offset_cvC,10.0,0.5712104885057471,dinov2,0,False
25,7,25,3,280,48,opq_offset_cvC,10.0,0.5473239942528736,dinov2,0,False
25,8,25,5,280,46,cb_zero,,0.6256967670011148,dinov2,0,
25,8,25,5,280,46,opq_zero,,0.5820327015979191,dinov2,0,
25,8,25,5,280,46,cb_refit_fixedC,0.3,0.5931809736157563,dinov2,0,
25,8,25,5,280,46,cb_refit_cvC,0.001,0.5953177257525083,dinov2,0,False
25,8,25,5,280,46,opq_refit_fixedC,0.01,0.4757989594946117,dinov2,0,
25,8,25,5,280,46,opq_refit_cvC,0.1,0.4831382385730211,dinov2,0,False
25,8,25,5,280,46,probe_refit_fixedC,0.01,0.44890375325157933,dinov2,0,
25,8,25,5,280,46,probe_refit_cvC,10.0,0.4572649572649573,dinov2,0,False
25,8,25,5,280,46,cb_offset_cvC,0.001,0.6256967670011149,dinov2,0,False
25,8,25,5,280,46,opq_offset_cvC,0.03,0.49154589371980684,dinov2,0,False
25,9,25,6,280,45,cb_zero,,0.6633569739952718,dinov2,0,
25,9,25,6,280,45,opq_zero,,0.6155082742316785,dinov2,0,
25,9,25,6,280,45,cb_refit_fixedC,0.3,0.4281796690307329,dinov2,0,
25,9,25,6,280,45,cb_refit_cvC,0.01,0.42345153664302604,dinov2,0,False
25,9,25,6,280,45,opq_refit_fixedC,0.01,0.4162174940898345,dinov2,0,
25,9,25,6,280,45,opq_refit_cvC,3.0,0.44316784869976356,dinov2,0,False
25,9,25,6,280,45,probe_refit_fixedC,0.01,0.5345626477541372,dinov2,0,
25,9,25,6,280,45,probe_refit_cvC,0.03,0.5308747044917258,dinov2,0,False
25,9,25,6,280,45,cb_offset_cvC,0.001,0.6631678486997635,dinov2,0,False
25,9,25,6,280,45,opq_offset_cvC,10.0,0.4658156028368794,dinov2,0,False
25,10,25,1,280,50,cb_zero,,0.6323478260869565,dinov2,0,
25,10,25,1,280,50,opq_zero,,0.5720869565217391,dinov2,0,
25,10,25,1,280,50,cb_refit_fixedC,0.3,0.4504347826086956,dinov2,0,
25,10,25,1,280,50,cb_refit_cvC,0.3,0.4504347826086956,dinov2,0,True
25,10,25,1,280,50,opq_refit_fixedC,0.01,0.5393913043478261,dinov2,0,
25,10,25,1,280,50,opq_refit_cvC,0.01,0.5393913043478261,dinov2,0,True
25,10,25,1,280,50,probe_refit_fixedC,0.01,0.46356521739130435,dinov2,0,
25,10,25,1,280,50,probe_refit_cvC,0.01,0.46356521739130435,dinov2,0,True
25,10,25,1,280,50,cb_offset_cvC,0.001,0.6321739130434783,dinov2,0,True
25,10,25,1,280,50,opq_offset_cvC,0.001,0.5690434782608697,dinov2,0,True
25,11,25,3,280,48,cb_zero,,0.6417025862068966,dinov2,0,
25,11,25,3,280,48,opq_zero,,0.5895294540229885,dinov2,0,
25,11,25,3,280,48,cb_refit_fixedC,0.3,0.5184087643678161,dinov2,0,
25,11,25,3,280,48,cb_refit_cvC,0.001,0.4972162356321839,dinov2,0,False
25,11,25,3,280,48,opq_refit_fixedC,0.01,0.6352370689655172,dinov2,0,
25,11,25,3,280,48,opq_refit_cvC,0.001,0.581402658045977,dinov2,0,False
25,11,25,3,280,48,probe_refit_fixedC,0.01,0.5008979885057472,dinov2,0,
25,11,25,3,280,48,probe_refit_cvC,0.01,0.5008979885057472,dinov2,0,False
25,11,25,3,280,48,cb_offset_cvC,0.001,0.6417923850574712,dinov2,0,False
25,11,25,3,280,48,opq_offset_cvC,0.001,0.5385237068965517,dinov2,0,False
25,12,25,3,280,48,cb_zero,,0.6364044540229886,dinov2,0,
25,12,25,3,280,48,opq_zero,,0.5806393678160918,dinov2,0,
25,12,25,3,280,48,cb_refit_fixedC,0.3,0.47090517241379304,dinov2,0,
25,12,25,3,280,48,cb_refit_cvC,10.0,0.5250538793103448,dinov2,0,False
25,12,25,3,280,48,opq_refit_fixedC,0.01,0.5281519396551724,dinov2,0,
25,12,25,3,280,48,opq_refit_cvC,0.1,0.5437769396551725,dinov2,0,False
25,12,25,3,280,48,probe_refit_fixedC,0.01,0.556573275862069,dinov2,0,
25,12,25,3,280,48,probe_refit_cvC,10.0,0.5660919540229885,dinov2,0,False
25,12,25,3,280,48,cb_offset_cvC,0.001,0.6363146551724138,dinov2,0,False
25,12,25,3,280,48,opq_offset_cvC,0.03,0.5713002873563219,dinov2,0,False
25,13,25,4,280,47,cb_zero,,0.6545520956990228,dinov2,0,
25,13,25,4,280,47,opq_zero,,0.5924573098347182,dinov2,0,
25,13,25,4,280,47,cb_refit_fixedC,0.3,0.4862569628344443,dinov2,0,
25,13,25,4,280,47,cb_refit_cvC,3.0,0.4749337960003652,dinov2,0,False
25,13,25,4,280,47,opq_refit_fixedC,0.01,0.556981097616656,dinov2,0,
25,13,25,4,280,47,opq_refit_cvC,0.001,0.549538854899096,dinov2,0,False
25,13,25,4,280,47,probe_refit_fixedC,0.01,0.49319696831339604,dinov2,0,
25,13,25,4,280,47,probe_refit_cvC,10.0,0.5007761848233039,dinov2,0,False
25,13,25,4,280,47,cb_offset_cvC,10.0,0.4921011779746143,dinov2,0,False
25,13,25,4,280,47,opq_offset_cvC,1.0,0.5797644050771619,dinov2,0,False
25,14,25,5,280,46,cb_zero,,0.6242103307320699,dinov2,0,
25,14,25,5,280,46,opq_zero,,0.5899293942772204,dinov2,0,
25,14,25,5,280,46,cb_refit_fixedC,0.3,0.544593088071349,dinov2,0,
25,14,25,5,280,46,cb_refit_cvC,10.0,0.5648457822370866,dinov2,0,False
25,14,25,5,280,46,opq_refit_fixedC,0.01,0.49897807506503156,dinov2,0,
25,14,25,5,280,46,opq_refit_cvC,10.0,0.495958751393534,dinov2,0,False
25,14,25,5,280,46,probe_refit_fixedC,0.01,0.47565960609438873,dinov2,0,
25,14,25,5,280,46,probe_refit_cvC,1.0,0.4805834262356002,dinov2,0,False
25,14,25,5,280,46,cb_offset_cvC,1.0,0.5689334819769603,dinov2,0,False
25,14,25,5,280,46,opq_offset_cvC,0.03,0.5289855072463768,dinov2,0,False
25,15,25,3,280,48,cb_zero,,0.6316451149425287,dinov2,0,
25,15,25,3,280,48,opq_zero,,0.5828843390804598,dinov2,0,
25,15,25,3,280,48,cb_refit_fixedC,0.3,0.6964798850574712,dinov2,0,
25,15,25,3,280,48,cb_refit_cvC,0.001,0.6749281609195403,dinov2,0,False
25,15,25,3,280,48,opq_refit_fixedC,0.01,0.6122485632183908,dinov2,0,
25,15,25,3,280,48,opq_refit_cvC,0.001,0.6018318965517242,dinov2,0,False
25,15,25,3,280,48,probe_refit_fixedC,0.01,0.5076329022988506,dinov2,0,
25,15,25,3,280,48,probe_refit_cvC,3.0,0.5060165229885057,dinov2,0,False
25,15,25,3,280,48,cb_offset_cvC,0.001,0.6318247126436782,dinov2,0,False
25,15,25,3,280,48,opq_offset_cvC,0.001,0.5817169540229885,dinov2,0,False
25,16,25,3,280,48,cb_zero,,0.6146731321839081,dinov2,0,
25,16,25,3,280,48,opq_zero,,0.5674389367816092,dinov2,0,
25,16,25,3,280,48,cb_refit_fixedC,0.3,0.6123383620689655,dinov2,0,
25,16,25,3,280,48,cb_refit_cvC,0.001,0.5976113505747126,dinov2,0,False
25,16,25,3,280,48,opq_refit_fixedC,0.01,0.5796066810344827,dinov2,0,
25,16,25,3,280,48,opq_refit_cvC,0.3,0.5697737068965517,dinov2,0,False
25,16,25,3,280,48,probe_refit_fixedC,0.01,0.5026041666666666,dinov2,0,
25,16,25,3,280,48,probe_refit_cvC,10.0,0.5160739942528736,dinov2,0,False
25,16,25,3,280,48,cb_offset_cvC,0.001,0.6146731321839081,dinov2,0,False
25,16,25,3,280,48,opq_offset_cvC,0.03,0.5702227011494253,dinov2,0,False
25,17,25,7,280,44,cb_zero,,0.6306818181818182,dinov2,0,
25,17,25,7,280,44,opq_zero,,0.5713597842835132,dinov2,0,
25,17,25,7,280,44,cb_refit_fixedC,0.3,0.6755585516178738,dinov2,0,
25,17,25,7,280,44,cb_refit_cvC,1.0,0.6652542372881356,dinov2,0,False
25,17,25,7,280,44,opq_refit_fixedC,0.01,0.5741043913713405,dinov2,0,
25,17,25,7,280,44,opq_refit_cvC,0.3,0.5647630970724191,dinov2,0,False
25,17,25,7,280,44,probe_refit_fixedC,0.01,0.5026964560862865,dinov2,0,
25,17,25,7,280,44,probe_refit_cvC,0.001,0.4839175654853621,dinov2,0,False
25,17,25,7,280,44,cb_offset_cvC,0.001,0.6307781201848999,dinov2,0,False
25,17,25,7,280,44,opq_offset_cvC,3.0,0.5540254237288136,dinov2,0,False
25,18,25,4,280,47,cb_zero,,0.6360149758012967,dinov2,0,
25,18,25,4,280,47,opq_zero,,0.5852433567710711,dinov2,0,
25,18,25,4,280,47,cb_refit_fixedC,0.3,0.648068669527897,dinov2,0,
25,18,25,4,280,47,cb_refit_cvC,10.0,0.63501050132408,dinov2,0,False
25,18,25,4,280,47,opq_refit_fixedC,0.01,0.6077527166468816,dinov2,0,
25,18,25,4,280,47,opq_refit_cvC,1.0,0.6106748242169665,dinov2,0,False
25,18,25,4,280,47,probe_refit_fixedC,0.01,0.5646059720573464,dinov2,0,
25,18,25,4,280,47,probe_refit_cvC,10.0,0.5795817733540316,dinov2,0,False
25,18,25,4,280,47,cb_offset_cvC,10.0,0.6353757647703406,dinov2,0,False
25,18,25,4,280,47,opq_offset_cvC,0.003,0.5960186284357594,dinov2,0,False
25,19,26,2,279,49,cb_zero,,0.6259094942324755,dinov2,0,
25,19,26,2,279,49,opq_zero,,0.5765749778172139,dinov2,0,
25,19,26,2,279,49,cb_refit_fixedC,0.3,0.6047027506654836,dinov2,0,
25,19,26,2,279,49,cb_refit_cvC,3.0,0.5899733806566105,dinov2,0,False
25,19,26,2,279,49,opq_refit_fixedC,0.01,0.5731588287488909,dinov2,0,
25,19,26,2,279,49,opq_refit_cvC,0.01,0.5731588287488909,dinov2,0,False
25,19,26,2,279,49,probe_refit_fixedC,0.01,0.5058562555456965,dinov2,0,
25,19,26,2,279,49,probe_refit_cvC,0.001,0.5111801242236025,dinov2,0,False
25,19,26,2,279,49,cb_offset_cvC,10.0,0.5905944986690329,dinov2,0,False
25,19,26,2,279,49,opq_offset_cvC,0.01,0.5714285714285714,dinov2,0,False
25,20,25,4,280,47,cb_zero,,0.6199433841658296,dinov2,0,
25,20,25,4,280,47,opq_zero,,0.5587617569171766,dinov2,0,
25,20,25,4,280,47,cb_refit_fixedC,0.3,0.586339147109853,dinov2,0,
25,20,25,4,280,47,cb_refit_cvC,0.001,0.5777554561227285,dinov2,0,False
25,20,25,4,280,47,opq_refit_fixedC,0.01,0.5373938453109305,dinov2,0,
25,20,25,4,280,47,opq_refit_cvC,0.03,0.5395397680577116,dinov2,0,False
25,20,25,4,280,47,probe_refit_fixedC,0.01,0.483060907679664,dinov2,0,
25,20,25,4,280,47,probe_refit_cvC,0.001,0.4673545794904575,dinov2,0,False
25,20,25,4,280,47,cb_offset_cvC,0.001,0.6198520683042644,dinov2,0,False
25,20,25,4,280,47,opq_offset_cvC,0.1,0.5504520135147475,dinov2,0,False
25,21,25,3,280,48,cb_zero,,0.6396372126436781,dinov2,0,
25,21,25,3,280,48,opq_zero,,0.600305316091954,dinov2,0,
25,21,25,3,280,48,cb_refit_fixedC,0.3,0.6401760057471264,dinov2,0,
25,21,25,3,280,48,cb_refit_cvC,10.0,0.5983297413793105,dinov2,0,False
25,21,25,3,280,48,opq_refit_fixedC,0.01,0.5661368534482759,dinov2,0,
25,21,25,3,280,48,opq_refit_cvC,0.003,0.5695941091954023,dinov2,0,False
25,21,25,3,280,48,probe_refit_fixedC,0.01,0.5059267241379309,dinov2,0,
25,21,25,3,280,48,probe_refit_cvC,0.3,0.5147270114942528,dinov2,0,False
25,21,25,3,280,48,cb_offset_cvC,0.001,0.6398168103448276,dinov2,0,False
25,21,25,3,280,48,opq_offset_cvC,0.1,0.5742636494252873,dinov2,0,False
25,22,25,2,280,49,cb_zero,,0.6424595812350914,dinov2,0,
25,22,25,2,280,49,opq_zero,,0.5876844244191183,dinov2,0,
25,22,25,2,280,49,cb_refit_fixedC,0.3,0.5258415054333422,dinov2,0,
25,22,25,2,280,49,cb_refit_cvC,1.0,0.533704390847248,dinov2,0,False
25,22,25,2,280,49,opq_refit_fixedC,0.01,0.6169272903966783,dinov2,0,
25,22,25,2,280,49,opq_refit_cvC,0.01,0.6169272903966783,dinov2,0,False
25,22,25,2,280,49,probe_refit_fixedC,0.01,0.5752274935948405,dinov2,0,
25,22,25,2,280,49,probe_refit_cvC,0.01,0.5752274935948405,dinov2,0,False
25,22,25,2,280,49,cb_offset_cvC,0.001,0.6426362752893364,dinov2,0,False
25,22,25,2,280,49,opq_offset_cvC,0.001,0.5941337573990635,dinov2,0,False
25,23,25,5,280,46,cb_zero,,0.6382385730211818,dinov2,0,
25,23,25,5,280,46,opq_zero,,0.582032701597919,dinov2,0,
25,23,25,5,280,46,cb_refit_fixedC,0.3,0.5935525826830175,dinov2,0,
25,23,25,5,280,46,cb_refit_cvC,0.001,0.5939241917502788,dinov2,0,False
25,23,25,5,280,46,opq_refit_fixedC,0.01,0.595503530286139,dinov2,0,
25,23,25,5,280,46,opq_refit_cvC,0.003,0.5954570791527314,dinov2,0,False
25,23,25,5,280,46,probe_refit_fixedC,0.01,0.4879227053140096,dinov2,0,
25,23,25,5,280,46,probe_refit_cvC,10.0,0.49303232998885177,dinov2,0,False
25,23,25,5,280,46,cb_offset_cvC,3.0,0.6034931252322556,dinov2,0,False
25,23,25,5,280,46,opq_offset_cvC,0.003,0.5955964325529544,dinov2,0,False
25,24,25,5,280,46,cb_zero,,0.6318283166109253,dinov2,0,
25,24,25,5,280,46,opq_zero,,0.5849126718691936,dinov2,0,
25,24,25,5,280,46,cb_refit_fixedC,0.3,0.6185432924563359,dinov2,0,
25,24,25,5,280,46,cb_refit_cvC,10.0,0.5867707172054998,dinov2,0,False
25,24,25,5,280,46,opq_refit_fixedC,0.01,0.5000929022668152,dinov2,0,
25,24,25,5,280,46,opq_refit_cvC,0.003,0.48346339650687475,dinov2,0,False
25,24,25,5,280,46,probe_refit_fixedC,0.01,0.4564288368636195,dinov2,0,
25,24,25,5,280,46,probe_refit_cvC,3.0,0.4511334076551468,dinov2,0,False
25,24,25,5,280,46,cb_offset_cvC,0.001,0.6319212188777406,dinov2,0,False
25,24,25,5,280,46,opq_offset_cvC,0.01,0.5190449646971386,dinov2,0,False
25,25,25,5,280,46,cb_zero,,0.6044221479004087,dinov2,0,
25,25,25,5,280,46,opq_zero,,0.5591787439613527,dinov2,0,
25,25,25,5,280,46,cb_refit_fixedC,0.3,0.6678743961352657,dinov2,0,
25,25,25,5,280,46,cb_refit_cvC,0.003,0.6599777034559643,dinov2,0,False
25,25,25,5,280,46,opq_refit_fixedC,0.01,0.5316796729840207,dinov2,0,
25,25,25,5,280,46,opq_refit_cvC,0.01,0.5316796729840207,dinov2,0,False
25,25,25,5,280,46,probe_refit_fixedC,0.01,0.5374396135265701,dinov2,0,
25,25,25,5,280,46,probe_refit_cvC,10.0,0.5425492382014121,dinov2,0,False
25,25,25,5,280,46,cb_offset_cvC,0.3,0.6237458193979933,dinov2,0,False
25,25,25,5,280,46,opq_offset_cvC,0.003,0.5457079152731327,dinov2,0,False
25,26,25,4,280,47,cb_zero,,0.6324536572002557,dinov2,0,
25,26,25,4,280,47,opq_zero,,0.5896265181261986,dinov2,0,
25,26,25,4,280,47,cb_refit_fixedC,0.3,0.630262076522692,dinov2,0,
25,26,25,4,280,47,cb_refit_cvC,10.0,0.5966578394667154,dinov2,0,False
25,26,25,4,280,47,opq_refit_fixedC,0.01,0.6338690530545156,dinov2,0,
25,26,25,4,280,47,opq_refit_cvC,0.3,0.6283444434298238,dinov2,0,False
25,26,25,4,280,47,probe_refit_fixedC,0.01,0.5549264907314401,dinov2,0,
25,26,25,4,280,47,probe_refit_cvC,0.001,0.5392201625422336,dinov2,0,False
25,26,25,4,280,47,cb_offset_cvC,0.001,0.6325449730618209,dinov2,0,False
25,26,25,4,280,47,opq_offset_cvC,1.0,0.6203086476120903,dinov2,0,False
25,27,25,4,280,47,cb_zero,,0.6479773536663318,dinov2,0,
25,27,25,4,280,47,opq_zero,,0.592274678111588,dinov2,0,
25,27,25,4,280,47,cb_refit_fixedC,0.3,0.5738288740754269,dinov2,0,
25,27,25,4,280,47,cb_refit_cvC,10.0,0.5520956990229203,dinov2,0,False
25,27,25,4,280,47,opq_refit_fixedC,0.01,0.5241073874532006,dinov2,0,
25,27,25,4,280,47,opq_refit_cvC,0.003,0.5176696192128573,dinov2,0,False
25,27,25,4,280,47,probe_refit_fixedC,0.01,0.48634827869600944,dinov2,0,
25,27,25,4,280,47,probe_refit_cvC,0.01,0.48634827869600944,dinov2,0,False
25,27,25,4,280,47,cb_offset_cvC,0.1,0.6540955163911972,dinov2,0,False
25,27,25,4,280,47,opq_offset_cvC,0.001,0.5681672906583873,dinov2,0,False
25,28,25,7,280,44,cb_zero,,0.6302966101694916,dinov2,0,
25,28,25,7,280,44,opq_zero,,0.5931240369799692,dinov2,0,
25,28,25,7,280,44,cb_refit_fixedC,0.3,0.6476309707241911,dinov2,0,
25,28,25,7,280,44,cb_refit_cvC,0.01,0.6458012326656395,dinov2,0,False
25,28,25,7,280,44,opq_refit_fixedC,0.01,0.49441448382126346,dinov2,0,
25,28,25,7,280,44,opq_refit_cvC,0.01,0.49441448382126346,dinov2,0,False
25,28,25,7,280,44,probe_refit_fixedC,0.01,0.42671417565485364,dinov2,0,
25,28,25,7,280,44,probe_refit_cvC,0.001,0.426328967642527,dinov2,0,False
25,28,25,7,280,44,cb_offset_cvC,0.001,0.6302003081664098,dinov2,0,False
25,28,25,7,280,44,opq_offset_cvC,0.03,0.5245570107858244,dinov2,0,False
25,29,25,7,280,44,cb_zero,,0.6292372881355933,dinov2,0,
25,29,25,7,280,44,opq_zero,,0.5859013867488444,dinov2,0,
25,29,25,7,280,44,cb_refit_fixedC,0.3,0.7020416024653313,dinov2,0,
25,29,25,7,280,44,cb_refit_cvC,1.0,0.698382126348228,dinov2,0,False
25,29,25,7,280,44,opq_refit_fixedC,0.01,0.5948574730354391,dinov2,0,
25,29,25,7,280,44,opq_refit_cvC,0.01,0.5948574730354391,dinov2,0,False
25,29,25,7,280,44,probe_refit_fixedC,0.01,0.5145416024653313,dinov2,0,
25,29,25,7,280,44,probe_refit_cvC,10.0,0.5189714946070879,dinov2,0,False
25,29,25,7,280,44,cb_offset_cvC,0.001,0.6295261941448382,dinov2,0,False
25,29,25,7,280,44,opq_offset_cvC,3.0,0.48189522342064717,dinov2,0,False
50,0,50,8,255,43,cb_zero,,0.619789381307591,dinov2,0,
50,0,50,8,255,43,opq_zero,,0.5979596314172883,dinov2,0,
50,0,50,8,255,43,cb_refit_fixedC,0.3,0.6899956121105748,dinov2,0,
50,0,50,8,255,43,cb_refit_cvC,0.03,0.6735410267661256,dinov2,0,False
50,0,50,8,255,43,opq_refit_fixedC,0.01,0.561375603334796,dinov2,0,
50,0,50,8,255,43,opq_refit_cvC,0.03,0.5360903905221589,dinov2,0,False
50,0,50,8,255,43,probe_refit_fixedC,0.01,0.4179464677490127,dinov2,0,
50,0,50,8,255,43,probe_refit_cvC,0.001,0.42617376042123745,dinov2,0,False
50,0,50,8,255,43,cb_offset_cvC,0.1,0.6318560772268538,dinov2,0,False
50,0,50,8,255,43,opq_offset_cvC,0.003,0.5752523036419482,dinov2,0,False
50,1,50,6,255,45,cb_zero,,0.6340740740740741,dinov2,0,
50,1,50,6,255,45,opq_zero,,0.5928042328042328,dinov2,0,
50,1,50,6,255,45,cb_refit_fixedC,0.3,0.7201058201058201,dinov2,0,
50,1,50,6,255,45,cb_refit_cvC,10.0,0.6318518518518519,dinov2,0,False
50,1,50,6,255,45,opq_refit_fixedC,0.01,0.6195238095238095,dinov2,0,
50,1,50,6,255,45,opq_refit_cvC,10.0,0.5968253968253969,dinov2,0,False
50,1,50,6,255,45,probe_refit_fixedC,0.01,0.579047619047619,dinov2,0,
50,1,50,6,255,45,probe_refit_cvC,3.0,0.562010582010582,dinov2,0,False
50,1,50,6,255,45,cb_offset_cvC,0.01,0.6346031746031746,dinov2,0,False
50,1,50,6,255,45,opq_offset_cvC,10.0,0.6063492063492063,dinov2,0,False
50,2,50,8,255,43,cb_zero,,0.653576129881527,dinov2,0,
50,2,50,8,255,43,opq_zero,,0.5955462922334357,dinov2,0,
50,2,50,8,255,43,cb_refit_fixedC,0.3,0.5963141728828434,dinov2,0,
50,2,50,8,255,43,cb_refit_cvC,10.0,0.5522158841597191,dinov2,0,False
50,2,50,8,255,43,opq_refit_fixedC,0.01,0.6075032909170689,dinov2,0,
50,2,50,8,255,43,opq_refit_cvC,10.0,0.6022378236068451,dinov2,0,False
50,2,50,8,255,43,probe_refit_fixedC,0.01,0.5108600263273366,dinov2,0,
50,2,50,8,255,43,probe_refit_cvC,0.001,0.5257788503729707,dinov2,0,False
50,2,50,8,255,43,cb_offset_cvC,0.003,0.6536858271171567,dinov2,0,False
50,2,50,8,255,43,opq_offset_cvC,0.003,0.6267003071522598,dinov2,0,False
50,3,50,5,255,46,cb_zero,,0.655190347410027,dinov2,0,
50,3,50,5,255,46,opq_zero,,0.6020386935718743,dinov2,0,
50,3,50,5,255,46,cb_refit_fixedC,0.3,0.5726024547534845,dinov2,0,
50,3,50,5,255,46,cb_refit_cvC,10.0,0.5241314749323902,dinov2,0,False
50,3,50,5,255,46,opq_refit_fixedC,0.01,0.5265758269190763,dinov2,0,
50,3,50,5,255,46,opq_refit_cvC,10.0,0.5696900353650926,dinov2,0,False
50,3,50,5,255,46,probe_refit_fixedC,0.01,0.5201789057624299,dinov2,0,
50,3,50,5,255,46,probe_refit_cvC,10.0,0.49708758061160807,dinov2,0,False
50,3,50,5,255,46,cb_offset_cvC,0.3,0.6472852090701061,dinov2,0,False
50,3,50,5,255,46,opq_offset_cvC,10.0,0.5838360723944248,dinov2,0,False
50,4,50,9,255,42,cb_zero,,0.6588419405320813,dinov2,0,
50,4,50,9,255,42,opq_zero,,0.6030628213726805,dinov2,0,
50,4,50,9,255,42,cb_refit_fixedC,0.3,0.5801475519785378,dinov2,0,
50,4,50,9,255,42,cb_refit_cvC,0.001,0.6030628213726806,dinov2,0,False
50,4,50,9,255,42,opq_refit_fixedC,0.01,0.5320254862508385,dinov2,0,
50,4,50,9,255,42,opq_refit_cvC,0.3,0.5281131231835456,dinov2,0,False
50,4,50,9,255,42,probe_refit_fixedC,0.01,0.5002235636038452,dinov2,0,
50,4,50,9,255,42,probe_refit_cvC,0.001,0.4877040017885088,dinov2,0,False
50,4,50,9,255,42,cb_offset_cvC,1.0,0.6030628213726805,dinov2,0,False
50,4,50,9,255,42,opq_offset_cvC,0.3,0.5428124301363738,dinov2,0,False
50,5,50,6,255,45,cb_zero,,0.6448677248677249,dinov2,0,
50,5,50,6,255,45,opq_zero,,0.5994708994708995,dinov2,0,
50,5,50,6,255,45,cb_refit_fixedC,0.3,0.5175661375661376,dinov2,0,
50,5,50,6,255,45,cb_refit_cvC,10.0,0.5761904761904761,dinov2,0,False
50,5,50,6,255,45,opq_refit_fixedC,0.01,0.5811111111111111,dinov2,0,
50,5,50,6,255,45,opq_refit_cvC,10.0,0.5524338624338626,dinov2,0,False
50,5,50,6,255,45,probe_refit_fixedC,0.01,0.6025396825396825,dinov2,0,
50,5,50,6,255,45,probe_refit_cvC,10.0,0.5858201058201058,dinov2,0,False
50,5,50,6,255,45,cb_offset_cvC,0.001,0.6445502645502645,dinov2,0,False
50,5,50,6,255,45,opq_offset_cvC,10.0,0.5580952380952381,dinov2,0,False
50,6,50,6,255,45,cb_zero,,0.6187301587301587,dinov2,0,
50,6,50,6,255,45,opq_zero,,0.5658201058201058,dinov2,0,
50,6,50,6,255,45,cb_refit_fixedC,0.3,0.6394708994708995,dinov2,0,
50,6,50,6,255,45,cb_refit_cvC,0.3,0.6394708994708995,dinov2,0,False
50,6,50,6,255,45,opq_refit_fixedC,0.01,0.6167195767195767,dinov2,0,
50,6,50,6,255,45,opq_refit_cvC,10.0,0.604973544973545,dinov2,0,False
50,6,50,6,255,45,probe_refit_fixedC,0.01,0.4866666666666667,dinov2,0,
50,6,50,6,255,45,probe_refit_cvC,0.001,0.4768253968253968,dinov2,0,False
50,6,50,6,255,45,cb_offset_cvC,0.001,0.6188359788359787,dinov2,0,False
50,6,50,6,255,45,opq_offset_cvC,0.001,0.593015873015873,dinov2,0,False
50,7,51,9,254,42,cb_zero,,0.580188679245283,dinov2,0,
50,7,51,9,254,42,opq_zero,,0.537848158131177,dinov2,0,
50,7,51,9,254,42,cb_refit_fixedC,0.3,0.6235399820305481,dinov2,0,
50,7,51,9,254,42,cb_refit_cvC,0.3,0.6235399820305481,dinov2,0,False
50,7,51,9,254,42,opq_refit_fixedC,0.01,0.5965858041329739,dinov2,0,
50,7,51,9,254,42,opq_refit_cvC,0.001,0.5953504043126685,dinov2,0,False
50,7,51,9,254,42,probe_refit_fixedC,0.01,0.5195417789757413,dinov2,0,
50,7,51,9,254,42,probe_refit_cvC,0.001,0.5102201257861635,dinov2,0,False
50,7,51,9,254,42,cb_offset_cvC,0.1,0.5904088050314465,dinov2,0,False
50,7,51,9,254,42,opq_offset_cvC,0.003,0.5715408805031447,dinov2,0,False
50,8,50,6,255,45,cb_zero,,0.6069841269841271,dinov2,0,
50,8,50,6,255,45,opq_zero,,0.557037037037037,dinov2,0,
50,8,50,6,255,45,cb_refit_fixedC,0.3,0.6486772486772486,dinov2,0,
50,8,50,6,255,45,cb_refit_cvC,0.1,0.6542857142857144,dinov2,0,False
50,8,50,6,255,45,opq_refit_fixedC,0.01,0.6182010582010582,dinov2,0,
50,8,50,6,255,45,opq_refit_cvC,0.001,0.6424338624338624,dinov2,0,False
50,8,50,6,255,45,probe_refit_fixedC,0.01,0.48264550264550266,dinov2,0,
50,8,50,6,255,45,probe_refit_cvC,0.001,0.4778835978835979,dinov2,0,False
50,8,50,6,255,45,cb_offset_cvC,3.0,0.6256084656084656,dinov2,0,False
50,8,50,6,255,45,opq_offset_cvC,0.001,0.5920634920634921,dinov2,0,False
50,9,50,8,255,43,cb_zero,,0.6593900833698991,dinov2,0,
50,9,50,8,255,43,opq_zero,,0.6121105748135147,dinov2,0,
50,9,50,8,255,43,cb_refit_fixedC,0.3,0.6161693725318121,dinov2,0,
50,9,50,8,255,43,cb_refit_cvC,10.0,0.5517770952172004,dinov2,0,False
50,9,50,8,255,43,opq_refit_fixedC,0.01,0.5945590171127687,dinov2,0,
50,9,50,8,255,43,opq_refit_cvC,0.01,0.5945590171127687,dinov2,0,False
50,9,50,8,255,43,probe_refit_fixedC,0.01,0.5459631417288285,dinov2,0,
50,9,50,8,255,43,probe_refit_cvC,0.003,0.547389205792014,dinov2,0,False
50,9,50,8,255,43,cb_offset_cvC,10.0,0.5637340939008337,dinov2,0,False
50,9,50,8,255,43,opq_offset_cvC,10.0,0.6394251864853006,dinov2,0,False
50,10,51,7,254,44,cb_zero,,0.6226190476190475,dinov2,0,
50,10,51,7,254,44,opq_zero,,0.5739177489177489,dinov2,0,
50,10,51,7,254,44,cb_refit_fixedC,0.3,0.6587662337662339,dinov2,0,
50,10,51,7,254,44,cb_refit_cvC,0.03,0.6558441558441559,dinov2,0,False
50,10,51,7,254,44,opq_refit_fixedC,0.01,0.6698051948051948,dinov2,0,
50,10,51,7,254,44,opq_refit_cvC,0.3,0.616991341991342,dinov2,0,False
50,10,51,7,254,44,probe_refit_fixedC,0.01,0.5164502164502164,dinov2,0,
50,10,51,7,254,44,probe_refit_cvC,10.0,0.5051948051948052,dinov2,0,False
50,10,51,7,254,44,cb_offset_cvC,0.001,0.6225108225108226,dinov2,0,False
50,10,51,7,254,44,opq_offset_cvC,0.003,0.6252164502164502,dinov2,0,False
50,11,50,12,255,39,cb_zero,,0.650997150997151,dinov2,0,
50,11,50,12,255,39,opq_zero,,0.6037511870845205,dinov2,0,
50,11,50,12,255,39,cb_refit_fixedC,0.3,0.6391263057929725,dinov2,0,
50,11,50,12,255,39,cb_refit_cvC,10.0,0.6362773029439697,dinov2,0,False
50,11,50,12,255,39,opq_refit_fixedC,0.01,0.502196106362773,dinov2,0,
50,11,50,12,255,39,opq_refit_cvC,1.0,0.5499762583095917,dinov2,0,False
50,11,50,12,255,39,probe_refit_fixedC,0.01,0.5504510921177588,dinov2,0,
50,11,50,12,255,39,probe_refit_cvC,3.0,0.5569800569800569,dinov2,0,False
50,11,50,12,255,39,cb_offset_cvC,10.0,0.6359211775878443,dinov2,0,False
50,11,50,12,255,39,opq_offset_cvC,0.001,0.5677825261158594,dinov2,0,False
50,12,50,5,255,46,cb_zero,,0.6453089244851258,dinov2,0,
50,12,50,5,255,46,opq_zero,,0.5826919076346994,dinov2,0,
50,12,50,5,255,46,cb_refit_fixedC,0.3,0.5003120449344705,dinov2,0,
50,12,50,5,255,46,cb_refit_cvC,0.001,0.5397337216559184,dinov2,0,False
50,12,50,5,255,46,opq_refit_fixedC,0.01,0.5589244851258581,dinov2,0,
50,12,50,5,255,46,opq_refit_cvC,10.0,0.5451425005200748,dinov2,0,False
50,12,50,5,255,46,probe_refit_fixedC,0.01,0.4857499479925109,dinov2,0,
50,12,50,5,255,46,probe_refit_cvC,0.001,0.4757645100894528,dinov2,0,False
50,12,50,5,255,46,cb_offset_cvC,0.001,0.6453089244851258,dinov2,0,False
50,12,50,5,255,46,opq_offset_cvC,10.0,0.5511753692531725,dinov2,0,False
50,13,50,10,255,41,cb_zero,,0.6292454980624572,dinov2,0,
50,13,50,10,255,41,opq_zero,,0.5844540688397538,dinov2,0,
50,13,50,10,255,41,cb_refit_fixedC,0.3,0.6392751310690677,dinov2,0,
50,13,50,10,255,41,cb_refit_cvC,10.0,0.6330066104399361,dinov2,0,False
50,13,50,10,255,41,opq_refit_fixedC,0.01,0.5701504444950992,dinov2,0,
50,13,50,10,255,41,opq_refit_cvC,0.001,0.5955094597674948,dinov2,0,False
50,13,50,10,255,41,probe_refit_fixedC,0.01,0.5091178481878277,dinov2,0,
50,13,50,10,255,41,probe_refit_cvC,0.001,0.5041030316845224,dinov2,0,False
50,13,50,10,255,41,cb_offset_cvC,0.1,0.628675632550718,dinov2,0,False
50,13,50,10,255,41,opq_offset_cvC,0.001,0.6357419648962845,dinov2,0,False
50,14,50,14,255,37,cb_zero,,0.6161666253409372,dinov2,0,
50,14,50,14,255,37,opq_zero,,0.5855442598561865,dinov2,0,
50,14,50,14,255,37,cb_refit_fixedC,0.3,0.6665013637490702,dinov2,0,
50,14,50,14,255,37,cb_refit_cvC,0.1,0.6578229605752541,dinov2,0,False
50,14,50,14,255,37,opq_refit_fixedC,0.01,0.5885817009670221,dinov2,0,
50,14,50,14,255,37,opq_refit_cvC,1.0,0.5645921150508306,dinov2,0,False
50,14,50,14,255,37,probe_refit_fixedC,0.01,0.4784279692536573,dinov2,0,
50,14,50,14,255,37,probe_refit_cvC,0.003,0.46826183982147285,dinov2,0,False
50,14,50,14,255,37,cb_offset_cvC,1.0,0.6488966030250435,dinov2,0,False
50,14,50,14,255,37,opq_offset_cvC,3.0,0.5681874535085544,dinov2,0,False
50,15,50,6,255,45,cb_zero,,0.6205291005291006,dinov2,0,
50,15,50,6,255,45,opq_zero,,0.5698412698412698,dinov2,0,
50,15,50,6,255,45,cb_refit_fixedC,0.3,0.6588359788359788,dinov2,0,
50,15,50,6,255,45,cb_refit_cvC,1.0,0.6604232804232805,dinov2,0,False
50,15,50,6,255,45,opq_refit_fixedC,0.01,0.6239682539682541,dinov2,0,
50,15,50,6,255,45,opq_refit_cvC,0.001,0.6202116402116401,dinov2,0,False
50,15,50,6,255,45,probe_refit_fixedC,0.01,0.5213756613756614,dinov2,0,
50,15,50,6,255,45,probe_refit_cvC,0.001,0.505079365079365,dinov2,0,False
50,15,50,6,255,45,cb_offset_cvC,0.001,0.6210582010582011,dinov2,0,False
50,15,50,6,255,45,opq_offset_cvC,0.003,0.6114285714285714,dinov2,0,False
50,16,50,5,255,46,cb_zero,,0.6290825878926566,dinov2,0,
50,16,50,5,255,46,opq_zero,,0.5888287913459538,dinov2,0,
50,16,50,5,255,46,cb_refit_fixedC,0.3,0.6473892240482628,dinov2,0,
50,16,50,5,255,46,cb_refit_cvC,1.0,0.6429165799875183,dinov2,0,False
50,16,50,5,255,46,opq_refit_fixedC,0.01,0.5841481173288954,dinov2,0,
50,16,50,5,255,46,opq_refit_cvC,0.01,0.5841481173288954,dinov2,0,False
50,16,50,5,255,46,probe_refit_fixedC,0.01,0.5019762845849802,dinov2,0,
50,16,50,5,255,46,probe_refit_cvC,10.0,0.5086332431870189,dinov2,0,False
50,16,50,5,255,46,cb_offset_cvC,0.3,0.6285625130018723,dinov2,0,False
50,16,50,5,255,46,opq_offset_cvC,0.03,0.5878926565425422,dinov2,0,False
50,17,51,7,254,44,cb_zero,,0.6601731601731602,dinov2,0,
50,17,51,7,254,44,opq_zero,,0.6064935064935065,dinov2,0,
50,17,51,7,254,44,cb_refit_fixedC,0.3,0.5401515151515152,dinov2,0,
50,17,51,7,254,44,cb_refit_cvC,0.001,0.541991341991342,dinov2,0,False
50,17,51,7,254,44,opq_refit_fixedC,0.01,0.5390151515151514,dinov2,0,
50,17,51,7,254,44,opq_refit_cvC,0.01,0.5390151515151514,dinov2,0,False
50,17,51,7,254,44,probe_refit_fixedC,0.01,0.5397186147186147,dinov2,0,
50,17,51,7,254,44,probe_refit_cvC,0.001,0.526948051948052,dinov2,0,False
50,17,51,7,254,44,cb_offset_cvC,0.001,0.660064935064935,dinov2,0,False
50,17,51,7,254,44,opq_offset_cvC,0.03,0.5721861471861471,dinov2,0,False
50,18,50,7,255,44,cb_zero,,0.6139595002154243,dinov2,0,
50,18,50,7,255,44,opq_zero,,0.5621499353726842,dinov2,0,
50,18,50,7,255,44,cb_refit_fixedC,0.3,0.6555364067212408,dinov2,0,
50,18,50,7,255,44,cb_refit_cvC,0.001,0.6425032313657906,dinov2,0,False
50,18,50,7,255,44,opq_refit_fixedC,0.01,0.6124515295131409,dinov2,0,
50,18,50,7,255,44,opq_refit_cvC,0.003,0.6208530805687204,dinov2,0,False
50,18,50,7,255,44,probe_refit_fixedC,0.01,0.4053209823352003,dinov2,0,
50,18,50,7,255,44,probe_refit_cvC,0.01,0.4053209823352003,dinov2,0,False
50,18,50,7,255,44,cb_offset_cvC,0.001,0.6140672124084446,dinov2,0,False
50,18,50,7,255,44,opq_offset_cvC,0.003,0.6070659198621284,dinov2,0,False
50,19,50,12,255,39,cb_zero,,0.6343779677113011,dinov2,0,
50,19,50,12,255,39,opq_zero,,0.6270180436847104,dinov2,0,
50,19,50,12,255,39,cb_refit_fixedC,0.3,0.608974358974359,dinov2,0,
50,19,50,12,255,39,cb_refit_cvC,10.0,0.5566239316239316,dinov2,0,False
50,19,50,12,255,39,opq_refit_fixedC,0.01,0.5417853751187085,dinov2,0,
50,19,50,12,255,39,opq_refit_cvC,0.1,0.5391144349477683,dinov2,0,False
50,19,50,12,255,39,probe_refit_fixedC,0.01,0.4952516619183286,dinov2,0,
50,19,50,12,255,39,probe_refit_cvC,0.001,0.485636277302944,dinov2,0,False
50,19,50,12,255,39,cb_offset_cvC,10.0,0.5612535612535612,dinov2,0,False
50,19,50,12,255,39,opq_offset_cvC,0.03,0.5560303893637227,dinov2,0,False
50,20,50,6,255,45,cb_zero,,0.6276190476190476,dinov2,0,
50,20,50,6,255,45,opq_zero,,0.5807407407407408,dinov2,0,
50,20,50,6,255,45,cb_refit_fixedC,0.3,0.6041269841269841,dinov2,0,
50,20,50,6,255,45,cb_refit_cvC,10.0,0.591111111111111,dinov2,0,False
50,20,50,6,255,45,opq_refit_fixedC,0.01,0.647142857142857,dinov2,0,
50,20,50,6,255,45,opq_refit_cvC,3.0,0.6531746031746031,dinov2,0,False
50,20,50,6,255,45,probe_refit_fixedC,0.01,0.5322751322751322,dinov2,0,
50,20,50,6,255,45,probe_refit_cvC,10.0,0.518095238095238,dinov2,0,False
50,20,50,6,255,45,cb_offset_cvC,0.001,0.6277248677248678,dinov2,0,False
50,20,50,6,255,45,opq_offset_cvC,1.0,0.6627513227513228,dinov2,0,False
50,21,50,5,255,46,cb_zero,,0.6466611192011649,dinov2,0,
50,21,50,5,255,46,opq_zero,,0.5706261701685043,dinov2,0,
50,21,50,5,255,46,cb_refit_fixedC,0.3,0.5464946952361139,dinov2,0,
50,21,50,5,255,46,cb_refit_cvC,0.003,0.5381734969835656,dinov2,0,False
50,21,50,5,255,46,opq_refit_fixedC,0.01,0.5670896609111712,dinov2,0,
50,21,50,5,255,46,opq_refit_cvC,0.01,0.5670896609111712,dinov2,0,False
50,21,50,5,255,46,probe_refit_fixedC,0.01,0.4819013938007074,dinov2,0,
50,21,50,5,255,46,probe_refit_cvC,0.003,0.483565633451217,dinov2,0,False
50,21,50,5,255,46,cb_offset_cvC,0.03,0.6442687747035573,dinov2,0,False
50,21,50,5,255,46,opq_offset_cvC,0.01,0.5690659454961515,dinov2,0,False
50,22,50,9,255,42,cb_zero,,0.6427453610552203,dinov2,0,
50,22,50,9,255,42,opq_zero,,0.5918846411804158,dinov2,0,
50,22,50,9,255,42,cb_refit_fixedC,0.3,0.5984797674938519,dinov2,0,
50,22,50,9,255,42,cb_refit_cvC,1.0,0.5885311871227363,dinov2,0,False
50,22,50,9,255,42,opq_refit_fixedC,0.01,0.5332550860719875,dinov2,0,
50,22,50,9,255,42,opq_refit_cvC,0.01,0.5332550860719875,dinov2,0,False
50,22,50,9,255,42,probe_refit_fixedC,0.01,0.4541694612117147,dinov2,0,
50,22,50,9,255,42,probe_refit_cvC,0.003,0.46042924211938296,dinov2,0,False
50,22,50,9,255,42,cb_offset_cvC,0.001,0.6425217974513749,dinov2,0,False
50,22,50,9,255,42,opq_offset_cvC,0.01,0.5394589760786943,dinov2,0,False
50,23,50,10,255,41,cb_zero,,0.6203555960793252,dinov2,0,
50,23,50,10,255,41,opq_zero,,0.5596079325279234,dinov2,0,
50,23,50,10,255,41,cb_refit_fixedC,0.3,0.6036015500341919,dinov2,0,
50,23,50,10,255,41,cb_refit_cvC,1.0,0.6007522224754958,dinov2,0,False
50,23,50,10,255,41,opq_refit_fixedC,0.01,0.6446318668794164,dinov2,0,
50,23,50,10,255,41,opq_refit_cvC,0.03,0.6451447458399817,dinov2,0,False
50,23,50,10,255,41,probe_refit_fixedC,0.01,0.47127877820834285,dinov2,0,
50,23,50,10,255,41,probe_refit_cvC,0.3,0.46877136995669016,dinov2,0,False
50,23,50,10,255,41,cb_offset_cvC,0.001,0.6204695691816731,dinov2,0,False
50,23,50,10,255,41,opq_offset_cvC,0.03,0.6553453385001139,dinov2,0,False
50,24,51,8,254,43,cb_zero,,0.6581064697453984,dinov2,0,
50,24,51,8,254,43,opq_zero,,0.6026672544913481,dinov2,0,
50,24,51,8,254,43,cb_refit_fixedC,0.3,0.6057533340681142,dinov2,0,
50,24,51,8,254,43,cb_refit_cvC,1.0,0.5989198721481318,dinov2,0,False
50,24,51,8,254,43,opq_refit_fixedC,0.01,0.558415077703075,dinov2,0,
50,24,51,8,254,43,opq_refit_cvC,0.001,0.5819464344759175,dinov2,0,False
50,24,51,8,254,43,probe_refit_fixedC,0.01,0.45122892097431944,dinov2,0,
50,24,51,8,254,43,probe_refit_cvC,0.001,0.46059737683235974,dinov2,0,False
50,24,51,8,254,43,cb_offset_cvC,3.0,0.6004629119365149,dinov2,0,False
50,24,51,8,254,43,opq_offset_cvC,0.01,0.6106028876887468,dinov2,0,False
50,25,50,11,255,40,cb_zero,,0.6169767441860464,dinov2,0,
50,25,50,11,255,40,opq_zero,,0.5904651162790698,dinov2,0,
50,25,50,11,255,40,cb_refit_fixedC,0.3,0.6077906976744186,dinov2,0,
50,25,50,11,255,40,cb_refit_cvC,0.1,0.6105813953488372,dinov2,0,False
50,25,50,11,255,40,opq_refit_fixedC,0.01,0.5563953488372093,dinov2,0,
50,25,50,11,255,40,opq_refit_cvC,10.0,0.5540697674418604,dinov2,0,False
50,25,50,11,255,40,probe_refit_fixedC,0.01,0.49290697674418604,dinov2,0,
50,25,50,11,255,40,probe_refit_cvC,0.001,0.46011627906976743,dinov2,0,False
50,25,50,11,255,40,cb_offset_cvC,0.001,0.6170930232558138,dinov2,0,False
50,25,50,11,255,40,opq_offset_cvC,0.003,0.6019767441860465,dinov2,0,False
50,26,50,12,255,39,cb_zero,,0.6304605887939221,dinov2,0,
50,26,50,12,255,39,opq_zero,,0.5797720797720798,dinov2,0,
50,26,50,12,255,39,cb_refit_fixedC,0.3,0.5597103513770181,dinov2,0,
50,26,50,12,255,39,cb_refit_cvC,10.0,0.5448717948717949,dinov2,0,False
50,26,50,12,255,39,opq_refit_fixedC,0.01,0.5852920227920227,dinov2,0,
50,26,50,12,255,39,opq_refit_cvC,0.3,0.5882003798670465,dinov2,0,False
50,26,50,12,255,39,probe_refit_fixedC,0.01,0.45322886989553657,dinov2,0,
50,26,50,12,255,39,probe_refit_cvC,0.001,0.43008072174738843,dinov2,0,False
50,26,50,12,255,39,cb_offset_cvC,10.0,0.5398860398860399,dinov2,0,False
50,26,50,12,255,39,opq_offset_cvC,0.1,0.6098053181386515,dinov2,0,False
50,27,50,6,255,45,cb_zero,,0.6404232804232806,dinov2,0,
50,27,50,6,255,45,opq_zero,,0.5877248677248677,dinov2,0,
50,27,50,6,255,45,cb_refit_fixedC,0.3,0.6529100529100529,dinov2,0,
50,27,50,6,255,45,cb_refit_cvC,10.0,0.6084656084656085,dinov2,0,False
50,27,50,6,255,45,opq_refit_fixedC,0.01,0.5747619047619048,dinov2,0,
50,27,50,6,255,45,opq_refit_cvC,0.3,0.5733333333333333,dinov2,0,False
50,27,50,6,255,45,probe_refit_fixedC,0.01,0.5351322751322751,dinov2,0,
50,27,50,6,255,45,probe_refit_cvC,0.001,0.5216931216931218,dinov2,0,False
50,27,50,6,255,45,cb_offset_cvC,10.0,0.6154497354497355,dinov2,0,False
50,27,50,6,255,45,opq_offset_cvC,1.0,0.5757671957671957,dinov2,0,False
50,28,51,8,254,43,cb_zero,,0.6161137440758293,dinov2,0,
50,28,51,8,254,43,opq_zero,,0.569491899041111,dinov2,0,
50,28,51,8,254,43,cb_refit_fixedC,0.3,0.6152320070538961,dinov2,0,
50,28,51,8,254,43,cb_refit_cvC,0.1,0.6167750468422792,dinov2,0,False
50,28,51,8,254,43,opq_refit_fixedC,0.01,0.6071310481648848,dinov2,0,
50,28,51,8,254,43,opq_refit_cvC,0.1,0.6037143172048937,dinov2,0,False
50,28,51,8,254,43,probe_refit_fixedC,0.01,0.5804033946875344,dinov2,0,
50,28,51,8,254,43,probe_refit_cvC,3.0,0.566956905103053,dinov2,0,False
50,28,51,8,254,43,cb_offset_cvC,3.0,0.6079576766229471,dinov2,0,False
50,28,51,8,254,43,opq_offset_cvC,0.03,0.6054226826848892,dinov2,0,False
50,29,50,8,255,43,cb_zero,,0.6293330408073716,dinov2,0,
50,29,50,8,255,43,opq_zero,,0.5877577885037296,dinov2,0,
50,29,50,8,255,43,cb_refit_fixedC,0.3,0.6672882843352348,dinov2,0,
50,29,50,8,255,43,cb_refit_cvC,10.0,0.5827117156647652,dinov2,0,False
50,29,50,8,255,43,opq_refit_fixedC,0.01,0.6534664326458973,dinov2,0,
50,29,50,8,255,43,opq_refit_cvC,0.01,0.6534664326458973,dinov2,0,False
50,29,50,8,255,43,probe_refit_fixedC,0.01,0.4931987713909609,dinov2,0,
50,29,50,8,255,43,probe_refit_cvC,1.0,0.4869460289600702,dinov2,0,False
50,29,50,8,255,43,cb_offset_cvC,10.0,0.5819438350153576,dinov2,0,False
50,29,50,8,255,43,opq_offset_cvC,0.003,0.6427161035541904,dinov2,0,False
100,0,100,17,205,34,cb_zero,,0.6394908840729274,dinov2,0,
100,0,100,17,205,34,opq_zero,,0.565703474372205,dinov2,0,
100,0,100,17,205,34,cb_refit_fixedC,0.3,0.5663914688682491,dinov2,0,
100,0,100,17,205,34,cb_refit_cvC,0.003,0.5564155486756106,dinov2,0,False
100,0,100,17,205,34,opq_refit_fixedC,0.01,0.607155142758858,dinov2,0,
100,0,100,17,205,34,opq_refit_cvC,1.0,0.6238390092879257,dinov2,0,False
100,0,100,17,205,34,probe_refit_fixedC,0.01,0.5514275885792914,dinov2,0,
100,0,100,17,205,34,probe_refit_cvC,0.003,0.5581355349157207,dinov2,0,False
100,0,100,17,205,34,cb_offset_cvC,0.001,0.6391468868249054,dinov2,0,False
100,0,100,17,205,34,opq_offset_cvC,1.0,0.630374957000344,dinov2,0,False
100,1,100,15,205,36,cb_zero,,0.6494082840236686,dinov2,0,
100,1,100,15,205,36,opq_zero,,0.606508875739645,dinov2,0,
100,1,100,15,205,36,cb_refit_fixedC,0.3,0.6551610782380014,dinov2,0,
100,1,100,15,205,36,cb_refit_cvC,0.001,0.6729125575279422,dinov2,0,False
100,1,100,15,205,36,opq_refit_fixedC,0.01,0.533284023668639,dinov2,0,
100,1,100,15,205,36,opq_refit_cvC,0.3,0.543310322156476,dinov2,0,False
100,1,100,15,205,36,probe_refit_fixedC,0.01,0.49243918474687703,dinov2,0,
100,1,100,15,205,36,probe_refit_cvC,0.1,0.4873438527284682,dinov2,0,False
100,1,100,15,205,36,cb_offset_cvC,0.001,0.6497370151216305,dinov2,0,False
100,1,100,15,205,36,opq_offset_cvC,0.1,0.5443786982248521,dinov2,0,False
100,2,100,13,205,38,cb_zero,,0.6397730854081312,dinov2,0,
100,2,100,13,205,38,opq_zero,,0.5743775606681374,dinov2,0,
100,2,100,13,205,38,cb_refit_fixedC,0.3,0.6946107784431137,dinov2,0,
100,2,100,13,205,38,cb_refit_cvC,0.001,0.679798298140561,dinov2,0,False
100,2,100,13,205,38,opq_refit_fixedC,0.01,0.6243302867948315,dinov2,0,
100,2,100,13,205,38,opq_refit_cvC,3.0,0.6113299716356759,dinov2,0,False
100,2,100,13,205,38,probe_refit_fixedC,0.01,0.5271036873621179,dinov2,0,
100,2,100,13,205,38,probe_refit_cvC,10.0,0.4858178380081941,dinov2,0,False
100,2,100,13,205,38,cb_offset_cvC,0.003,0.6400882445635045,dinov2,0,False
100,2,100,13,205,38,opq_offset_cvC,0.001,0.5723290261582099,dinov2,0,False
100,3,101,20,204,31,cb_zero,,0.620175275032631,dinov2,0,
100,3,101,20,204,31,opq_zero,,0.5791534588849525,dinov2,0,
100,3,101,20,204,31,cb_refit_fixedC,0.3,0.6017154577661757,dinov2,0,
100,3,101,20,204,31,cb_refit_cvC,0.001,0.6255826962520976,dinov2,0,False
100,3,101,20,204,31,opq_refit_fixedC,0.01,0.5877307477158307,dinov2,0,
100,3,101,20,204,31,opq_refit_cvC,0.3,0.5873578221144882,dinov2,0,False
100,3,101,20,204,31,probe_refit_fixedC,0.01,0.5524892783889613,dinov2,0,
100,3,101,20,204,31,probe_refit_cvC,0.001,0.5629311952265523,dinov2,0,False
100,3,101,20,204,31,cb_offset_cvC,0.003,0.6199888122319598,dinov2,0,False
100,3,101,20,204,31,opq_offset_cvC,0.001,0.5849338057057618,dinov2,0,False
100,4,100,16,205,35,cb_zero,,0.6645378151260505,dinov2,0,
100,4,100,16,205,35,opq_zero,,0.6090756302521009,dinov2,0,
100,4,100,16,205,35,cb_refit_fixedC,0.3,0.6233613445378152,dinov2,0,
100,4,100,16,205,35,cb_refit_cvC,10.0,0.5509243697478992,dinov2,0,False
100,4,100,16,205,35,opq_refit_fixedC,0.01,0.6109243697478992,dinov2,0,
100,4,100,16,205,35,opq_refit_cvC,0.3,0.6042016806722689,dinov2,0,False
100,4,100,16,205,35,probe_refit_fixedC,0.01,0.5428571428571428,dinov2,0,
100,4,100,16,205,35,probe_refit_cvC,10.0,0.5707563025210084,dinov2,0,False
100,4,100,16,205,35,cb_offset_cvC,10.0,0.5509243697478992,dinov2,0,False
100,4,100,16,205,35,opq_offset_cvC,0.3,0.6000000000000001,dinov2,0,False
100,5,101,18,204,33,cb_zero,,0.6429204323941167,dinov2,0,
100,5,101,18,204,33,opq_zero,,0.5777068934963673,dinov2,0,
100,5,101,18,204,33,cb_refit_fixedC,0.3,0.7256778309409888,dinov2,0,
100,5,101,18,204,33,cb_refit_cvC,0.01,0.710260499734184,dinov2,0,False
100,5,101,18,204,33,opq_refit_fixedC,0.01,0.6289207868155237,dinov2,0,
100,5,101,18,204,33,opq_refit_cvC,10.0,0.5733652312599681,dinov2,0,False
100,5,101,18,204,33,probe_refit_fixedC,0.01,0.5018607123870281,dinov2,0,
100,5,101,18,204,33,probe_refit_cvC,3.0,0.4988481304270778,dinov2,0,False
100,5,101,18,204,33,cb_offset_cvC,0.003,0.6423888002835372,dinov2,0,False
100,5,101,18,204,33,opq_offset_cvC,0.001,0.5991493886230728,dinov2,0,False
100,6,101,18,204,33,cb_zero,,0.5849725323409534,dinov2,0,
100,6,101,18,204,33,opq_zero,,0.5415559099769627,dinov2,0,
100,6,101,18,204,33,cb_refit_fixedC,0.3,0.6143895091263512,dinov2,0,
100,6,101,18,204,33,cb_refit_cvC,3.0,0.6145667198298777,dinov2,0,False
100,6,101,18,204,33,opq_refit_fixedC,0.01,0.5742512847776006,dinov2,0,
100,6,101,18,204,33,opq_refit_cvC,0.01,0.5742512847776006,dinov2,0,False
100,6,101,18,204,33,probe_refit_fixedC,0.01,0.5057593478646111,dinov2,0,
100,6,101,18,204,33,probe_refit_cvC,0.003,0.5298600035442141,dinov2,0,False
100,6,101,18,204,33,cb_offset_cvC,10.0,0.6046429204323942,dinov2,0,False
100,6,101,18,204,33,opq_offset_cvC,0.03,0.5739854687223108,dinov2,0,False
100,7,100,15,205,36,cb_zero,,0.5904010519395135,dinov2,0,
100,7,100,15,205,36,opq_zero,,0.5448717948717949,dinov2,0,
100,7,100,15,205,36,cb_refit_fixedC,0.3,0.6160420775805392,dinov2,0,
100,7,100,15,205,36,cb_refit_cvC,1.0,0.628862590401052,dinov2,0,False
100,7,100,15,205,36,opq_refit_fixedC,0.01,0.574293228139382,dinov2,0,
100,7,100,15,205,36,opq_refit_cvC,0.1,0.5578566732412886,dinov2,0,False
100,7,100,15,205,36,probe_refit_fixedC,0.01,0.5060815253122946,dinov2,0,
100,7,100,15,205,36,probe_refit_cvC,0.003,0.5034516765285997,dinov2,0,False
100,7,100,15,205,36,cb_offset_cvC,0.3,0.6027284681130836,dinov2,0,False
100,7,100,15,205,36,opq_offset_cvC,0.1,0.5650887573964497,dinov2,0,False
100,8,101,18,204,33,cb_zero,,0.5821371610845295,dinov2,0,
100,8,101,18,204,33,opq_zero,,0.5546695020379231,dinov2,0,
100,8,101,18,204,33,cb_refit_fixedC,0.3,0.635123161438951,dinov2,0,
100,8,101,18,204,33,cb_refit_cvC,0.03,0.6381357433989013,dinov2,0,False
100,8,101,18,204,33,opq_refit_fixedC,0.01,0.5716817295764663,dinov2,0,
100,8,101,18,204,33,opq_refit_cvC,0.01,0.5716817295764663,dinov2,0,False
100,8,101,18,204,33,probe_refit_fixedC,0.01,0.534821903242956,dinov2,0,
100,8,101,18,204,33,probe_refit_cvC,0.001,0.518341307814992,dinov2,0,False
100,8,101,18,204,33,cb_offset_cvC,1.0,0.6090731880205564,dinov2,0,False
100,8,101,18,204,33,opq_offset_cvC,0.03,0.5839092681197945,dinov2,0,False
100,9,100,20,205,31,cb_zero,,0.5730441230997405,dinov2,0,
100,9,100,20,205,31,opq_zero,,0.5409714497589915,dinov2,0,
100,9,100,20,205,31,cb_refit_fixedC,0.3,0.6028921023359288,dinov2,0,
100,9,100,20,205,31,cb_refit_cvC,1.0,0.6019651464590285,dinov2,0,False
100,9,100,20,205,31,opq_refit_fixedC,0.01,0.585928809788654,dinov2,0,
100,9,100,20,205,31,opq_refit_cvC,0.01,0.585928809788654,dinov2,0,False
100,9,100,20,205,31,probe_refit_fixedC,0.01,0.514089729328884,dinov2,0,
100,9,100,20,205,31,probe_refit_cvC,0.03,0.5042639970337411,dinov2,0,False
100,9,100,20,205,31,cb_offset_cvC,1.0,0.5993696700037079,dinov2,0,False
100,9,100,20,205,31,opq_offset_cvC,0.01,0.5761957730812013,dinov2,0,False
100,10,101,14,204,37,cb_zero,,0.5932998867130603,dinov2,0,
100,10,101,14,204,37,opq_zero,,0.5465285644926363,dinov2,0,
100,10,101,14,204,37,cb_refit_fixedC,0.3,0.6170901440362518,dinov2,0,
100,10,101,14,204,37,cb_refit_cvC,0.001,0.615471759184334,dinov2,0,False
100,10,101,14,204,37,opq_refit_fixedC,0.01,0.5768732804660949,dinov2,0,
100,10,101,14,204,37,opq_refit_cvC,0.003,0.5597184010357663,dinov2,0,False
100,10,101,14,204,37,probe_refit_fixedC,0.01,0.5565625505745265,dinov2,0,
100,10,101,14,204,37,probe_refit_cvC,3.0,0.5311539083994175,dinov2,0,False
100,10,101,14,204,37,cb_offset_cvC,0.001,0.5939472406538274,dinov2,0,False
100,10,101,14,204,37,opq_offset_cvC,0.003,0.5549441657226087,dinov2,0,False
100,11,100,12,205,39,cb_zero,,0.6399443929564412,dinov2,0,
100,11,100,12,205,39,opq_zero,,0.5894346617238183,dinov2,0,
100,11,100,12,205,39,cb_refit_fixedC,0.3,0.7259808464627742,dinov2,0,
100,11,100,12,205,39,cb_refit_cvC,0.3,0.7259808464627742,dinov2,0,False
100,11,100,12,205,39,opq_refit_fixedC,0.01,0.5817114612295334,dinov2,0,
100,11,100,12,205,39,opq_refit_cvC,1.0,0.6195551436515292,dinov2,0,False
100,11,100,12,205,39,probe_refit_fixedC,0.01,0.4660179178251468,dinov2,0,
100,11,100,12,205,39,probe_refit_cvC,10.0,0.45613222119246216,dinov2,0,False
100,11,100,12,205,39,cb_offset_cvC,0.003,0.6399443929564411,dinov2,0,False
100,11,100,12,205,39,opq_offset_cvC,0.1,0.5959221501390176,dinov2,0,False
100,12,101,14,204,37,cb_zero,,0.6593299886713061,dinov2,0,
100,12,101,14,204,37,opq_zero,,0.6195177213141285,dinov2,0,
100,12,101,14,204,37,cb_refit_fixedC,0.3,0.5968603333872795,dinov2,0,
100,12,101,14,204,37,cb_refit_cvC,10.0,0.5361709014403625,dinov2,0,False
100,12,101,14,204,37,opq_refit_fixedC,0.01,0.5708043372714031,dinov2,0,
100,12,101,14,204,37,opq_refit_cvC,0.001,0.5669202136268005,dinov2,0,False
100,12,101,14,204,37,probe_refit_fixedC,0.01,0.4549279818740896,dinov2,0,
100,12,101,14,204,37,probe_refit_cvC,0.001,0.45072018125910346,dinov2,0,False
100,12,101,14,204,37,cb_offset_cvC,10.0,0.541673409936883,dinov2,0,False
100,12,101,14,204,37,opq_offset_cvC,0.03,0.5937854021686356,dinov2,0,False
100,13,100,17,205,34,cb_zero,,0.6560027519779842,dinov2,0,
100,13,100,17,205,34,opq_zero,,0.6001031991744066,dinov2,0,
100,13,100,17,205,34,cb_refit_fixedC,0.3,0.7275541795665634,dinov2,0,
100,13,100,17,205,34,cb_refit_cvC,0.003,0.7038183694530443,dinov2,0,False
100,13,100,17,205,34,opq_refit_fixedC,0.01,0.6756965944272446,dinov2,0,
100,13,100,17,205,34,opq_refit_cvC,10.0,0.6979704162366701,dinov2,0,False
100,13,100,17,205,34,probe_refit_fixedC,0.01,0.44341245270037843,dinov2,0,
100,13,100,17,205,34,probe_refit_cvC,10.0,0.41486068111455104,dinov2,0,False
100,13,100,17,205,34,cb_offset_cvC,0.001,0.6560027519779842,dinov2,0,False
100,13,100,17,205,34,opq_offset_cvC,0.003,0.6609907120743034,dinov2,0,False
100,14,101,19,204,32,cb_zero,,0.6188226744186046,dinov2,0,
100,14,101,19,204,32,opq_zero,,0.5472383720930232,dinov2,0,
100,14,101,19,204,32,cb_refit_fixedC,0.3,0.7122093023255813,dinov2,0,
100,14,101,19,204,32,cb_refit_cvC,0.1,0.7014898255813953,dinov2,0,False
100,14,101,19,204,32,opq_refit_fixedC,0.01,0.6388081395348837,dinov2,0,
100,14,101,19,204,32,opq_refit_cvC,0.003,0.6300872093023255,dinov2,0,False
100,14,101,19,204,32,probe_refit_fixedC,0.01,0.5321584302325582,dinov2,0,
100,14,101,19,204,32,probe_refit_cvC,0.003,0.5501453488372092,dinov2,0,False
100,14,101,19,204,32,cb_offset_cvC,0.001,0.6190043604651163,dinov2,0,False
100,14,101,19,204,32,opq_offset_cvC,0.001,0.5948401162790697,dinov2,0,False
100,15,100,16,205,35,cb_zero,,0.5976470588235294,dinov2,0,
100,15,100,16,205,35,opq_zero,,0.5756302521008403,dinov2,0,
100,15,100,16,205,35,cb_refit_fixedC,0.3,0.6438655462184875,dinov2,0,
100,15,100,16,205,35,cb_refit_cvC,10.0,0.5771428571428572,dinov2,0,False
100,15,100,16,205,35,opq_refit_fixedC,0.01,0.5539495798319327,dinov2,0,
100,15,100,16,205,35,opq_refit_cvC,0.03,0.5475630252100839,dinov2,0,False
100,15,100,16,205,35,probe_refit_fixedC,0.01,0.5352941176470588,dinov2,0,
100,15,100,16,205,35,probe_refit_cvC,0.001,0.5363025210084034,dinov2,0,False
100,15,100,16,205,35,cb_offset_cvC,10.0,0.578655462184874,dinov2,0,False
100,15,100,16,205,35,opq_offset_cvC,0.03,0.565546218487395,dinov2,0,False
100,16,100,18,205,33,cb_zero,,0.5766384778012684,dinov2,0,
100,16,100,18,205,33,opq_zero,,0.5451021846370684,dinov2,0,
100,16,100,18,205,33,cb_refit_fixedC,0.3,0.6152219873150105,dinov2,0,
100,16,100,18,205,33,cb_refit_cvC,0.3,0.6152219873150105,dinov2,0,False
100,16,100,18,205,33,opq_refit_fixedC,0.01,0.5540873854827344,dinov2,0,
100,16,100,18,205,33,opq_refit_cvC,0.01,0.5540873854827344,dinov2,0,False
100,16,100,18,205,33,probe_refit_fixedC,0.01,0.5033474277660325,dinov2,0,
100,16,100,18,205,33,probe_refit_cvC,10.0,0.5089852008456659,dinov2,0,False
100,16,100,18,205,33,cb_offset_cvC,0.3,0.5991895701198027,dinov2,0,False
100,16,100,18,205,33,opq_offset_cvC,0.03,0.5572586328400282,dinov2,0,False
100,17,100,19,205,32,cb_zero,,0.658778901734104,dinov2,0,
100,17,100,19,205,32,opq_zero,,0.6007947976878613,dinov2,0,
100,17,100,19,205,32,cb_refit_fixedC,0.3,0.7142341040462429,dinov2,0,
100,17,100,19,205,32,cb_refit_cvC,0.003,0.6994219653179191,dinov2,0,False
100,17,100,19,205,32,opq_refit_fixedC,0.01,0.6590498554913294,dinov2,0,
100,17,100,19,205,32,opq_refit_cvC,1.0,0.6784682080924855,dinov2,0,False
100,17,100,19,205,32,probe_refit_fixedC,0.01,0.6062138728323699,dinov2,0,
100,17,100,19,205,32,probe_refit_cvC,0.001,0.6119942196531791,dinov2,0,False
100,17,100,19,205,32,cb_offset_cvC,0.003,0.6585982658959537,dinov2,0,False
100,17,100,19,205,32,opq_offset_cvC,0.01,0.6744942196531792,dinov2,0,False
100,18,100,16,205,35,cb_zero,,0.6341176470588235,dinov2,0,
100,18,100,16,205,35,opq_zero,,0.5443697478991596,dinov2,0,
100,18,100,16,205,35,cb_refit_fixedC,0.3,0.6810084033613445,dinov2,0,
100,18,100,16,205,35,cb_refit_cvC,0.001,0.6847058823529412,dinov2,0,False
100,18,100,16,205,35,opq_refit_fixedC,0.01,0.6096638655462184,dinov2,0,
100,18,100,16,205,35,opq_refit_cvC,0.1,0.6374789915966386,dinov2,0,False
100,18,100,16,205,35,probe_refit_fixedC,0.01,0.48403361344537815,dinov2,0,
100,18,100,16,205,35,probe_refit_cvC,3.0,0.4821848739495799,dinov2,0,False
100,18,100,16,205,35,cb_offset_cvC,0.1,0.6378151260504201,dinov2,0,False
100,18,100,16,205,35,opq_offset_cvC,0.1,0.6431932773109243,dinov2,0,False
100,19,100,16,205,35,cb_zero,,0.6423529411764706,dinov2,0,
100,19,100,16,205,35,opq_zero,,0.5643697478991596,dinov2,0,
100,19,100,16,205,35,cb_refit_fixedC,0.3,0.570420168067227,dinov2,0,
100,19,100,16,205,35,cb_refit_cvC,0.3,0.570420168067227,dinov2,0,False
100,19,100,16,205,35,opq_refit_fixedC,0.01,0.572436974789916,dinov2,0,
100,19,100,16,205,35,opq_refit_cvC,0.001,0.5791596638655462,dinov2,0,False
100,19,100,16,205,35,probe_refit_fixedC,0.01,0.45378151260504196,dinov2,0,
100,19,100,16,205,35,probe_refit_cvC,10.0,0.4744537815126051,dinov2,0,False
100,19,100,16,205,35,cb_offset_cvC,3.0,0.5823529411764705,dinov2,0,False
100,19,100,16,205,35,opq_offset_cvC,0.001,0.5845378151260504,dinov2,0,False
100,20,101,17,204,34,cb_zero,,0.6167820069204152,dinov2,0,
100,20,101,17,204,34,opq_zero,,0.5449826989619377,dinov2,0,
100,20,101,17,204,34,cb_refit_fixedC,0.3,0.6600346020761246,dinov2,0,
100,20,101,17,204,34,cb_refit_cvC,0.001,0.6425605536332181,dinov2,0,False
100,20,101,17,204,34,opq_refit_fixedC,0.01,0.6277681660899653,dinov2,0,
100,20,101,17,204,34,opq_refit_cvC,0.3,0.633477508650519,dinov2,0,False
100,20,101,17,204,34,probe_refit_fixedC,0.01,0.5544982698961938,dinov2,0,
100,20,101,17,204,34,probe_refit_cvC,0.001,0.5494809688581316,dinov2,0,False
100,20,101,17,204,34,cb_offset_cvC,0.001,0.6164359861591695,dinov2,0,False
100,20,101,17,204,34,opq_offset_cvC,0.1,0.6399653979238753,dinov2,0,False
100,21,100,17,205,34,cb_zero,,0.6437908496732025,dinov2,0,
100,21,100,17,205,34,opq_zero,,0.5947712418300654,dinov2,0,
100,21,100,17,205,34,cb_refit_fixedC,0.3,0.6044031647746819,dinov2,0,
100,21,100,17,205,34,cb_refit_cvC,3.0,0.5419676642586859,dinov2,0,False
100,21,100,17,205,34,opq_refit_fixedC,0.01,0.6091331269349844,dinov2,0,
100,21,100,17,205,34,opq_refit_cvC,0.03,0.6044891640866873,dinov2,0,False
100,21,100,17,205,34,probe_refit_fixedC,0.01,0.5882352941176471,dinov2,0,
100,21,100,17,205,34,probe_refit_cvC,0.01,0.5882352941176471,dinov2,0,False
100,21,100,17,205,34,cb_offset_cvC,10.0,0.5197798417612659,dinov2,0,False
100,21,100,17,205,34,opq_offset_cvC,0.03,0.6312349501203991,dinov2,0,False
100,22,100,10,205,41,cb_zero,,0.6673111243307555,dinov2,0,
100,22,100,10,205,41,opq_zero,,0.6122843545508626,dinov2,0,
100,22,100,10,205,41,cb_refit_fixedC,0.3,0.4776918500892326,dinov2,0,
100,22,100,10,205,41,cb_refit_cvC,0.001,0.5236466389054135,dinov2,0,False
100,22,100,10,205,41,opq_refit_fixedC,0.01,0.5744348602022605,dinov2,0,
100,22,100,10,205,41,opq_refit_cvC,0.3,0.5742861392028554,dinov2,0,False
100,22,100,10,205,41,probe_refit_fixedC,0.01,0.5029744199881023,dinov2,0,
100,22,100,10,205,41,probe_refit_cvC,0.01,0.5029744199881023,dinov2,0,False
100,22,100,10,205,41,cb_offset_cvC,0.001,0.6670136823319452,dinov2,0,False
100,22,100,10,205,41,opq_offset_cvC,0.003,0.6158536585365855,dinov2,0,False
100,23,100,18,205,33,cb_zero,,0.6809372797744891,dinov2,0,
100,23,100,18,205,33,opq_zero,,0.6247357293868921,dinov2,0,
100,23,100,18,205,33,cb_refit_fixedC,0.3,0.6895701198026779,dinov2,0,
100,23,100,18,205,33,cb_refit_cvC,10.0,0.6169837914023961,dinov2,0,False
100,23,100,18,205,33,opq_refit_fixedC,0.01,0.5577871740662438,dinov2,0,
100,23,100,18,205,33,opq_refit_cvC,0.001,0.5274841437632136,dinov2,0,False
100,23,100,18,205,33,probe_refit_fixedC,0.01,0.5445736434108527,dinov2,0,
100,23,100,18,205,33,probe_refit_cvC,0.001,0.5704721634954193,dinov2,0,False
100,23,100,18,205,33,cb_offset_cvC,0.001,0.6804087385482736,dinov2,0,False
100,23,100,18,205,33,opq_offset_cvC,0.003,0.6737138830162086,dinov2,0,False
100,24,101,16,204,35,cb_zero,,0.6130177514792899,dinov2,0,
100,24,101,16,204,35,opq_zero,,0.5420118343195266,dinov2,0,
100,24,101,16,204,35,cb_refit_fixedC,0.3,0.6777683854606932,dinov2,0,
100,24,101,16,204,35,cb_refit_cvC,0.3,0.6777683854606932,dinov2,0,False
100,24,101,16,204,35,opq_refit_fixedC,0.01,0.5790363482671175,dinov2,0,
100,24,101,16,204,35,opq_refit_cvC,1.0,0.543702451394759,dinov2,0,False
100,24,101,16,204,35,probe_refit_fixedC,0.01,0.4904480135249366,dinov2,0,
100,24,101,16,204,35,probe_refit_cvC,0.001,0.4777683854606931,dinov2,0,False
100,24,101,16,204,35,cb_offset_cvC,0.01,0.6143702451394759,dinov2,0,False
100,24,101,16,204,35,opq_offset_cvC,0.003,0.5881656804733728,dinov2,0,False
100,25,100,26,205,25,cb_zero,,0.588,dinov2,0,
100,25,100,26,205,25,opq_zero,,0.5828888888888889,dinov2,0,
100,25,100,26,205,25,cb_refit_fixedC,0.3,0.6577777777777779,dinov2,0,
100,25,100,26,205,25,cb_refit_cvC,0.003,0.6455555555555555,dinov2,0,False
100,25,100,26,205,25,opq_refit_fixedC,0.01,0.6157777777777778,dinov2,0,
100,25,100,26,205,25,opq_refit_cvC,10.0,0.5925555555555555,dinov2,0,False
100,25,100,26,205,25,probe_refit_fixedC,0.01,0.5022222222222222,dinov2,0,
100,25,100,26,205,25,probe_refit_cvC,10.0,0.5122222222222222,dinov2,0,False
100,25,100,26,205,25,cb_offset_cvC,0.001,0.588,dinov2,0,False
100,25,100,26,205,25,opq_offset_cvC,10.0,0.5957777777777777,dinov2,0,False
100,26,101,22,204,29,cb_zero,,0.6327093596059112,dinov2,0,
100,26,101,22,204,29,opq_zero,,0.5503448275862068,dinov2,0,
100,26,101,22,204,29,cb_refit_fixedC,0.3,0.6658128078817734,dinov2,0,
100,26,101,22,204,29,cb_refit_cvC,0.3,0.6658128078817734,dinov2,0,False
100,26,101,22,204,29,opq_refit_fixedC,0.01,0.6500492610837438,dinov2,0,
100,26,101,22,204,29,opq_refit_cvC,0.01,0.6500492610837438,dinov2,0,False
100,26,101,22,204,29,probe_refit_fixedC,0.01,0.46167487684729064,dinov2,0,
100,26,101,22,204,29,probe_refit_cvC,10.0,0.4782266009852217,dinov2,0,False
100,26,101,22,204,29,cb_offset_cvC,0.003,0.6329064039408867,dinov2,0,False
100,26,101,22,204,29,opq_offset_cvC,0.001,0.54935960591133,dinov2,0,False
100,27,100,23,205,28,cb_zero,,0.6807909604519775,dinov2,0,
100,27,100,23,205,28,opq_zero,,0.6180387409200969,dinov2,0,
100,27,100,23,205,28,cb_refit_fixedC,0.3,0.6949152542372881,dinov2,0,
100,27,100,23,205,28,cb_refit_cvC,0.3,0.6949152542372881,dinov2,0,False
100,27,100,23,205,28,opq_refit_fixedC,0.01,0.6005851493139629,dinov2,0,
100,27,100,23,205,28,opq_refit_cvC,0.1,0.606638418079096,dinov2,0,False
100,27,100,23,205,28,probe_refit_fixedC,0.01,0.4929378531073446,dinov2,0,
100,27,100,23,205,28,probe_refit_cvC,3.0,0.45883777239709445,dinov2,0,False
100,27,100,23,205,28,cb_offset_cvC,1.0,0.6733252623083131,dinov2,0,False
100,27,100,23,205,28,opq_offset_cvC,0.03,0.6351896690879743,dinov2,0,False
100,28,100,16,205,35,cb_zero,,0.6396638655462185,dinov2,0,
100,28,100,16,205,35,opq_zero,,0.6058823529411764,dinov2,0,
100,28,100,16,205,35,cb_refit_fixedC,0.3,0.6615126050420168,dinov2,0,
100,28,100,16,205,35,cb_refit_cvC,0.1,0.6697478991596639,dinov2,0,False
100,28,100,16,205,35,opq_refit_fixedC,0.01,0.6263865546218487,dinov2,0,
100,28,100,16,205,35,opq_refit_cvC,0.3,0.6043697478991596,dinov2,0,False
100,28,100,16,205,35,probe_refit_fixedC,0.01,0.5134453781512605,dinov2,0,
100,28,100,16,205,35,probe_refit_cvC,10.0,0.49109243697479,dinov2,0,False
100,28,100,16,205,35,cb_offset_cvC,0.3,0.644873949579832,dinov2,0,False
100,28,100,16,205,35,opq_offset_cvC,0.1,0.6322689075630252,dinov2,0,False
100,29,100,20,205,31,cb_zero,,0.603633667037449,dinov2,0,
100,29,100,20,205,31,opq_zero,,0.5472747497219133,dinov2,0,
100,29,100,20,205,31,cb_refit_fixedC,0.3,0.6383018168335187,dinov2,0,
100,29,100,20,205,31,cb_refit_cvC,0.03,0.6208750463477939,dinov2,0,False
100,29,100,20,205,31,opq_refit_fixedC,0.01,0.6412680756395996,dinov2,0,
100,29,100,20,205,31,opq_refit_cvC,3.0,0.6038190582128291,dinov2,0,False
100,29,100,20,205,31,probe_refit_fixedC,0.01,0.5220615498702261,dinov2,0,
100,29,100,20,205,31,probe_refit_cvC,0.1,0.5202076381164256,dinov2,0,False
100,29,100,20,205,31,cb_offset_cvC,0.001,0.603819058212829,dinov2,0,False
100,29,100,20,205,31,opq_offset_cvC,0.003,0.5993696700037078,dinov2,0,False
10,0,10,2,295,49,cb_zero,,0.6264310602289695,dinov2,1,
10,0,10,2,295,49,opq_zero,,0.6062717770034843,dinov2,1,
10,0,10,2,295,49,cb_refit_fixedC,0.3,0.4489795918367347,dinov2,1,
10,0,10,2,295,49,cb_refit_cvC,3.0,0.43636966981914715,dinov2,1,False
10,0,10,2,295,49,opq_refit_fixedC,0.01,0.493114318898291,dinov2,1,
10,0,10,2,295,49,opq_refit_cvC,10.0,0.4783474365355898,dinov2,1,False
10,0,10,2,295,49,probe_refit_fixedC,0.01,0.5248880039820807,dinov2,1,
10,0,10,2,295,49,probe_refit_cvC,0.001,0.5358387257341961,dinov2,1,False
10,0,10,2,295,49,cb_offset_cvC,10.0,0.5047287207565954,dinov2,1,False
10,0,10,2,295,49,opq_offset_cvC,1.0,0.4862286377965821,dinov2,1,False
10,1,10,3,295,48,cb_zero,,0.5985155195681511,dinov2,1,
10,1,10,3,295,48,opq_zero,,0.5826585695006748,dinov2,1,
10,1,10,3,295,48,cb_refit_fixedC,0.3,0.6277834008097166,dinov2,1,
10,1,10,3,295,48,cb_refit_cvC,0.001,0.6342780026990553,dinov2,1,False
10,1,10,3,295,48,opq_refit_fixedC,0.01,0.5457574224021593,dinov2,1,
10,1,10,3,295,48,opq_refit_cvC,0.01,0.5457574224021593,dinov2,1,False
10,1,10,3,295,48,probe_refit_fixedC,0.01,0.5600539811066126,dinov2,1,
10,1,10,3,295,48,probe_refit_cvC,1.0,0.5623313090418354,dinov2,1,False
10,1,10,3,295,48,cb_offset_cvC,0.001,0.5985155195681511,dinov2,1,False
10,1,10,3,295,48,opq_offset_cvC,0.001,0.5506072874493927,dinov2,1,False
10,2,10,1,295,50,cb_zero,,0.6184489795918368,dinov2,1,
10,2,10,1,295,50,opq_zero,,0.6073469387755103,dinov2,1,
10,2,10,1,295,50,cb_refit_fixedC,0.3,0.42375510204081634,dinov2,1,
10,2,10,1,295,50,cb_refit_cvC,0.3,0.42375510204081634,dinov2,1,True
10,2,10,1,295,50,opq_refit_fixedC,0.01,0.42526530612244895,dinov2,1,
10,2,10,1,295,50,opq_refit_cvC,0.01,0.42526530612244895,dinov2,1,True
10,2,10,1,295,50,probe_refit_fixedC,0.01,0.5853877551020408,dinov2,1,
10,2,10,1,295,50,probe_refit_cvC,0.01,0.5853877551020408,dinov2,1,True
10,2,10,1,295,50,cb_offset_cvC,0.001,0.6182857142857143,dinov2,1,True
10,2,10,1,295,50,opq_offset_cvC,0.001,0.5373877551020408,dinov2,1,True
10,3,10,1,295,50,cb_zero,,0.6089795918367348,dinov2,1,
10,3,10,1,295,50,opq_zero,,0.5928979591836735,dinov2,1,
10,3,10,1,295,50,cb_refit_fixedC,0.3,0.5074285714285713,dinov2,1,
10,3,10,1,295,50,cb_refit_cvC,0.3,0.5074285714285713,dinov2,1,True
10,3,10,1,295,50,opq_refit_fixedC,0.01,0.5234285714285714,dinov2,1,
10,3,10,1,295,50,opq_refit_cvC,0.01,0.5234285714285714,dinov2,1,True
10,3,10,1,295,50,probe_refit_fixedC,0.01,0.52,dinov2,1,
10,3,10,1,295,50,probe_refit_cvC,0.01,0.52,dinov2,1,True
10,3,10,1,295,50,cb_offset_cvC,0.001,0.6088979591836735,dinov2,1,True
10,3,10,1,295,50,opq_offset_cvC,0.001,0.6075102040816326,dinov2,1,True
10,4,10,1,295,50,cb_zero,,0.6033469387755102,dinov2,1,
10,4,10,1,295,50,opq_zero,,0.5875102040816327,dinov2,1,
10,4,10,1,295,50,cb_refit_fixedC,0.3,0.6622857142857144,dinov2,1,
10,4,10,1,295,50,cb_refit_cvC,0.3,0.6622857142857144,dinov2,1,True
10,4,10,1,295,50,opq_refit_fixedC,0.01,0.5219591836734694,dinov2,1,
10,4,10,1,295,50,opq_refit_cvC,0.01,0.5219591836734694,dinov2,1,True
10,4,10,1,295,50,probe_refit_fixedC,0.01,0.49689795918367347,dinov2,1,
10,4,10,1,295,50,probe_refit_cvC,0.01,0.49689795918367347,dinov2,1,True
10,4,10,1,295,50,cb_offset_cvC,0.001,0.603265306122449,dinov2,1,True
10,4,10,1,295,50,opq_offset_cvC,0.001,0.5773061224489796,dinov2,1,True
10,5,10,1,295,50,cb_zero,,0.6253061224489797,dinov2,1,
10,5,10,1,295,50,opq_zero,,0.6048163265306123,dinov2,1,
10,5,10,1,295,50,cb_refit_fixedC,0.3,0.34424489795918367,dinov2,1,
10,5,10,1,295,50,cb_refit_cvC,0.3,0.34424489795918367,dinov2,1,True
10,5,10,1,295,50,opq_refit_fixedC,0.01,0.42963265306122456,dinov2,1,
10,5,10,1,295,50,opq_refit_cvC,0.01,0.42963265306122456,dinov2,1,True
10,5,10,1,295,50,probe_refit_fixedC,0.01,0.5680816326530611,dinov2,1,
10,5,10,1,295,50,probe_refit_cvC,0.01,0.5680816326530611,dinov2,1,True
10,5,10,1,295,50,cb_offset_cvC,0.001,0.6251428571428571,dinov2,1,True
10,5,10,1,295,50,opq_offset_cvC,0.001,0.5423673469387755,dinov2,1,True
10,6,10,1,295,50,cb_zero,,0.6213061224489796,dinov2,1,
10,6,10,1,295,50,opq_zero,,0.6106122448979593,dinov2,1,
10,6,10,1,295,50,cb_refit_fixedC,0.3,0.3957551020408163,dinov2,1,
10,6,10,1,295,50,cb_refit_cvC,0.3,0.3957551020408163,dinov2,1,True
10,6,10,1,295,50,opq_refit_fixedC,0.01,0.525795918367347,dinov2,1,
10,6,10,1,295,50,opq_refit_cvC,0.01,0.525795918367347,dinov2,1,True
10,6,10,1,295,50,probe_refit_fixedC,0.01,0.48073469387755097,dinov2,1,
10,6,10,1,295,50,probe_refit_cvC,0.01,0.48073469387755097,dinov2,1,True
10,6,10,1,295,50,cb_offset_cvC,0.001,0.6213877551020409,dinov2,1,True
10,6,10,1,295,50,opq_offset_cvC,0.001,0.6050612244897959,dinov2,1,True
10,7,10,2,295,49,cb_zero,,0.5998838559814168,dinov2,1,
10,7,10,2,295,49,opq_zero,,0.5868591338974615,dinov2,1,
10,7,10,2,295,49,cb_refit_fixedC,0.3,0.6515679442508711,dinov2,1,
10,7,10,2,295,49,cb_refit_cvC,10.0,0.6611083457773352,dinov2,1,False
10,7,10,2,295,49,opq_refit_fixedC,0.01,0.546706487473038,dinov2,1,
10,7,10,2,295,49,opq_refit_cvC,0.001,0.5350920856147336,dinov2,1,False
10,7,10,2,295,49,probe_refit_fixedC,0.01,0.47793263646922174,dinov2,1,
10,7,10,2,295,49,probe_refit_cvC,10.0,0.48174879707980756,dinov2,1,False
10,7,10,2,295,49,cb_offset_cvC,1.0,0.6134892981582878,dinov2,1,False
10,7,10,2,295,49,opq_offset_cvC,0.001,0.5750788120126099,dinov2,1,False
10,8,10,1,295,50,cb_zero,,0.6076734693877551,dinov2,1,
10,8,10,1,295,50,opq_zero,,0.5896326530612245,dinov2,1,
10,8,10,1,295,50,cb_refit_fixedC,0.3,0.5677551020408163,dinov2,1,
10,8,10,1,295,50,cb_refit_cvC,0.3,0.5677551020408163,dinov2,1,True
10,8,10,1,295,50,opq_refit_fixedC,0.01,0.5470204081632654,dinov2,1,
10,8,10,1,295,50,opq_refit_cvC,0.01,0.5470204081632654,dinov2,1,True
10,8,10,1,295,50,probe_refit_fixedC,0.01,0.4474285714285714,dinov2,1,
10,8,10,1,295,50,probe_refit_cvC,0.01,0.4474285714285714,dinov2,1,True
10,8,10,1,295,50,cb_offset_cvC,0.001,0.6076734693877551,dinov2,1,True
10,8,10,1,295,50,opq_offset_cvC,0.001,0.5649795918367347,dinov2,1,True
10,9,10,3,295,48,cb_zero,,0.6128542510121457,dinov2,1,
10,9,10,3,295,48,opq_zero,,0.6028171390013495,dinov2,1,
10,9,10,3,295,48,cb_refit_fixedC,0.3,0.5665485829959515,dinov2,1,
10,9,10,3,295,48,cb_refit_cvC,10.0,0.5564271255060729,dinov2,1,False
10,9,10,3,295,48,opq_refit_fixedC,0.01,0.5681089743589743,dinov2,1,
10,9,10,3,295,48,opq_refit_cvC,0.003,0.5566379892037786,dinov2,1,False
10,9,10,3,295,48,probe_refit_fixedC,0.01,0.4850708502024292,dinov2,1,
10,9,10,3,295,48,probe_refit_cvC,0.001,0.4951923076923077,dinov2,1,False
10,9,10,3,295,48,cb_offset_cvC,10.0,0.5716093117408908,dinov2,1,False
10,9,10,3,295,48,opq_offset_cvC,0.03,0.5668859649122807,dinov2,1,False
10,10,10,2,295,49,cb_zero,,0.6182180189148831,dinov2,1,
10,10,10,2,295,49,opq_zero,,0.5993860959017753,dinov2,1,
10,10,10,2,295,49,cb_refit_fixedC,0.3,0.5123610419777667,dinov2,1,
10,10,10,2,295,49,cb_refit_cvC,0.001,0.5119462419113987,dinov2,1,False
10,10,10,2,295,49,opq_refit_fixedC,0.01,0.587979094076655,dinov2,1,
10,10,10,2,295,49,opq_refit_cvC,0.001,0.5902190144350423,dinov2,1,False
10,10,10,2,295,49,probe_refit_fixedC,0.01,0.4917039986726398,dinov2,1,
10,10,10,2,295,49,probe_refit_cvC,0.001,0.48432055749128916,dinov2,1,False
10,10,10,2,295,49,cb_offset_cvC,10.0,0.5703500912560147,dinov2,1,False
10,10,10,2,295,49,opq_offset_cvC,0.1,0.6021237763398042,dinov2,1,False
10,11,10,2,295,49,cb_zero,,0.5996349759415962,dinov2,1,
10,11,10,2,295,49,opq_zero,,0.5963995354239257,dinov2,1,
10,11,10,2,295,49,cb_refit_fixedC,0.3,0.6308279409324705,dinov2,1,
10,11,10,2,295,49,cb_refit_cvC,10.0,0.6216193794591006,dinov2,1,False
10,11,10,2,295,49,opq_refit_fixedC,0.01,0.5539240086278414,dinov2,1,
10,11,10,2,295,49,opq_refit_cvC,0.001,0.5591504894640783,dinov2,1,False
10,11,10,2,295,49,probe_refit_fixedC,0.01,0.5379127260660361,dinov2,1,
10,11,10,2,295,49,probe_refit_cvC,0.001,0.5281234444997511,dinov2,1,False
10,11,10,2,295,49,cb_offset_cvC,0.001,0.5996349759415962,dinov2,1,False
10,11,10,2,295,49,opq_offset_cvC,0.001,0.6207897793263646,dinov2,1,False
10,12,10,1,295,50,cb_zero,,0.6140408163265305,dinov2,1,
10,12,10,1,295,50,opq_zero,,0.6034285714285714,dinov2,1,
10,12,10,1,295,50,cb_refit_fixedC,0.3,0.6433469387755102,dinov2,1,
10,12,10,1,295,50,cb_refit_cvC,0.3,0.6433469387755102,dinov2,1,True
10,12,10,1,295,50,opq_refit_fixedC,0.01,0.594530612244898,dinov2,1,
10,12,10,1,295,50,opq_refit_cvC,0.01,0.594530612244898,dinov2,1,True
10,12,10,1,295,50,probe_refit_fixedC,0.01,0.5368163265306123,dinov2,1,
10,12,10,1,295,50,probe_refit_cvC,0.01,0.5368163265306123,dinov2,1,True
10,12,10,1,295,50,cb_offset_cvC,0.001,0.614204081632653,dinov2,1,True
10,12,10,1,295,50,opq_offset_cvC,0.001,0.5988571428571429,dinov2,1,True
10,13,10,2,295,49,cb_zero,,0.6251866600298656,dinov2,1,
10,13,10,2,295,49,opq_zero,,0.6066865770698523,dinov2,1,
10,13,10,2,295,49,cb_refit_fixedC,0.3,0.413472706155633,dinov2,1,
10,13,10,2,295,49,cb_refit_cvC,0.001,0.4146341463414634,dinov2,1,False
10,13,10,2,295,49,opq_refit_fixedC,0.01,0.5361705657872905,dinov2,1,
10,13,10,2,295,49,opq_refit_cvC,10.0,0.5535921685747469,dinov2,1,False
10,13,10,2,295,49,probe_refit_fixedC,0.01,0.5194956031192965,dinov2,1,
10,13,10,2,295,49,probe_refit_cvC,0.001,0.5132736021237763,dinov2,1,False
10,13,10,2,295,49,cb_offset_cvC,0.001,0.6251866600298657,dinov2,1,False
10,13,10,2,295,49,opq_offset_cvC,0.03,0.5582379293180687,dinov2,1,False
10,14,10,1,295,50,cb_zero,,0.6131428571428571,dinov2,1,
10,14,10,1,295,50,opq_zero,,0.6008163265306122,dinov2,1,
10,14,10,1,295,50,cb_refit_fixedC,0.3,0.4871020408163266,dinov2,1,
10,14,10,1,295,50,cb_refit_cvC,0.3,0.4871020408163266,dinov2,1,True
10,14,10,1,295,50,opq_refit_fixedC,0.01,0.5178775510204082,dinov2,1,
10,14,10,1,295,50,opq_refit_cvC,0.01,0.5178775510204082,dinov2,1,True
10,14,10,1,295,50,probe_refit_fixedC,0.01,0.5041632653061224,dinov2,1,
10,14,10,1,295,50,probe_refit_cvC,0.01,0.5041632653061224,dinov2,1,True
10,14,10,1,295,50,cb_offset_cvC,0.001,0.6133061224489795,dinov2,1,True
10,14,10,1,295,50,opq_offset_cvC,0.001,0.5746938775510203,dinov2,1,True
10,15,10,2,295,49,cb_zero,,0.6124937779990045,dinov2,1,
10,15,10,2,295,49,opq_zero,,0.5971461755433881,dinov2,1,
10,15,10,2,295,49,cb_refit_fixedC,0.3,0.531690725070516,dinov2,1,
10,15,10,2,295,49,cb_refit_cvC,0.001,0.5270449643271942,dinov2,1,False
10,15,10,2,295,49,opq_refit_fixedC,0.01,0.4984237597478015,dinov2,1,
10,15,10,2,295,49,opq_refit_cvC,0.001,0.4767711962833914,dinov2,1,False
10,15,10,2,295,49,probe_refit_fixedC,0.01,0.525219844035175,dinov2,1,
10,15,10,2,295,49,probe_refit_cvC,0.1,0.5229799236767877,dinov2,1,False
10,15,10,2,295,49,cb_offset_cvC,0.001,0.6124937779990045,dinov2,1,False
10,15,10,2,295,49,opq_offset_cvC,0.003,0.5243072838891654,dinov2,1,False
10,16,10,2,295,49,cb_zero,,0.6122448979591837,dinov2,1,
10,16,10,2,295,49,opq_zero,,0.5980587356893977,dinov2,1,
10,16,10,2,295,49,cb_refit_fixedC,0.3,0.45271279243404683,dinov2,1,
10,16,10,2,295,49,cb_refit_cvC,10.0,0.47834743653558986,dinov2,1,False
10,16,10,2,295,49,opq_refit_fixedC,0.01,0.49045959847353576,dinov2,1,
10,16,10,2,295,49,opq_refit_cvC,0.001,0.49684751949560313,dinov2,1,False
10,16,10,2,295,49,probe_refit_fixedC,0.01,0.519163763066202,dinov2,1,
10,16,10,2,295,49,probe_refit_cvC,0.001,0.5194956031192964,dinov2,1,False
10,16,10,2,295,49,cb_offset_cvC,10.0,0.4865604778496765,dinov2,1,False
10,16,10,2,295,49,opq_offset_cvC,0.001,0.5489464078314252,dinov2,1,False
10,17,10,2,295,49,cb_zero,,0.5978098556495769,dinov2,1,
10,17,10,2,295,49,opq_zero,,0.584453293512527,dinov2,1,
10,17,10,2,295,49,cb_refit_fixedC,0.3,0.6072672971627676,dinov2,1,
10,17,10,2,295,49,cb_refit_cvC,0.001,0.5964824954371992,dinov2,1,False
10,17,10,2,295,49,opq_refit_fixedC,0.01,0.5859880537580886,dinov2,1,
10,17,10,2,295,49,opq_refit_cvC,0.001,0.5846606935457109,dinov2,1,False
10,17,10,2,295,49,probe_refit_fixedC,0.01,0.5436369669819147,dinov2,1,
10,17,10,2,295,49,probe_refit_cvC,0.001,0.5388252862120458,dinov2,1,False
10,17,10,2,295,49,cb_offset_cvC,1.0,0.626348100215696,dinov2,1,False
10,17,10,2,295,49,opq_offset_cvC,0.001,0.6038659366185498,dinov2,1,False
10,18,10,3,295,48,cb_zero,,0.6030701754385965,dinov2,1,
10,18,10,3,295,48,opq_zero,,0.5889844804318488,dinov2,1,
10,18,10,3,295,48,cb_refit_fixedC,0.3,0.602142375168691,dinov2,1,
10,18,10,3,295,48,cb_refit_cvC,0.001,0.6004554655870444,dinov2,1,False
10,18,10,3,295,48,opq_refit_fixedC,0.01,0.545968286099865,dinov2,1,
10,18,10,3,295,48,opq_refit_cvC,0.001,0.5526315789473684,dinov2,1,False
10,18,10,3,295,48,probe_refit_fixedC,0.01,0.4939271255060729,dinov2,1,
10,18,10,3,295,48,probe_refit_cvC,0.01,0.4939271255060729,dinov2,1,False
10,18,10,3,295,48,cb_offset_cvC,0.001,0.6031545209176788,dinov2,1,False
10,18,10,3,295,48,opq_offset_cvC,0.001,0.5753205128205128,dinov2,1,False
10,19,10,1,295,50,cb_zero,,0.6186938775510205,dinov2,1,
10,19,10,1,295,50,opq_zero,,0.6068571428571429,dinov2,1,
10,19,10,1,295,50,cb_refit_fixedC,0.3,0.43844897959183676,dinov2,1,
10,19,10,1,295,50,cb_refit_cvC,0.3,0.43844897959183676,dinov2,1,True
10,19,10,1,295,50,opq_refit_fixedC,0.01,0.49387755102040815,dinov2,1,
10,19,10,1,295,50,opq_refit_cvC,0.01,0.49387755102040815,dinov2,1,True
10,19,10,1,295,50,probe_refit_fixedC,0.01,0.48800000000000004,dinov2,1,
10,19,10,1,295,50,probe_refit_cvC,0.01,0.48800000000000004,dinov2,1,True
10,19,10,1,295,50,cb_offset_cvC,0.001,0.618938775510204,dinov2,1,True
10,19,10,1,295,50,opq_offset_cvC,0.001,0.5062857142857143,dinov2,1,True
10,20,10,3,295,48,cb_zero,,0.6138663967611335,dinov2,1,
10,20,10,3,295,48,opq_zero,,0.5934547908232118,dinov2,1,
10,20,10,3,295,48,cb_refit_fixedC,0.3,0.5236167341430499,dinov2,1,
10,20,10,3,295,48,cb_refit_cvC,3.0,0.4810222672064777,dinov2,1,False
10,20,10,3,295,48,opq_refit_fixedC,0.01,0.5241228070175439,dinov2,1,
10,20,10,3,295,48,opq_refit_cvC,0.001,0.5454622132253711,dinov2,1,False
10,20,10,3,295,48,probe_refit_fixedC,0.01,0.48785425101214575,dinov2,1,
10,20,10,3,295,48,probe_refit_cvC,0.001,0.47891363022941963,dinov2,1,False
10,20,10,3,295,48,cb_offset_cvC,3.0,0.5421727395411606,dinov2,1,False
10,20,10,3,295,48,opq_offset_cvC,0.001,0.6034919028340081,dinov2,1,False
10,21,10,3,295,48,cb_zero,,0.6071187584345479,dinov2,1,
10,21,10,3,295,48,opq_zero,,0.5975877192982455,dinov2,1,
10,21,10,3,295,48,cb_refit_fixedC,0.3,0.6116734143049932,dinov2,1,
10,21,10,3,295,48,cb_refit_cvC,0.003,0.6095647773279352,dinov2,1,False
10,21,10,3,295,48,opq_refit_fixedC,0.01,0.569078947368421,dinov2,1,
10,21,10,3,295,48,opq_refit_cvC,0.001,0.5683198380566802,dinov2,1,False
10,21,10,3,295,48,probe_refit_fixedC,0.01,0.49713225371120107,dinov2,1,
10,21,10,3,295,48,probe_refit_cvC,0.1,0.4968792172739541,dinov2,1,False
10,21,10,3,295,48,cb_offset_cvC,0.001,0.6071187584345479,dinov2,1,False
10,21,10,3,295,48,opq_offset_cvC,0.3,0.578525641025641,dinov2,1,False
10,22,10,1,295,50,cb_zero,,0.620734693877551,dinov2,1,
10,22,10,1,295,50,opq_zero,,0.6117551020408164,dinov2,1,
10,22,10,1,295,50,cb_refit_fixedC,0.3,0.37469387755102046,dinov2,1,
10,22,10,1,295,50,cb_refit_cvC,0.3,0.37469387755102046,dinov2,1,True
10,22,10,1,295,50,opq_refit_fixedC,0.01,0.525795918367347,dinov2,1,
10,22,10,1,295,50,opq_refit_cvC,0.01,0.525795918367347,dinov2,1,True
10,22,10,1,295,50,probe_refit_fixedC,0.01,0.4524897959183674,dinov2,1,
10,22,10,1,295,50,probe_refit_cvC,0.01,0.4524897959183674,dinov2,1,True
10,22,10,1,295,50,cb_offset_cvC,0.001,0.620734693877551,dinov2,1,True
10,22,10,1,295,50,opq_offset_cvC,0.001,0.5939591836734693,dinov2,1,True
10,23,10,3,295,48,cb_zero,,0.5976720647773279,dinov2,1,
10,23,10,3,295,48,opq_zero,,0.5930330634278003,dinov2,1,
10,23,10,3,295,48,cb_refit_fixedC,0.3,0.636555330634278,dinov2,1,
10,23,10,3,295,48,cb_refit_cvC,0.001,0.6363866396761133,dinov2,1,False
10,23,10,3,295,48,opq_refit_fixedC,0.01,0.5870023616734144,dinov2,1,
10,23,10,3,295,48,opq_refit_cvC,0.03,0.5922317813765182,dinov2,1,False
10,23,10,3,295,48,probe_refit_fixedC,0.01,0.5314608636977057,dinov2,1,
10,23,10,3,295,48,probe_refit_cvC,0.3,0.5426788124156546,dinov2,1,False
10,23,10,3,295,48,cb_offset_cvC,10.0,0.6250843454790824,dinov2,1,False
10,23,10,3,295,48,opq_offset_cvC,0.001,0.5782726045883941,dinov2,1,False
10,24,10,3,295,48,cb_zero,,0.5959851551956815,dinov2,1,
10,24,10,3,295,48,opq_zero,,0.5896592442645074,dinov2,1,
10,24,10,3,295,48,cb_refit_fixedC,0.3,0.622891363022942,dinov2,1,
10,24,10,3,295,48,cb_refit_cvC,0.001,0.6224696356275304,dinov2,1,False
10,24,10,3,295,48,opq_refit_fixedC,0.01,0.5932017543859649,dinov2,1,
10,24,10,3,295,48,opq_refit_cvC,0.001,0.5840080971659919,dinov2,1,False
10,24,10,3,295,48,probe_refit_fixedC,0.01,0.48996288798920384,dinov2,1,
10,24,10,3,295,48,probe_refit_cvC,0.001,0.4870107962213225,dinov2,1,False
10,24,10,3,295,48,cb_offset_cvC,1.0,0.5973346828609987,dinov2,1,False
10,24,10,3,295,48,opq_offset_cvC,0.001,0.630229419703104,dinov2,1,False
10,25,11,2,294,49,cb_zero,,0.6152436484798001,dinov2,1,
10,25,11,2,294,49,opq_zero,,0.5981674302374012,dinov2,1,
10,25,11,2,294,49,cb_refit_fixedC,0.3,0.6408163265306123,dinov2,1,
10,25,11,2,294,49,cb_refit_cvC,0.1,0.6394835485214493,dinov2,1,False
10,25,11,2,294,49,opq_refit_fixedC,0.01,0.5286130778842149,dinov2,1,
10,25,11,2,294,49,opq_refit_cvC,0.001,0.500249895876718,dinov2,1,False
10,25,11,2,294,49,probe_refit_fixedC,0.01,0.4952936276551437,dinov2,1,
10,25,11,2,294,49,probe_refit_cvC,10.0,0.48638067471886715,dinov2,1,False
10,25,11,2,294,49,cb_offset_cvC,0.001,0.6151603498542274,dinov2,1,False
10,25,11,2,294,49,opq_offset_cvC,0.03,0.5444398167430238,dinov2,1,False
10,26,10,2,295,49,cb_zero,,0.6014600962336154,dinov2,1,
10,26,10,2,295,49,opq_zero,,0.5876057740169238,dinov2,1,
10,26,10,2,295,49,cb_refit_fixedC,0.3,0.6587025053924008,dinov2,1,
10,26,10,2,295,49,cb_refit_cvC,0.001,0.6536419445827111,dinov2,1,False
10,26,10,2,295,49,opq_refit_fixedC,0.01,0.5639206902273105,dinov2,1,
10,26,10,2,295,49,opq_refit_cvC,0.03,0.5645014103202256,dinov2,1,False
10,26,10,2,295,49,probe_refit_fixedC,0.01,0.46855815496930475,dinov2,1,
10,26,10,2,295,49,probe_refit_cvC,0.01,0.46855815496930475,dinov2,1,False
10,26,10,2,295,49,cb_offset_cvC,0.001,0.6015430562468889,dinov2,1,False
10,26,10,2,295,49,opq_offset_cvC,0.001,0.5555832088933135,dinov2,1,False
10,27,10,1,295,50,cb_zero,,0.6113469387755102,dinov2,1,
10,27,10,1,295,50,opq_zero,,0.5959183673469388,dinov2,1,
10,27,10,1,295,50,cb_refit_fixedC,0.3,0.4856326530612245,dinov2,1,
10,27,10,1,295,50,cb_refit_cvC,0.3,0.4856326530612245,dinov2,1,True
10,27,10,1,295,50,opq_refit_fixedC,0.01,0.5271020408163265,dinov2,1,
10,27,10,1,295,50,opq_refit_cvC,0.01,0.5271020408163265,dinov2,1,True
10,27,10,1,295,50,probe_refit_fixedC,0.01,0.5355102040816327,dinov2,1,
10,27,10,1,295,50,probe_refit_cvC,0.01,0.5355102040816327,dinov2,1,True
10,27,10,1,295,50,cb_offset_cvC,0.001,0.6114285714285714,dinov2,1,True
10,27,10,1,295,50,opq_offset_cvC,0.001,0.5907755102040816,dinov2,1,True
10,28,10,2,295,49,cb_zero,,0.5965654554504729,dinov2,1,
10,28,10,2,295,49,opq_zero,,0.591753774680604,dinov2,1,
10,28,10,2,295,49,cb_refit_fixedC,0.3,0.5905923344947734,dinov2,1,
10,28,10,2,295,49,cb_refit_cvC,0.1,0.5881035340965655,dinov2,1,False
10,28,10,2,295,49,opq_refit_fixedC,0.01,0.5588601294176208,dinov2,1,
10,28,10,2,295,49,opq_refit_cvC,0.001,0.5547121287539405,dinov2,1,False
10,28,10,2,295,49,probe_refit_fixedC,0.01,0.48606271777003485,dinov2,1,
10,28,10,2,295,49,probe_refit_cvC,0.001,0.48846855815496937,dinov2,1,False
10,28,10,2,295,49,cb_offset_cvC,0.001,0.5966484154637465,dinov2,1,False
10,28,10,2,295,49,opq_offset_cvC,0.03,0.5797245727559317,dinov2,1,False
10,29,10,2,295,49,cb_zero,,0.6070184171229468,dinov2,1,
10,29,10,2,295,49,opq_zero,,0.6047784967645594,dinov2,1,
10,29,10,2,295,49,cb_refit_fixedC,0.3,0.7031690725070516,dinov2,1,
10,29,10,2,295,49,cb_refit_cvC,3.0,0.7066533930645429,dinov2,1,False
10,29,10,2,295,49,opq_refit_fixedC,0.01,0.47552679608428733,dinov2,1,
10,29,10,2,295,49,opq_refit_cvC,0.003,0.48378131740501074,dinov2,1,False
10,29,10,2,295,49,probe_refit_fixedC,0.01,0.505226480836237,dinov2,1,
10,29,10,2,295,49,probe_refit_cvC,0.001,0.4996681599469056,dinov2,1,False
10,29,10,2,295,49,cb_offset_cvC,0.3,0.6163928986228637,dinov2,1,False
10,29,10,2,295,49,opq_offset_cvC,0.1,0.49137215861954536,dinov2,1,False
25,0,25,5,280,46,cb_zero,,0.6067447045707915,dinov2,1,
25,0,25,5,280,46,opq_zero,,0.5992196209587515,dinov2,1,
25,0,25,5,280,46,cb_refit_fixedC,0.3,0.6175213675213674,dinov2,1,
25,0,25,5,280,46,cb_refit_cvC,10.0,0.6395392047565961,dinov2,1,False
25,0,25,5,280,46,opq_refit_fixedC,0.01,0.5456150130063174,dinov2,1,
25,0,25,5,280,46,opq_refit_cvC,0.001,0.5538833147528799,dinov2,1,False
25,0,25,5,280,46,probe_refit_fixedC,0.01,0.5248978075065033,dinov2,1,
25,0,25,5,280,46,probe_refit_cvC,10.0,0.5593645484949833,dinov2,1,False
25,0,25,5,280,46,cb_offset_cvC,10.0,0.637123745819398,dinov2,1,False
25,0,25,5,280,46,opq_offset_cvC,0.001,0.5975473801560758,dinov2,1,False
25,1,25,4,280,47,cb_zero,,0.6175691717651356,dinov2,1,
25,1,25,4,280,47,opq_zero,,0.6072504794082733,dinov2,1,
25,1,25,4,280,47,cb_refit_fixedC,0.3,0.4994064468998265,dinov2,1,
25,1,25,4,280,47,cb_refit_cvC,0.001,0.4616929960734179,dinov2,1,False
25,1,25,4,280,47,opq_refit_fixedC,0.01,0.5791251940462059,dinov2,1,
25,1,25,4,280,47,opq_refit_cvC,3.0,0.5858369098712446,dinov2,1,False
25,1,25,4,280,47,probe_refit_fixedC,0.01,0.5004109213770432,dinov2,1,
25,1,25,4,280,47,probe_refit_cvC,3.0,0.4935622317596566,dinov2,1,False
25,1,25,4,280,47,cb_offset_cvC,0.03,0.6158341703953977,dinov2,1,False
25,1,25,4,280,47,opq_offset_cvC,0.001,0.6423157702492923,dinov2,1,False
25,2,25,7,280,44,cb_zero,,0.6018875192604006,dinov2,1,
25,2,25,7,280,44,opq_zero,,0.5895608628659477,dinov2,1,
25,2,25,7,280,44,cb_refit_fixedC,0.3,0.6729583975346687,dinov2,1,
25,2,25,7,280,44,cb_refit_cvC,0.3,0.6729583975346687,dinov2,1,False
25,2,25,7,280,44,opq_refit_fixedC,0.01,0.5500770416024653,dinov2,1,
25,2,25,7,280,44,opq_refit_cvC,0.01,0.5500770416024653,dinov2,1,False
25,2,25,7,280,44,probe_refit_fixedC,0.01,0.5208975346687211,dinov2,1,
25,2,25,7,280,44,probe_refit_cvC,0.001,0.49634052388289673,dinov2,1,False
25,2,25,7,280,44,cb_offset_cvC,0.001,0.601791217257319,dinov2,1,False
25,2,25,7,280,44,opq_offset_cvC,0.001,0.5705893682588599,dinov2,1,False
25,3,25,2,280,49,cb_zero,,0.5935153282092058,dinov2,1,
25,3,25,2,280,49,opq_zero,,0.5944871455075537,dinov2,1,
25,3,25,2,280,49,cb_refit_fixedC,0.3,0.6355685131195336,dinov2,1,
25,3,25,2,280,49,cb_refit_cvC,0.001,0.6263804222987895,dinov2,1,False
25,3,25,2,280,49,opq_refit_fixedC,0.01,0.5542892481667993,dinov2,1,
25,3,25,2,280,49,opq_refit_cvC,1.0,0.5297287746267337,dinov2,1,False
25,3,25,2,280,49,probe_refit_fixedC,0.01,0.4973054156727626,dinov2,1,
25,3,25,2,280,49,probe_refit_cvC,0.001,0.49103277674706247,dinov2,1,False
25,3,25,2,280,49,cb_offset_cvC,1.0,0.62116794769856,dinov2,1,False
25,3,25,2,280,49,opq_offset_cvC,10.0,0.5224843184026857,dinov2,1,False
25,4,25,4,280,47,cb_zero,,0.610720482147749,dinov2,1,
25,4,25,4,280,47,opq_zero,,0.5907223084649803,dinov2,1,
25,4,25,4,280,47,cb_refit_fixedC,0.3,0.6291662861839101,dinov2,1,
25,4,25,4,280,47,cb_refit_cvC,10.0,0.6884302803396949,dinov2,1,False
25,4,25,4,280,47,opq_refit_fixedC,0.01,0.5819559857547256,dinov2,1,
25,4,25,4,280,47,opq_refit_cvC,0.003,0.5754269016528171,dinov2,1,False
25,4,25,4,280,47,probe_refit_fixedC,0.01,0.5185827778285088,dinov2,1,
25,4,25,4,280,47,probe_refit_cvC,0.3,0.5167564605972057,dinov2,1,False
25,4,25,4,280,47,cb_offset_cvC,0.001,0.610720482147749,dinov2,1,False
25,4,25,4,280,47,opq_offset_cvC,0.003,0.5957446808510638,dinov2,1,False
25,5,26,4,279,47,cb_zero,,0.6126192223037417,dinov2,1,
25,5,26,4,279,47,opq_zero,,0.6000550256786501,dinov2,1,
25,5,26,4,279,47,cb_refit_fixedC,0.3,0.6401320616287599,dinov2,1,
25,5,26,4,279,47,cb_refit_cvC,10.0,0.615553925165077,dinov2,1,False
25,5,26,4,279,47,opq_refit_fixedC,0.01,0.625,dinov2,1,
25,5,26,4,279,47,opq_refit_cvC,0.003,0.6050990462215701,dinov2,1,False
25,5,26,4,279,47,probe_refit_fixedC,0.01,0.5036683785766691,dinov2,1,
25,5,26,4,279,47,probe_refit_cvC,0.001,0.5069699192956714,dinov2,1,False
25,5,26,4,279,47,cb_offset_cvC,0.01,0.6126192223037417,dinov2,1,False
25,5,26,4,279,47,opq_offset_cvC,0.003,0.6406823184152605,dinov2,1,False
25,6,25,3,280,48,cb_zero,,0.6142241379310345,dinov2,1,
25,6,25,3,280,48,opq_zero,,0.6017420977011494,dinov2,1,
25,6,25,3,280,48,cb_refit_fixedC,0.3,0.6907327586206897,dinov2,1,
25,6,25,3,280,48,cb_refit_cvC,1.0,0.694055316091954,dinov2,1,False
25,6,25,3,280,48,opq_refit_fixedC,0.01,0.574847341954023,dinov2,1,
25,6,25,3,280,48,opq_refit_cvC,0.001,0.577990301724138,dinov2,1,False
25,6,25,3,280,48,probe_refit_fixedC,0.01,0.5169719827586207,dinov2,1,
25,6,25,3,280,48,probe_refit_cvC,0.001,0.5135596264367817,dinov2,1,False
25,6,25,3,280,48,cb_offset_cvC,0.001,0.6141343390804598,dinov2,1,False
25,6,25,3,280,48,opq_offset_cvC,0.001,0.6063218390804598,dinov2,1,False
25,7,25,7,280,44,cb_zero,,0.6429121725731894,dinov2,1,
25,7,25,7,280,44,opq_zero,,0.6247110939907551,dinov2,1,
25,7,25,7,280,44,cb_refit_fixedC,0.3,0.5276386748844377,dinov2,1,
25,7,25,7,280,44,cb_refit_cvC,0.001,0.4753466872110939,dinov2,1,False
25,7,25,7,280,44,opq_refit_fixedC,0.01,0.5557588597842836,dinov2,1,
25,7,25,7,280,44,opq_refit_cvC,0.01,0.5557588597842836,dinov2,1,False
25,7,25,7,280,44,probe_refit_fixedC,0.01,0.4599383667180277,dinov2,1,
25,7,25,7,280,44,probe_refit_cvC,0.001,0.4680277349768875,dinov2,1,False
25,7,25,7,280,44,cb_offset_cvC,10.0,0.5918721109399075,dinov2,1,False
25,7,25,7,280,44,opq_offset_cvC,0.03,0.5650038520801233,dinov2,1,False
25,8,25,6,280,45,cb_zero,,0.6117257683215129,dinov2,1,
25,8,25,6,280,45,opq_zero,,0.5908274231678486,dinov2,1,
25,8,25,6,280,45,cb_refit_fixedC,0.3,0.6983451536643026,dinov2,1,
25,8,25,6,280,45,cb_refit_cvC,3.0,0.7008983451536643,dinov2,1,False
25,8,25,6,280,45,opq_refit_fixedC,0.01,0.532387706855792,dinov2,1,
25,8,25,6,280,45,opq_refit_cvC,10.0,0.48775413711583926,dinov2,1,False
25,8,25,6,280,45,probe_refit_fixedC,0.01,0.5010874704491726,dinov2,1,
25,8,25,6,280,45,probe_refit_cvC,0.1,0.4975886524822695,dinov2,1,False
25,8,25,6,280,45,cb_offset_cvC,10.0,0.6713947990543735,dinov2,1,False
25,8,25,6,280,45,opq_offset_cvC,0.01,0.5703073286052008,dinov2,1,False
25,9,25,4,280,47,cb_zero,,0.6134599579947035,dinov2,1,
25,9,25,4,280,47,opq_zero,,0.6135512738562688,dinov2,1,
25,9,25,4,280,47,cb_refit_fixedC,0.3,0.6075244269929687,dinov2,1,
25,9,25,4,280,47,cb_refit_cvC,10.0,0.6703497397497945,dinov2,1,False
25,9,25,4,280,47,opq_refit_fixedC,0.01,0.5263902839923295,dinov2,1,
25,9,25,4,280,47,opq_refit_cvC,0.03,0.5419596383891881,dinov2,1,False
25,9,25,4,280,47,probe_refit_fixedC,0.01,0.4937448634827869,dinov2,1,
25,9,25,4,280,47,probe_refit_cvC,0.001,0.5008675006848691,dinov2,1,False
25,9,25,4,280,47,cb_offset_cvC,10.0,0.6615834170395398,dinov2,1,False
25,9,25,4,280,47,opq_offset_cvC,0.1,0.5898091498493289,dinov2,1,False
25,10,25,2,280,49,cb_zero,,0.5964307801042495,dinov2,1,
25,10,25,2,280,49,opq_zero,,0.5796448449509675,dinov2,1,
25,10,25,2,280,49,cb_refit_fixedC,0.3,0.5760226168389434,dinov2,1,
25,10,25,2,280,49,cb_refit_cvC,0.001,0.6044703595724005,dinov2,1,False
25,10,25,2,280,49,opq_refit_fixedC,0.01,0.5388285184203552,dinov2,1,
25,10,25,2,280,49,opq_refit_cvC,0.001,0.5465147097800159,dinov2,1,False
25,10,25,2,280,49,probe_refit_fixedC,0.01,0.47619047619047616,dinov2,1,
25,10,25,2,280,49,probe_refit_cvC,0.001,0.4761904761904762,dinov2,1,False
25,10,25,2,280,49,cb_offset_cvC,0.001,0.596342433077127,dinov2,1,False
25,10,25,2,280,49,opq_offset_cvC,0.001,0.5908649173955297,dinov2,1,False
25,11,25,7,280,44,cb_zero,,0.610362095531587,dinov2,1,
25,11,25,7,280,44,opq_zero,,0.5911979969183359,dinov2,1,
25,11,25,7,280,44,cb_refit_fixedC,0.3,0.6137326656394453,dinov2,1,
25,11,25,7,280,44,cb_refit_cvC,10.0,0.6016949152542374,dinov2,1,False
25,11,25,7,280,44,opq_refit_fixedC,0.01,0.5468990755007704,dinov2,1,
25,11,25,7,280,44,opq_refit_cvC,0.001,0.5473805855161787,dinov2,1,False
25,11,25,7,280,44,probe_refit_fixedC,0.01,0.47852465331278893,dinov2,1,
25,11,25,7,280,44,probe_refit_cvC,1.0,0.46590909090909094,dinov2,1,False
25,11,25,7,280,44,cb_offset_cvC,0.001,0.6101694915254237,dinov2,1,False
25,11,25,7,280,44,opq_offset_cvC,0.001,0.6081471494607088,dinov2,1,False
25,12,25,5,280,46,cb_zero,,0.6255109624674842,dinov2,1,
25,12,25,5,280,46,opq_zero,,0.5864920104050538,dinov2,1,
25,12,25,5,280,46,cb_refit_fixedC,0.3,0.5163507989594945,dinov2,1,
25,12,25,5,280,46,cb_refit_cvC,10.0,0.6164065403195839,dinov2,1,False
25,12,25,5,280,46,opq_refit_fixedC,0.01,0.4320884429580082,dinov2,1,
25,12,25,5,280,46,opq_refit_cvC,1.0,0.43097361575622445,dinov2,1,False
25,12,25,5,280,46,probe_refit_fixedC,0.01,0.4821627647714605,dinov2,1,
25,12,25,5,280,46,probe_refit_cvC,10.0,0.47045707915273133,dinov2,1,False
25,12,25,5,280,46,cb_offset_cvC,0.001,0.6256038647342995,dinov2,1,False
25,12,25,5,280,46,opq_offset_cvC,0.003,0.4819769602378298,dinov2,1,False
25,13,25,2,280,49,cb_zero,,0.6192243131018641,dinov2,1,
25,13,25,2,280,49,opq_zero,,0.5937803692905734,dinov2,1,
25,13,25,2,280,49,cb_refit_fixedC,0.3,0.6761197985687781,dinov2,1,
25,13,25,2,280,49,cb_refit_cvC,10.0,0.6237300114851135,dinov2,1,False
25,13,25,2,280,49,opq_refit_fixedC,0.01,0.6178107606679035,dinov2,1,
25,13,25,2,280,49,opq_refit_cvC,0.3,0.5665694849368319,dinov2,1,False
25,13,25,2,280,49,probe_refit_fixedC,0.01,0.5135612686633095,dinov2,1,
25,13,25,2,280,49,probe_refit_cvC,0.3,0.5152398621786377,dinov2,1,False
25,13,25,2,280,49,cb_offset_cvC,0.001,0.6192243131018641,dinov2,1,False
25,13,25,2,280,49,opq_offset_cvC,0.001,0.6017316017316017,dinov2,1,False
25,14,25,6,280,45,cb_zero,,0.6196690307328605,dinov2,1,
25,14,25,6,280,45,opq_zero,,0.5988652482269503,dinov2,1,
25,14,25,6,280,45,cb_refit_fixedC,0.3,0.5939479905437353,dinov2,1,
25,14,25,6,280,45,cb_refit_cvC,0.01,0.5843971631205674,dinov2,1,False
25,14,25,6,280,45,opq_refit_fixedC,0.01,0.4795271867612293,dinov2,1,
25,14,25,6,280,45,opq_refit_cvC,0.3,0.4736643026004728,dinov2,1,False
25,14,25,6,280,45,probe_refit_fixedC,0.01,0.475839243498818,dinov2,1,
25,14,25,6,280,45,probe_refit_cvC,0.003,0.4851063829787234,dinov2,1,False
25,14,25,6,280,45,cb_offset_cvC,3.0,0.6135224586288416,dinov2,1,False
25,14,25,6,280,45,opq_offset_cvC,0.1,0.5259574468085106,dinov2,1,False
25,15,25,4,280,47,cb_zero,,0.6307186558305178,dinov2,1,
25,15,25,4,280,47,opq_zero,,0.6214957538124373,dinov2,1,
25,15,25,4,280,47,cb_refit_fixedC,0.3,0.5682586065199525,dinov2,1,
25,15,25,4,280,47,cb_refit_cvC,10.0,0.5648799196420419,dinov2,1,False
25,15,25,4,280,47,opq_refit_fixedC,0.01,0.5315952881015431,dinov2,1,
25,15,25,4,280,47,opq_refit_cvC,0.003,0.5271208108848506,dinov2,1,False
25,15,25,4,280,47,probe_refit_fixedC,0.01,0.47648616564697294,dinov2,1,
25,15,25,4,280,47,probe_refit_cvC,0.03,0.47703406081636385,dinov2,1,False
25,15,25,4,280,47,cb_offset_cvC,10.0,0.5770249292302073,dinov2,1,False
25,15,25,4,280,47,opq_offset_cvC,0.1,0.5969317870514108,dinov2,1,False
25,16,25,5,280,46,cb_zero,,0.6086027499070978,dinov2,1,
25,16,25,5,280,46,opq_zero,,0.5909513192121888,dinov2,1,
25,16,25,5,280,46,cb_refit_fixedC,0.3,0.6187290969899666,dinov2,1,
25,16,25,5,280,46,cb_refit_cvC,0.003,0.6057227796358231,dinov2,1,False
25,16,25,5,280,46,opq_refit_fixedC,0.01,0.6033073206986249,dinov2,1,
25,16,25,5,280,46,opq_refit_cvC,0.01,0.6033073206986249,dinov2,1,False
25,16,25,5,280,46,probe_refit_fixedC,0.01,0.4999070977331847,dinov2,1,
25,16,25,5,280,46,probe_refit_cvC,0.03,0.4965626161278335,dinov2,1,False
25,16,25,5,280,46,cb_offset_cvC,0.001,0.6086027499070976,dinov2,1,False
25,16,25,5,280,46,opq_offset_cvC,0.001,0.5946674098848013,dinov2,1,False
25,17,25,1,280,50,cb_zero,,0.607304347826087,dinov2,1,
25,17,25,1,280,50,opq_zero,,0.5912173913043478,dinov2,1,
25,17,25,1,280,50,cb_refit_fixedC,0.3,0.5215652173913043,dinov2,1,
25,17,25,1,280,50,cb_refit_cvC,0.3,0.5215652173913043,dinov2,1,True
25,17,25,1,280,50,opq_refit_fixedC,0.01,0.5458695652173913,dinov2,1,
25,17,25,1,280,50,opq_refit_cvC,0.01,0.5458695652173913,dinov2,1,True
25,17,25,1,280,50,probe_refit_fixedC,0.01,0.455304347826087,dinov2,1,
25,17,25,1,280,50,probe_refit_cvC,0.01,0.455304347826087,dinov2,1,True
25,17,25,1,280,50,cb_offset_cvC,0.001,0.6076521739130435,dinov2,1,True
25,17,25,1,280,50,opq_offset_cvC,0.001,0.5612173913043479,dinov2,1,True
25,18,25,5,280,46,cb_zero,,0.6164065403195839,dinov2,1,
25,18,25,5,280,46,opq_zero,,0.596989966555184,dinov2,1,
25,18,25,5,280,46,cb_refit_fixedC,0.3,0.5475659606094389,dinov2,1,
25,18,25,5,280,46,cb_refit_cvC,0.3,0.5475659606094389,dinov2,1,False
25,18,25,5,280,46,opq_refit_fixedC,0.01,0.48290598290598286,dinov2,1,
25,18,25,5,280,46,opq_refit_cvC,0.03,0.4837421033073207,dinov2,1,False
25,18,25,5,280,46,probe_refit_fixedC,0.01,0.455406911928651,dinov2,1,
25,18,25,5,280,46,probe_refit_cvC,0.001,0.4763099219620959,dinov2,1,False
25,18,25,5,280,46,cb_offset_cvC,3.0,0.5563916759568933,dinov2,1,False
25,18,25,5,280,46,opq_offset_cvC,0.1,0.4949832775919733,dinov2,1,False
25,19,25,2,280,49,cb_zero,,0.6031451541655624,dinov2,1,
25,19,25,2,280,49,opq_zero,,0.6006714374061313,dinov2,1,
25,19,25,2,280,49,cb_refit_fixedC,0.3,0.6886650764201785,dinov2,1,
25,19,25,2,280,49,cb_refit_cvC,10.0,0.7224136407809877,dinov2,1,False
25,19,25,2,280,49,opq_refit_fixedC,0.01,0.48864740701475395,dinov2,1,
25,19,25,2,280,49,opq_refit_cvC,0.3,0.495715169184557,dinov2,1,False
25,19,25,2,280,49,probe_refit_fixedC,0.01,0.49704037459139494,dinov2,1,
25,19,25,2,280,49,probe_refit_cvC,1.0,0.48900079512324407,dinov2,1,False
25,19,25,2,280,49,cb_offset_cvC,10.0,0.6988249845392702,dinov2,1,False
25,19,25,2,280,49,opq_offset_cvC,0.003,0.595017227670289,dinov2,1,False
25,20,25,5,280,46,cb_zero,,0.6211445559271647,dinov2,1,
25,20,25,5,280,46,opq_zero,,0.5908584169453734,dinov2,1,
25,20,25,5,280,46,cb_refit_fixedC,0.3,0.6921218877740617,dinov2,1,
25,20,25,5,280,46,cb_refit_cvC,3.0,0.6381456707543665,dinov2,1,False
25,20,25,5,280,46,opq_refit_fixedC,0.01,0.5515607580824973,dinov2,1,
25,20,25,5,280,46,opq_refit_cvC,1.0,0.5216462281679672,dinov2,1,False
25,20,25,5,280,46,probe_refit_fixedC,0.01,0.5015793385358602,dinov2,1,
25,20,25,5,280,46,probe_refit_cvC,10.0,0.4950761798587885,dinov2,1,False
25,20,25,5,280,46,cb_offset_cvC,3.0,0.6611854329245633,dinov2,1,False
25,20,25,5,280,46,opq_offset_cvC,0.001,0.5737643998513563,dinov2,1,False
25,21,26,4,279,47,cb_zero,,0.6102347762289068,dinov2,1,
25,21,26,4,279,47,opq_zero,,0.5900586940572267,dinov2,1,
25,21,26,4,279,47,cb_refit_fixedC,0.3,0.5398019075568599,dinov2,1,
25,21,26,4,279,47,cb_refit_cvC,1.0,0.5408107116654439,dinov2,1,False
25,21,26,4,279,47,opq_refit_fixedC,0.01,0.5559427732942039,dinov2,1,
25,21,26,4,279,47,opq_refit_cvC,0.001,0.553558327219369,dinov2,1,False
25,21,26,4,279,47,probe_refit_fixedC,0.01,0.5116471019809244,dinov2,1,
25,21,26,4,279,47,probe_refit_cvC,0.003,0.513114453411592,dinov2,1,False
25,21,26,4,279,47,cb_offset_cvC,1.0,0.5697909024211298,dinov2,1,False
25,21,26,4,279,47,opq_offset_cvC,0.01,0.5825385179750551,dinov2,1,False
25,22,25,3,280,48,cb_zero,,0.6169181034482758,dinov2,1,
25,22,25,3,280,48,opq_zero,,0.5939295977011494,dinov2,1,
25,22,25,3,280,48,cb_refit_fixedC,0.3,0.4606681034482758,dinov2,1,
25,22,25,3,280,48,cb_refit_cvC,10.0,0.4110991379310345,dinov2,1,False
25,22,25,3,280,48,opq_refit_fixedC,0.01,0.529992816091954,dinov2,1,
25,22,25,3,280,48,opq_refit_cvC,0.001,0.5418911637931034,dinov2,1,False
25,22,25,3,280,48,probe_refit_fixedC,0.01,0.45123922413793105,dinov2,1,
25,22,25,3,280,48,probe_refit_cvC,3.0,0.45941091954022995,dinov2,1,False
25,22,25,3,280,48,cb_offset_cvC,10.0,0.40633979885057475,dinov2,1,False
25,22,25,3,280,48,opq_offset_cvC,0.1,0.5563038793103449,dinov2,1,False
25,23,25,4,280,47,cb_zero,,0.6102639028399234,dinov2,1,
25,23,25,4,280,47,opq_zero,,0.604784951146014,dinov2,1,
25,23,25,4,280,47,cb_refit_fixedC,0.3,0.6377499771710345,dinov2,1,
25,23,25,4,280,47,cb_refit_cvC,10.0,0.615468906949137,dinov2,1,False
25,23,25,4,280,47,opq_refit_fixedC,0.01,0.4939731531366998,dinov2,1,
25,23,25,4,280,47,opq_refit_cvC,0.003,0.5026025020546069,dinov2,1,False
25,23,25,4,280,47,probe_refit_fixedC,0.01,0.5118254040726875,dinov2,1,
25,23,25,4,280,47,probe_refit_cvC,10.0,0.5123732992420783,dinov2,1,False
25,23,25,4,280,47,cb_offset_cvC,0.001,0.6101725869783581,dinov2,1,False
25,23,25,4,280,47,opq_offset_cvC,0.003,0.6264268103369555,dinov2,1,False
25,24,25,1,280,50,cb_zero,,0.5995652173913044,dinov2,1,
25,24,25,1,280,50,opq_zero,,0.5869565217391305,dinov2,1,
25,24,25,1,280,50,cb_refit_fixedC,0.3,0.6266086956521739,dinov2,1,
25,24,25,1,280,50,cb_refit_cvC,0.3,0.6266086956521739,dinov2,1,True
25,24,25,1,280,50,opq_refit_fixedC,0.01,0.5313478260869565,dinov2,1,
25,24,25,1,280,50,opq_refit_cvC,0.01,0.5313478260869565,dinov2,1,True
25,24,25,1,280,50,probe_refit_fixedC,0.01,0.4452173913043478,dinov2,1,
25,24,25,1,280,50,probe_refit_cvC,0.01,0.4452173913043478,dinov2,1,True
25,24,25,1,280,50,cb_offset_cvC,0.001,0.5996521739130435,dinov2,1,True
25,24,25,1,280,50,opq_offset_cvC,0.001,0.5464347826086956,dinov2,1,True
25,25,25,2,280,49,cb_zero,,0.5926318579379803,dinov2,1,
25,25,25,2,280,49,opq_zero,,0.5826486438731336,dinov2,1,
25,25,25,2,280,49,cb_refit_fixedC,0.3,0.6347733898754307,dinov2,1,
25,25,25,2,280,49,cb_refit_cvC,0.001,0.6237300114851135,dinov2,1,False
25,25,25,2,280,49,opq_refit_fixedC,0.01,0.5627705627705628,dinov2,1,
25,25,25,2,280,49,opq_refit_cvC,10.0,0.5445269016697589,dinov2,1,False
25,25,25,2,280,49,probe_refit_fixedC,0.01,0.5821185617103986,dinov2,1,
25,25,25,2,280,49,probe_refit_cvC,10.0,0.5691315487233854,dinov2,1,False
25,25,25,2,280,49,cb_offset_cvC,10.0,0.6474070147539535,dinov2,1,False
25,25,25,2,280,49,opq_offset_cvC,0.001,0.5906882233412846,dinov2,1,False
25,26,25,4,280,47,cb_zero,,0.5929138891425441,dinov2,1,
25,26,25,4,280,47,opq_zero,,0.583964934709159,dinov2,1,
25,26,25,4,280,47,cb_refit_fixedC,0.3,0.6309926034152132,dinov2,1,
25,26,25,4,280,47,cb_refit_cvC,3.0,0.6291662861839101,dinov2,1,False
25,26,25,4,280,47,opq_refit_fixedC,0.01,0.5465710893982284,dinov2,1,
25,26,25,4,280,47,opq_refit_cvC,0.003,0.5607250479408272,dinov2,1,False
25,26,25,4,280,47,probe_refit_fixedC,0.01,0.52817094329285,dinov2,1,
25,26,25,4,280,47,probe_refit_cvC,0.01,0.52817094329285,dinov2,1,False
25,26,25,4,280,47,cb_offset_cvC,0.001,0.5928225732809789,dinov2,1,False
25,26,25,4,280,47,opq_offset_cvC,0.001,0.5835083554013332,dinov2,1,False
25,27,25,6,280,45,cb_zero,,0.6156028368794326,dinov2,1,
25,27,25,6,280,45,opq_zero,,0.598676122931442,dinov2,1,
25,27,25,6,280,45,cb_refit_fixedC,0.3,0.6886997635933806,dinov2,1,
25,27,25,6,280,45,cb_refit_cvC,1.0,0.6831205673758866,dinov2,1,False
25,27,25,6,280,45,opq_refit_fixedC,0.01,0.4896926713947991,dinov2,1,
25,27,25,6,280,45,opq_refit_cvC,0.003,0.48841607565011824,dinov2,1,False
25,27,25,6,280,45,probe_refit_fixedC,0.01,0.5096926713947991,dinov2,1,
25,27,25,6,280,45,probe_refit_cvC,0.1,0.5145153664302601,dinov2,1,False
25,27,25,6,280,45,cb_offset_cvC,0.01,0.6160756501182032,dinov2,1,False
25,27,25,6,280,45,opq_offset_cvC,0.01,0.5178250591016549,dinov2,1,False
25,28,25,3,280,48,cb_zero,,0.6040768678160919,dinov2,1,
25,28,25,3,280,48,opq_zero,,0.5904274425287356,dinov2,1,
25,28,25,3,280,48,cb_refit_fixedC,0.3,0.6408045977011494,dinov2,1,
25,28,25,3,280,48,cb_refit_cvC,3.0,0.6435883620689655,dinov2,1,False
25,28,25,3,280,48,opq_refit_fixedC,0.01,0.5744432471264368,dinov2,1,
25,28,25,3,280,48,opq_refit_cvC,1.0,0.5640714798850575,dinov2,1,False
25,28,25,3,280,48,probe_refit_fixedC,0.01,0.5501077586206897,dinov2,1,
25,28,25,3,280,48,probe_refit_cvC,1.0,0.5494791666666667,dinov2,1,False
25,28,25,3,280,48,cb_offset_cvC,10.0,0.6360452586206897,dinov2,1,False
25,28,25,3,280,48,opq_offset_cvC,0.001,0.6038972701149424,dinov2,1,False
25,29,25,4,280,47,cb_zero,,0.6031412656378412,dinov2,1,
25,29,25,4,280,47,opq_zero,,0.5794904574924664,dinov2,1,
25,29,25,4,280,47,cb_refit_fixedC,0.3,0.5373938453109306,dinov2,1,
25,29,25,4,280,47,cb_refit_cvC,0.001,0.5415943749429276,dinov2,1,False
25,29,25,4,280,47,opq_refit_fixedC,0.01,0.48488722491096703,dinov2,1,
25,29,25,4,280,47,opq_refit_cvC,3.0,0.48977262350470274,dinov2,1,False
25,29,25,4,280,47,probe_refit_fixedC,0.01,0.4661674732901105,dinov2,1,
25,29,25,4,280,47,probe_refit_cvC,0.003,0.4738380056615834,dinov2,1,False
25,29,25,4,280,47,cb_offset_cvC,0.03,0.6026846863300155,dinov2,1,False
25,29,25,4,280,47,opq_offset_cvC,3.0,0.5099077709798192,dinov2,1,False
50,0,50,6,255,45,cb_zero,,0.603915343915344,dinov2,1,
50,0,50,6,255,45,opq_zero,,0.5764021164021164,dinov2,1,
50,0,50,6,255,45,cb_refit_fixedC,0.3,0.49227513227513225,dinov2,1,
50,0,50,6,255,45,cb_refit_cvC,0.03,0.5058201058201057,dinov2,1,False
50,0,50,6,255,45,opq_refit_fixedC,0.01,0.5175132275132275,dinov2,1,
50,0,50,6,255,45,opq_refit_cvC,0.001,0.5058201058201058,dinov2,1,False
50,0,50,6,255,45,probe_refit_fixedC,0.01,0.4598941798941799,dinov2,1,
50,0,50,6,255,45,probe_refit_cvC,0.001,0.4532275132275132,dinov2,1,False
50,0,50,6,255,45,cb_offset_cvC,0.3,0.5285714285714286,dinov2,1,False
50,0,50,6,255,45,opq_offset_cvC,0.001,0.5812698412698413,dinov2,1,False
50,1,50,5,255,46,cb_zero,,0.609423757021011,dinov2,1,
50,1,50,5,255,46,opq_zero,,0.5971499895985022,dinov2,1,
50,1,50,5,255,46,cb_refit_fixedC,0.3,0.6678801747451633,dinov2,1,
50,1,50,5,255,46,cb_refit_cvC,10.0,0.6455169544414395,dinov2,1,False
50,1,50,5,255,46,opq_refit_fixedC,0.01,0.5290721863948409,dinov2,1,
50,1,50,5,255,46,opq_refit_cvC,0.1,0.5147701268982734,dinov2,1,False
50,1,50,5,255,46,probe_refit_fixedC,0.01,0.5320366132723112,dinov2,1,
50,1,50,5,255,46,probe_refit_cvC,10.0,0.5184106511337633,dinov2,1,False
50,1,50,5,255,46,cb_offset_cvC,10.0,0.6415643852714791,dinov2,1,False
50,1,50,5,255,46,opq_offset_cvC,0.1,0.540773871437487,dinov2,1,False
50,2,50,11,255,40,cb_zero,,0.6523255813953488,dinov2,1,
50,2,50,11,255,40,opq_zero,,0.6484883720930232,dinov2,1,
50,2,50,11,255,40,cb_refit_fixedC,0.3,0.7393023255813954,dinov2,1,
50,2,50,11,255,40,cb_refit_cvC,10.0,0.7466279069767442,dinov2,1,False
50,2,50,11,255,40,opq_refit_fixedC,0.01,0.5472674418604652,dinov2,1,
50,2,50,11,255,40,opq_refit_cvC,0.01,0.5472674418604652,dinov2,1,False
50,2,50,11,255,40,probe_refit_fixedC,0.01,0.472906976744186,dinov2,1,
50,2,50,11,255,40,probe_refit_cvC,0.01,0.472906976744186,dinov2,1,False
50,2,50,11,255,40,cb_offset_cvC,0.001,0.6524418604651163,dinov2,1,False
50,2,50,11,255,40,opq_offset_cvC,0.003,0.6346511627906977,dinov2,1,False
50,3,50,6,255,45,cb_zero,,0.6255026455026456,dinov2,1,
50,3,50,6,255,45,opq_zero,,0.6050793650793651,dinov2,1,
50,3,50,6,255,45,cb_refit_fixedC,0.3,0.6686772486772486,dinov2,1,
50,3,50,6,255,45,cb_refit_cvC,0.003,0.6728042328042328,dinov2,1,False
50,3,50,6,255,45,opq_refit_fixedC,0.01,0.6319576719576719,dinov2,1,
50,3,50,6,255,45,opq_refit_cvC,10.0,0.588042328042328,dinov2,1,False
50,3,50,6,255,45,probe_refit_fixedC,0.01,0.5243386243386244,dinov2,1,
50,3,50,6,255,45,probe_refit_cvC,3.0,0.5103703703703704,dinov2,1,False
50,3,50,6,255,45,cb_offset_cvC,0.001,0.6252910052910052,dinov2,1,False
50,3,50,6,255,45,opq_offset_cvC,0.001,0.6143915343915344,dinov2,1,False
50,4,50,7,255,44,cb_zero,,0.6076044808272296,dinov2,1,
50,4,50,7,255,44,opq_zero,,0.6105127100387764,dinov2,1,
50,4,50,7,255,44,cb_refit_fixedC,0.3,0.6439034898750539,dinov2,1,
50,4,50,7,255,44,cb_refit_cvC,10.0,0.613744075829384,dinov2,1,False
50,4,50,7,255,44,opq_refit_fixedC,0.01,0.6028651443343387,dinov2,1,
50,4,50,7,255,44,opq_refit_cvC,0.01,0.6028651443343387,dinov2,1,False
50,4,50,7,255,44,probe_refit_fixedC,0.01,0.5371607065919862,dinov2,1,
50,4,50,7,255,44,probe_refit_cvC,0.001,0.554717794054287,dinov2,1,False
50,4,50,7,255,44,cb_offset_cvC,0.001,0.6077121930202499,dinov2,1,False
50,4,50,7,255,44,opq_offset_cvC,0.001,0.5989875053856096,dinov2,1,False
50,5,50,8,255,43,cb_zero,,0.621105748135147,dinov2,1,
50,5,50,8,255,43,opq_zero,,0.605528740675735,dinov2,1,
50,5,50,8,255,43,cb_refit_fixedC,0.3,0.7137999122422115,dinov2,1,
50,5,50,8,255,43,cb_refit_cvC,10.0,0.6721149627029398,dinov2,1,False
50,5,50,8,255,43,opq_refit_fixedC,0.01,0.5311540149188241,dinov2,1,
50,5,50,8,255,43,opq_refit_cvC,1.0,0.5410267661254937,dinov2,1,False
50,5,50,8,255,43,probe_refit_fixedC,0.01,0.5674637999122422,dinov2,1,
50,5,50,8,255,43,probe_refit_cvC,0.001,0.572729267222466,dinov2,1,False
50,5,50,8,255,43,cb_offset_cvC,0.001,0.621105748135147,dinov2,1,False
50,5,50,8,255,43,opq_offset_cvC,0.001,0.6189118034225538,dinov2,1,False
50,6,51,8,254,43,cb_zero,,0.6264741540835446,dinov2,1,
50,6,51,8,254,43,opq_zero,,0.6197509092913039,dinov2,1,
50,6,51,8,254,43,cb_refit_fixedC,0.3,0.6691281825195635,dinov2,1,
50,6,51,8,254,43,cb_refit_cvC,1.0,0.665821668687314,dinov2,1,False
50,6,51,8,254,43,opq_refit_fixedC,0.01,0.5661853852088614,dinov2,1,
50,6,51,8,254,43,opq_refit_cvC,1.0,0.6011242147029648,dinov2,1,False
50,6,51,8,254,43,probe_refit_fixedC,0.01,0.34828612366361733,dinov2,1,
50,6,51,8,254,43,probe_refit_cvC,1.0,0.34409787280943455,dinov2,1,False
50,6,51,8,254,43,cb_offset_cvC,1.0,0.6653808001763475,dinov2,1,False
50,6,51,8,254,43,opq_offset_cvC,0.001,0.5859142510746169,dinov2,1,False
50,7,50,12,255,39,cb_zero,,0.5916429249762584,dinov2,1,
50,7,50,12,255,39,opq_zero,,0.6108736942070275,dinov2,1,
50,7,50,12,255,39,cb_refit_fixedC,0.3,0.672602089268756,dinov2,1,
50,7,50,12,255,39,cb_refit_cvC,10.0,0.6867283950617283,dinov2,1,False
50,7,50,12,255,39,opq_refit_fixedC,0.01,0.5356125356125356,dinov2,1,
50,7,50,12,255,39,opq_refit_cvC,0.001,0.5676638176638177,dinov2,1,False
50,7,50,12,255,39,probe_refit_fixedC,0.01,0.5136514719848053,dinov2,1,
50,7,50,12,255,39,probe_refit_cvC,0.003,0.5104463437796771,dinov2,1,False
50,7,50,12,255,39,cb_offset_cvC,10.0,0.682573599240266,dinov2,1,False
50,7,50,12,255,39,opq_offset_cvC,0.03,0.5809591642924976,dinov2,1,False
50,8,50,7,255,44,cb_zero,,0.5825075398535113,dinov2,1,
50,8,50,7,255,44,opq_zero,,0.5674278328306764,dinov2,1,
50,8,50,7,255,44,cb_refit_fixedC,0.3,0.6751400258509264,dinov2,1,
50,8,50,7,255,44,cb_refit_cvC,0.001,0.6546747091770788,dinov2,1,False
50,8,50,7,255,44,opq_refit_fixedC,0.01,0.5996876346402412,dinov2,1,
50,8,50,7,255,44,opq_refit_cvC,0.001,0.6003339077983627,dinov2,1,False
50,8,50,7,255,44,probe_refit_fixedC,0.01,0.5203576044808272,dinov2,1,
50,8,50,7,255,44,probe_refit_cvC,0.001,0.5086169754416201,dinov2,1,False
50,8,50,7,255,44,cb_offset_cvC,0.001,0.5828306764325721,dinov2,1,False
50,8,50,7,255,44,opq_offset_cvC,0.03,0.5988797931925894,dinov2,1,False
50,9,51,9,254,42,cb_zero,,0.6084905660377359,dinov2,1,
50,9,51,9,254,42,opq_zero,,0.5995058400718778,dinov2,1,
50,9,51,9,254,42,cb_refit_fixedC,0.3,0.6126460017969452,dinov2,1,
50,9,51,9,254,42,cb_refit_cvC,0.003,0.6185983827493261,dinov2,1,False
50,9,51,9,254,42,opq_refit_fixedC,0.01,0.4995507637017071,dinov2,1,
50,9,51,9,254,42,opq_refit_cvC,0.003,0.4935983827493261,dinov2,1,False
50,9,51,9,254,42,probe_refit_fixedC,0.01,0.5530098831985625,dinov2,1,
50,9,51,9,254,42,probe_refit_cvC,10.0,0.5341419586702605,dinov2,1,False
50,9,51,9,254,42,cb_offset_cvC,0.03,0.6093890386343217,dinov2,1,False
50,9,51,9,254,42,opq_offset_cvC,0.003,0.5792902066486972,dinov2,1,False
50,10,50,7,255,44,cb_zero,,0.6252692804825506,dinov2,1,
50,10,50,7,255,44,opq_zero,,0.5831538130116329,dinov2,1,
50,10,50,7,255,44,cb_refit_fixedC,0.3,0.5819689788884101,dinov2,1,
50,10,50,7,255,44,cb_refit_cvC,1.0,0.5914476518741921,dinov2,1,False
50,10,50,7,255,44,opq_refit_fixedC,0.01,0.5588108573890564,dinov2,1,
50,10,50,7,255,44,opq_refit_cvC,0.001,0.5409306333476951,dinov2,1,False
50,10,50,7,255,44,probe_refit_fixedC,0.01,0.4967686342093925,dinov2,1,
50,10,50,7,255,44,probe_refit_cvC,3.0,0.49364498061180523,dinov2,1,False
50,10,50,7,255,44,cb_offset_cvC,10.0,0.5933864713485567,dinov2,1,False
50,10,50,7,255,44,opq_offset_cvC,0.001,0.5922016372253339,dinov2,1,False
50,11,50,9,255,42,cb_zero,,0.6249720545495194,dinov2,1,
50,11,50,9,255,42,opq_zero,,0.6051866756092108,dinov2,1,
50,11,50,9,255,42,cb_refit_fixedC,0.3,0.5722110440420299,dinov2,1,
50,11,50,9,255,42,cb_refit_cvC,3.0,0.5837245696400627,dinov2,1,False
50,11,50,9,255,42,opq_refit_fixedC,0.01,0.5492957746478873,dinov2,1,
50,11,50,9,255,42,opq_refit_cvC,10.0,0.5234741784037558,dinov2,1,False
50,11,50,9,255,42,probe_refit_fixedC,0.01,0.46702436843281914,dinov2,1,
50,11,50,9,255,42,probe_refit_cvC,0.001,0.4717192041135703,dinov2,1,False
50,11,50,9,255,42,cb_offset_cvC,1.0,0.577241225128549,dinov2,1,False
50,11,50,9,255,42,opq_offset_cvC,0.003,0.5717639168343394,dinov2,1,False
50,12,50,9,255,42,cb_zero,,0.5738877710708696,dinov2,1,
50,12,50,9,255,42,opq_zero,,0.5632684998882183,dinov2,1,
50,12,50,9,255,42,cb_refit_fixedC,0.3,0.6411804158283032,dinov2,1,
50,12,50,9,255,42,cb_refit_cvC,0.003,0.6275430359937402,dinov2,1,False
50,12,50,9,255,42,opq_refit_fixedC,0.01,0.5973619494746255,dinov2,1,
50,12,50,9,255,42,opq_refit_cvC,0.001,0.6042924211938296,dinov2,1,False
50,12,50,9,255,42,probe_refit_fixedC,0.01,0.5215738877710709,dinov2,1,
50,12,50,9,255,42,probe_refit_cvC,10.0,0.4976525821596243,dinov2,1,False
50,12,50,9,255,42,cb_offset_cvC,0.003,0.5747820254862508,dinov2,1,False
50,12,50,9,255,42,opq_offset_cvC,0.001,0.586742678291974,dinov2,1,False
50,13,50,10,255,41,cb_zero,,0.6328926373375883,dinov2,1,
50,13,50,10,255,41,opq_zero,,0.6287896056530659,dinov2,1,
50,13,50,10,255,41,cb_refit_fixedC,0.3,0.6406428082972419,dinov2,1,
50,13,50,10,255,41,cb_refit_cvC,0.003,0.6632094825621153,dinov2,1,False
50,13,50,10,255,41,opq_refit_fixedC,0.01,0.5221107818554821,dinov2,1,
50,13,50,10,255,41,opq_refit_cvC,1.0,0.5861636653749716,dinov2,1,False
50,13,50,10,255,41,probe_refit_fixedC,0.01,0.5217688625484386,dinov2,1,
50,13,50,10,255,41,probe_refit_cvC,10.0,0.503077273763392,dinov2,1,False
50,13,50,10,255,41,cb_offset_cvC,0.001,0.6328926373375884,dinov2,1,False
50,13,50,10,255,41,opq_offset_cvC,0.001,0.5974470025074082,dinov2,1,False
50,14,50,10,255,41,cb_zero,,0.616138591292455,dinov2,1,
50,14,50,10,255,41,opq_zero,,0.6123774789149761,dinov2,1,
50,14,50,10,255,41,cb_refit_fixedC,0.3,0.6421244586277639,dinov2,1,
50,14,50,10,255,41,cb_refit_cvC,10.0,0.6416685662183726,dinov2,1,False
50,14,50,10,255,41,opq_refit_fixedC,0.01,0.5147025302028722,dinov2,1,
50,14,50,10,255,41,opq_refit_cvC,10.0,0.4944153179849556,dinov2,1,False
50,14,50,10,255,41,probe_refit_fixedC,0.01,0.5722589468885344,dinov2,1,
50,14,50,10,255,41,probe_refit_cvC,0.03,0.5706633234556644,dinov2,1,False
50,14,50,10,255,41,cb_offset_cvC,10.0,0.6363118304080237,dinov2,1,False
50,14,50,10,255,41,opq_offset_cvC,0.003,0.5809209026669706,dinov2,1,False
50,15,50,12,255,39,cb_zero,,0.6525403608736942,dinov2,1,
50,15,50,12,255,39,opq_zero,,0.6103988603988604,dinov2,1,
50,15,50,12,255,39,cb_refit_fixedC,0.3,0.5269468186134852,dinov2,1,
50,15,50,12,255,39,cb_refit_cvC,10.0,0.5667141500474834,dinov2,1,False
50,15,50,12,255,39,opq_refit_fixedC,0.01,0.5451092117758785,dinov2,1,
50,15,50,12,255,39,opq_refit_cvC,0.001,0.5373931623931625,dinov2,1,False
50,15,50,12,255,39,probe_refit_fixedC,0.01,0.46474358974358976,dinov2,1,
50,15,50,12,255,39,probe_refit_cvC,0.003,0.4648622981956315,dinov2,1,False
50,15,50,12,255,39,cb_offset_cvC,10.0,0.5581671415004749,dinov2,1,False
50,15,50,12,255,39,opq_offset_cvC,0.003,0.6246438746438746,dinov2,1,False
50,16,50,5,255,46,cb_zero,,0.6135843561472851,dinov2,1,
50,16,50,5,255,46,opq_zero,,0.5897649261493655,dinov2,1,
50,16,50,5,255,46,cb_refit_fixedC,0.3,0.5330767630538797,dinov2,1,
50,16,50,5,255,46,cb_refit_cvC,0.1,0.5333888079883503,dinov2,1,False
50,16,50,5,255,46,opq_refit_fixedC,0.01,0.553671728728937,dinov2,1,
50,16,50,5,255,46,opq_refit_cvC,3.0,0.494279176201373,dinov2,1,False
50,16,50,5,255,46,probe_refit_fixedC,0.01,0.5009361348034117,dinov2,1,
50,16,50,5,255,46,probe_refit_cvC,3.0,0.5196588308716454,dinov2,1,False
50,16,50,5,255,46,cb_offset_cvC,1.0,0.5533596837944664,dinov2,1,False
50,16,50,5,255,46,opq_offset_cvC,3.0,0.5231953401289785,dinov2,1,False
50,17,50,8,255,43,cb_zero,,0.6410706450197454,dinov2,1,
50,17,50,8,255,43,opq_zero,,0.6025669153137341,dinov2,1,
50,17,50,8,255,43,cb_refit_fixedC,0.3,0.5580298376480912,dinov2,1,
50,17,50,8,255,43,cb_refit_cvC,10.0,0.6175954365949977,dinov2,1,False
50,17,50,8,255,43,opq_refit_fixedC,0.01,0.5290697674418604,dinov2,1,
50,17,50,8,255,43,opq_refit_cvC,10.0,0.4808029837648091,dinov2,1,False
50,17,50,8,255,43,probe_refit_fixedC,0.01,0.4356077226853883,dinov2,1,
50,17,50,8,255,43,probe_refit_cvC,0.001,0.4277095217200526,dinov2,1,False
50,17,50,8,255,43,cb_offset_cvC,10.0,0.6208863536638877,dinov2,1,False
50,17,50,8,255,43,opq_offset_cvC,0.003,0.6232996928477403,dinov2,1,False
50,18,50,6,255,45,cb_zero,,0.621904761904762,dinov2,1,
50,18,50,6,255,45,opq_zero,,0.6313227513227513,dinov2,1,
50,18,50,6,255,45,cb_refit_fixedC,0.3,0.5817989417989418,dinov2,1,
50,18,50,6,255,45,cb_refit_cvC,1.0,0.5808465608465608,dinov2,1,False
50,18,50,6,255,45,opq_refit_fixedC,0.01,0.5465608465608465,dinov2,1,
50,18,50,6,255,45,opq_refit_cvC,10.0,0.5485714285714286,dinov2,1,False
50,18,50,6,255,45,probe_refit_fixedC,0.01,0.4997883597883598,dinov2,1,
50,18,50,6,255,45,probe_refit_cvC,10.0,0.5051851851851852,dinov2,1,False
50,18,50,6,255,45,cb_offset_cvC,1.0,0.579047619047619,dinov2,1,False
50,18,50,6,255,45,opq_offset_cvC,10.0,0.559047619047619,dinov2,1,False
50,19,50,9,255,42,cb_zero,,0.6529175050301811,dinov2,1,
50,19,50,9,255,42,opq_zero,,0.6199418734630002,dinov2,1,
50,19,50,9,255,42,cb_refit_fixedC,0.3,0.5153141068634026,dinov2,1,
50,19,50,9,255,42,cb_refit_cvC,3.0,0.5458305387882852,dinov2,1,False
50,19,50,9,255,42,opq_refit_fixedC,0.01,0.5211826514643416,dinov2,1,
50,19,50,9,255,42,opq_refit_cvC,0.03,0.5230829420970267,dinov2,1,False
50,19,50,9,255,42,probe_refit_fixedC,0.01,0.5565615917728594,dinov2,1,
50,19,50,9,255,42,probe_refit_cvC,0.001,0.5472837022132797,dinov2,1,False
50,19,50,9,255,42,cb_offset_cvC,0.001,0.6530292868321037,dinov2,1,False
50,19,50,9,255,42,opq_offset_cvC,0.001,0.6434160518667561,dinov2,1,False
50,20,50,15,255,36,cb_zero,,0.6286149162861492,dinov2,1,
50,20,50,15,255,36,opq_zero,,0.6128868594622019,dinov2,1,
50,20,50,15,255,36,cb_refit_fixedC,0.3,0.6646372399797057,dinov2,1,
50,20,50,15,255,36,cb_refit_cvC,10.0,0.6571537290715372,dinov2,1,False
50,20,50,15,255,36,opq_refit_fixedC,0.01,0.49733637747336384,dinov2,1,
50,20,50,15,255,36,opq_refit_cvC,10.0,0.46752917300862507,dinov2,1,False
50,20,50,15,255,36,probe_refit_fixedC,0.01,0.4398782343987824,dinov2,1,
50,20,50,15,255,36,probe_refit_cvC,0.001,0.42199391171993916,dinov2,1,False
50,20,50,15,255,36,cb_offset_cvC,10.0,0.6551243023845763,dinov2,1,False
50,20,50,15,255,36,opq_offset_cvC,10.0,0.47818366311516997,dinov2,1,False
50,21,50,8,255,43,cb_zero,,0.6201184730144801,dinov2,1,
50,21,50,8,255,43,opq_zero,,0.6127687582272926,dinov2,1,
50,21,50,8,255,43,cb_refit_fixedC,0.3,0.6686046511627907,dinov2,1,
50,21,50,8,255,43,cb_refit_cvC,10.0,0.5946687143483984,dinov2,1,False
50,21,50,8,255,43,opq_refit_fixedC,0.01,0.52599824484423,dinov2,1,
50,21,50,8,255,43,opq_refit_cvC,1.0,0.487988152698552,dinov2,1,False
50,21,50,8,255,43,probe_refit_fixedC,0.01,0.5161254936375603,dinov2,1,
50,21,50,8,255,43,probe_refit_cvC,3.0,0.5173321632294866,dinov2,1,False
50,21,50,8,255,43,cb_offset_cvC,0.1,0.6260421237384818,dinov2,1,False
50,21,50,8,255,43,opq_offset_cvC,0.1,0.5507898200965335,dinov2,1,False
50,22,50,5,255,46,cb_zero,,0.5841481173288954,dinov2,1,
50,22,50,5,255,46,opq_zero,,0.5718743499063865,dinov2,1,
50,22,50,5,255,46,cb_refit_fixedC,0.3,0.5874765966299147,dinov2,1,
50,22,50,5,255,46,cb_refit_cvC,0.001,0.5732265446224257,dinov2,1,False
50,22,50,5,255,46,opq_refit_fixedC,0.01,0.5417100062408987,dinov2,1,
50,22,50,5,255,46,opq_refit_cvC,10.0,0.5684938631162888,dinov2,1,False
50,22,50,5,255,46,probe_refit_fixedC,0.01,0.5913251508217183,dinov2,1,
50,22,50,5,255,46,probe_refit_cvC,0.1,0.5894528812148949,dinov2,1,False
50,22,50,5,255,46,cb_offset_cvC,0.001,0.5842521323070522,dinov2,1,False
50,22,50,5,255,46,opq_offset_cvC,0.001,0.5842521323070522,dinov2,1,False
50,23,51,11,254,40,cb_zero,,0.5831775700934579,dinov2,1,
50,23,51,11,254,40,opq_zero,,0.5832943925233645,dinov2,1,
50,23,51,11,254,40,cb_refit_fixedC,0.3,0.6297897196261681,dinov2,1,
50,23,51,11,254,40,cb_refit_cvC,1.0,0.6401869158878506,dinov2,1,False
50,23,51,11,254,40,opq_refit_fixedC,0.01,0.5200934579439251,dinov2,1,
50,23,51,11,254,40,opq_refit_cvC,0.001,0.5110981308411214,dinov2,1,False
50,23,51,11,254,40,probe_refit_fixedC,0.01,0.5073598130841122,dinov2,1,
50,23,51,11,254,40,probe_refit_cvC,0.3,0.514018691588785,dinov2,1,False
50,23,51,11,254,40,cb_offset_cvC,3.0,0.641822429906542,dinov2,1,False
50,23,51,11,254,40,opq_offset_cvC,0.003,0.5223130841121495,dinov2,1,False
50,24,50,5,255,46,cb_zero,,0.6035989182442271,dinov2,1,
50,24,50,5,255,46,opq_zero,,0.5816517578531308,dinov2,1,
50,24,50,5,255,46,cb_refit_fixedC,0.3,0.6311628874557936,dinov2,1,
50,24,50,5,255,46,cb_refit_cvC,0.03,0.6193051799459122,dinov2,1,False
50,24,50,5,255,46,opq_refit_fixedC,0.01,0.5471187851050551,dinov2,1,
50,24,50,5,255,46,opq_refit_cvC,0.001,0.5523195340128979,dinov2,1,False
50,24,50,5,255,46,probe_refit_fixedC,0.01,0.48751820262117745,dinov2,1,
50,24,50,5,255,46,probe_refit_cvC,10.0,0.4931350114416476,dinov2,1,False
50,24,50,5,255,46,cb_offset_cvC,0.003,0.6035989182442272,dinov2,1,False
50,24,50,5,255,46,opq_offset_cvC,0.001,0.5902850010401498,dinov2,1,False
50,25,50,9,255,42,cb_zero,,0.5999329309188464,dinov2,1,
50,25,50,9,255,42,opq_zero,,0.574111334674715,dinov2,1,
50,25,50,9,255,42,cb_refit_fixedC,0.3,0.6279901632014309,dinov2,1,
50,25,50,9,255,42,cb_refit_cvC,3.0,0.6273194723898949,dinov2,1,False
50,25,50,9,255,42,opq_refit_fixedC,0.01,0.5240330874133691,dinov2,1,
50,25,50,9,255,42,opq_refit_cvC,0.001,0.5073775989268947,dinov2,1,False
50,25,50,9,255,42,probe_refit_fixedC,0.01,0.4662418958193606,dinov2,1,
50,25,50,9,255,42,probe_refit_cvC,3.0,0.481332439078918,dinov2,1,False
50,25,50,9,255,42,cb_offset_cvC,1.0,0.5978090766823161,dinov2,1,False
50,25,50,9,255,42,opq_offset_cvC,0.001,0.5700871898054997,dinov2,1,False
50,26,51,11,254,40,cb_zero,,0.5820093457943926,dinov2,1,
50,26,51,11,254,40,opq_zero,,0.5740654205607476,dinov2,1,
50,26,51,11,254,40,cb_refit_fixedC,0.3,0.6507009345794392,dinov2,1,
50,26,51,11,254,40,cb_refit_cvC,10.0,0.6675233644859814,dinov2,1,False
50,26,51,11,254,40,opq_refit_fixedC,0.01,0.5740654205607477,dinov2,1,
50,26,51,11,254,40,opq_refit_cvC,0.03,0.5634345794392523,dinov2,1,False
50,26,51,11,254,40,probe_refit_fixedC,0.01,0.5350467289719626,dinov2,1,
50,26,51,11,254,40,probe_refit_cvC,0.001,0.5327102803738317,dinov2,1,False
50,26,51,11,254,40,cb_offset_cvC,10.0,0.659696261682243,dinov2,1,False
50,26,51,11,254,40,opq_offset_cvC,0.003,0.5813084112149532,dinov2,1,False
50,27,51,8,254,43,cb_zero,,0.6330871817480437,dinov2,1,
50,27,51,8,254,43,opq_zero,,0.6064146368345641,dinov2,1,
50,27,51,8,254,43,cb_refit_fixedC,0.3,0.5500936845585803,dinov2,1,
50,27,51,8,254,43,cb_refit_cvC,0.3,0.5500936845585803,dinov2,1,False
50,27,51,8,254,43,opq_refit_fixedC,0.01,0.5257908078915464,dinov2,1,
50,27,51,8,254,43,opq_refit_cvC,0.001,0.5010470627135457,dinov2,1,False
50,27,51,8,254,43,probe_refit_fixedC,0.01,0.4701862669458834,dinov2,1,
50,27,51,8,254,43,probe_refit_cvC,0.001,0.4909070869613138,dinov2,1,False
50,27,51,8,254,43,cb_offset_cvC,1.0,0.5952827069326573,dinov2,1,False
50,27,51,8,254,43,opq_offset_cvC,0.001,0.5761049267056101,dinov2,1,False
50,28,50,5,255,46,cb_zero,,0.6116080715623049,dinov2,1,
50,28,50,5,255,46,opq_zero,,0.6087996671520699,dinov2,1,
50,28,50,5,255,46,cb_refit_fixedC,0.3,0.5882047014770126,dinov2,1,
50,28,50,5,255,46,cb_refit_cvC,3.0,0.6209694195964219,dinov2,1,False
50,28,50,5,255,46,opq_refit_fixedC,0.01,0.5146661119201165,dinov2,1,
50,28,50,5,255,46,opq_refit_cvC,0.3,0.5254836696484294,dinov2,1,False
50,28,50,5,255,46,probe_refit_fixedC,0.01,0.532868733097566,dinov2,1,
50,28,50,5,255,46,probe_refit_cvC,10.0,0.5361972123985854,dinov2,1,False
50,28,50,5,255,46,cb_offset_cvC,0.001,0.6119201164967756,dinov2,1,False
50,28,50,5,255,46,opq_offset_cvC,1.0,0.5532556688163095,dinov2,1,False
50,29,51,11,254,40,cb_zero,,0.6042056074766355,dinov2,1,
50,29,51,11,254,40,opq_zero,,0.6258177570093458,dinov2,1,
50,29,51,11,254,40,cb_refit_fixedC,0.3,0.6816588785046729,dinov2,1,
50,29,51,11,254,40,cb_refit_cvC,0.001,0.6478971962616823,dinov2,1,False
50,29,51,11,254,40,opq_refit_fixedC,0.01,0.5405373831775702,dinov2,1,
50,29,51,11,254,40,opq_refit_cvC,3.0,0.4720210280373832,dinov2,1,False
50,29,51,11,254,40,probe_refit_fixedC,0.01,0.4747663551401869,dinov2,1,
50,29,51,11,254,40,probe_refit_cvC,0.003,0.477803738317757,dinov2,1,False
50,29,51,11,254,40,cb_offset_cvC,0.01,0.6047897196261682,dinov2,1,False
50,29,51,11,254,40,opq_offset_cvC,0.03,0.5908878504672896,dinov2,1,False
100,0,100,18,205,33,cb_zero,,0.6231501057082454,dinov2,1,
100,0,100,18,205,33,opq_zero,,0.574876673713883,dinov2,1,
100,0,100,18,205,33,cb_refit_fixedC,0.3,0.715292459478506,dinov2,1,
100,0,100,18,205,33,cb_refit_cvC,3.0,0.6772374911909796,dinov2,1,False
100,0,100,18,205,33,opq_refit_fixedC,0.01,0.611786469344609,dinov2,1,
100,0,100,18,205,33,opq_refit_cvC,0.03,0.5874735729386892,dinov2,1,False
100,0,100,18,205,33,probe_refit_fixedC,0.01,0.5116279069767442,dinov2,1,
100,0,100,18,205,33,probe_refit_cvC,10.0,0.48520084566596194,dinov2,1,False
100,0,100,18,205,33,cb_offset_cvC,1.0,0.6707188160676534,dinov2,1,False
100,0,100,18,205,33,opq_offset_cvC,0.03,0.6053558844256518,dinov2,1,False
100,1,100,18,205,33,cb_zero,,0.5923185341789993,dinov2,1,
100,1,100,18,205,33,opq_zero,,0.5879140239605356,dinov2,1,
100,1,100,18,205,33,cb_refit_fixedC,0.3,0.6760042283298097,dinov2,1,
100,1,100,18,205,33,cb_refit_cvC,0.03,0.6425299506694855,dinov2,1,False
100,1,100,18,205,33,opq_refit_fixedC,0.01,0.49806201550387597,dinov2,1,
100,1,100,18,205,33,opq_refit_cvC,0.01,0.49806201550387597,dinov2,1,False
100,1,100,18,205,33,probe_refit_fixedC,0.01,0.4982381959126145,dinov2,1,
100,1,100,18,205,33,probe_refit_cvC,10.0,0.48026779422128263,dinov2,1,False
100,1,100,18,205,33,cb_offset_cvC,10.0,0.6633192389006344,dinov2,1,False
100,1,100,18,205,33,opq_offset_cvC,0.01,0.574876673713883,dinov2,1,False
100,2,100,18,205,33,cb_zero,,0.651338971106413,dinov2,1,
100,2,100,18,205,33,opq_zero,,0.6525722339675828,dinov2,1,
100,2,100,18,205,33,cb_refit_fixedC,0.3,0.6578576462297393,dinov2,1,
100,2,100,18,205,33,cb_refit_cvC,1.0,0.6502818886539816,dinov2,1,False
100,2,100,18,205,33,opq_refit_fixedC,0.01,0.46775898520084563,dinov2,1,
100,2,100,18,205,33,opq_refit_cvC,10.0,0.40151515151515155,dinov2,1,False
100,2,100,18,205,33,probe_refit_fixedC,0.01,0.5258985200845666,dinov2,1,
100,2,100,18,205,33,probe_refit_cvC,0.003,0.5204369274136716,dinov2,1,False
100,2,100,18,205,33,cb_offset_cvC,3.0,0.614693446088795,dinov2,1,False
100,2,100,18,205,33,opq_offset_cvC,10.0,0.42071881606765327,dinov2,1,False
100,3,100,15,205,36,cb_zero,,0.5622945430637738,dinov2,1,
100,3,100,15,205,36,opq_zero,,0.5287639710716634,dinov2,1,
100,3,100,15,205,36,cb_refit_fixedC,0.3,0.6406969099276791,dinov2,1,
100,3,100,15,205,36,cb_refit_cvC,3.0,0.6554898093359632,dinov2,1,False
100,3,100,15,205,36,opq_refit_fixedC,0.01,0.5363247863247863,dinov2,1,
100,3,100,15,205,36,opq_refit_cvC,1.0,0.530654174884944,dinov2,1,False
100,3,100,15,205,36,probe_refit_fixedC,0.01,0.4298159105851413,dinov2,1,
100,3,100,15,205,36,probe_refit_cvC,1.0,0.4436226166995398,dinov2,1,False
100,3,100,15,205,36,cb_offset_cvC,3.0,0.6439842209072979,dinov2,1,False
100,3,100,15,205,36,opq_offset_cvC,0.001,0.5404339250493096,dinov2,1,False
100,4,100,20,205,31,cb_zero,,0.6594364108268447,dinov2,1,
100,4,100,20,205,31,opq_zero,,0.6384872080088988,dinov2,1,
100,4,100,20,205,31,cb_refit_fixedC,0.3,0.7172784575454207,dinov2,1,
100,4,100,20,205,31,cb_refit_cvC,3.0,0.7135706340378198,dinov2,1,False
100,4,100,20,205,31,opq_refit_fixedC,0.01,0.5205784204671857,dinov2,1,
100,4,100,20,205,31,opq_refit_cvC,0.003,0.492955135335558,dinov2,1,False
100,4,100,20,205,31,probe_refit_fixedC,0.01,0.46774193548387094,dinov2,1,
100,4,100,20,205,31,probe_refit_cvC,0.1,0.4614386355209492,dinov2,1,False
100,4,100,20,205,31,cb_offset_cvC,10.0,0.6798294401186503,dinov2,1,False
100,4,100,20,205,31,opq_offset_cvC,0.01,0.6019651464590285,dinov2,1,False
100,5,100,17,205,34,cb_zero,,0.6417268661850706,dinov2,1,
100,5,100,17,205,34,opq_zero,,0.6241830065359477,dinov2,1,
100,5,100,17,205,34,cb_refit_fixedC,0.3,0.6090471276229791,dinov2,1,
100,5,100,17,205,34,cb_refit_cvC,10.0,0.6379428964568283,dinov2,1,False
100,5,100,17,205,34,opq_refit_fixedC,0.01,0.5048159614723082,dinov2,1,
100,5,100,17,205,34,opq_refit_cvC,3.0,0.5891812865497076,dinov2,1,False
100,5,100,17,205,34,probe_refit_fixedC,0.01,0.5158238734090127,dinov2,1,
100,5,100,17,205,34,probe_refit_cvC,0.001,0.5333677330581356,dinov2,1,False
100,5,100,17,205,34,cb_offset_cvC,1.0,0.6128310973512213,dinov2,1,False
100,5,100,17,205,34,opq_offset_cvC,0.01,0.5829033367733059,dinov2,1,False
100,6,100,18,205,33,cb_zero,,0.6162790697674418,dinov2,1,
100,6,100,18,205,33,opq_zero,,0.6005990133897111,dinov2,1,
100,6,100,18,205,33,cb_refit_fixedC,0.3,0.6536293164200141,dinov2,1,
100,6,100,18,205,33,cb_refit_cvC,3.0,0.6360112755461592,dinov2,1,False
100,6,100,18,205,33,opq_refit_fixedC,0.01,0.568093727977449,dinov2,1,
100,6,100,18,205,33,opq_refit_cvC,1.0,0.5511804087385483,dinov2,1,False
100,6,100,18,205,33,probe_refit_fixedC,0.01,0.5916138125440452,dinov2,1,
100,6,100,18,205,33,probe_refit_cvC,0.001,0.5983086680761098,dinov2,1,False
100,6,100,18,205,33,cb_offset_cvC,0.001,0.6162790697674418,dinov2,1,False
100,6,100,18,205,33,opq_offset_cvC,0.1,0.5776955602536998,dinov2,1,False
100,7,100,12,205,39,cb_zero,,0.604881062712388,dinov2,1,
100,7,100,12,205,39,opq_zero,,0.6047265987025023,dinov2,1,
100,7,100,12,205,39,cb_refit_fixedC,0.3,0.6144578313253012,dinov2,1,
100,7,100,12,205,39,cb_refit_cvC,0.003,0.6030274945937597,dinov2,1,False
100,7,100,12,205,39,opq_refit_fixedC,0.01,0.544794562866852,dinov2,1,
100,7,100,12,205,39,opq_refit_cvC,10.0,0.49721964782205746,dinov2,1,False
100,7,100,12,205,39,probe_refit_fixedC,0.01,0.4924312635156009,dinov2,1,
100,7,100,12,205,39,probe_refit_cvC,1.0,0.48594377510040165,dinov2,1,False
100,7,100,12,205,39,cb_offset_cvC,0.003,0.6048810627123881,dinov2,1,False
100,7,100,12,205,39,opq_offset_cvC,0.001,0.5880444856348471,dinov2,1,False
100,8,100,18,205,33,cb_zero,,0.6224453840732911,dinov2,1,
100,8,100,18,205,33,opq_zero,,0.6046511627906977,dinov2,1,
100,8,100,18,205,33,cb_refit_fixedC,0.3,0.7413671599718111,dinov2,1,
100,8,100,18,205,33,cb_refit_cvC,3.0,0.7195207892882313,dinov2,1,False
100,8,100,18,205,33,opq_refit_fixedC,0.01,0.5014094432699083,dinov2,1,
100,8,100,18,205,33,opq_refit_cvC,10.0,0.5134778012684988,dinov2,1,False
100,8,100,18,205,33,probe_refit_fixedC,0.01,0.5495066948555319,dinov2,1,
100,8,100,18,205,33,probe_refit_cvC,0.003,0.5500352360817479,dinov2,1,False
100,8,100,18,205,33,cb_offset_cvC,0.001,0.6224453840732911,dinov2,1,False
100,8,100,18,205,33,opq_offset_cvC,0.001,0.5965468639887245,dinov2,1,False
100,9,100,11,205,40,cb_zero,,0.6134848484848485,dinov2,1,
100,9,100,11,205,40,opq_zero,,0.5706060606060606,dinov2,1,
100,9,100,11,205,40,cb_refit_fixedC,0.3,0.6501515151515151,dinov2,1,
100,9,100,11,205,40,cb_refit_cvC,10.0,0.6028787878787879,dinov2,1,False
100,9,100,11,205,40,opq_refit_fixedC,0.01,0.5865151515151514,dinov2,1,
100,9,100,11,205,40,opq_refit_cvC,0.001,0.5470454545454545,dinov2,1,False
100,9,100,11,205,40,probe_refit_fixedC,0.01,0.5096969696969696,dinov2,1,
100,9,100,11,205,40,probe_refit_cvC,3.0,0.5033333333333334,dinov2,1,False
100,9,100,11,205,40,cb_offset_cvC,10.0,0.6034848484848485,dinov2,1,False
100,9,100,11,205,40,opq_offset_cvC,0.001,0.605909090909091,dinov2,1,False
100,10,100,10,205,41,cb_zero,,0.6389054134443783,dinov2,1,
100,10,100,10,205,41,opq_zero,,0.6182331945270672,dinov2,1,
100,10,100,10,205,41,cb_refit_fixedC,0.3,0.5965199286139202,dinov2,1,
100,10,100,10,205,41,cb_refit_cvC,10.0,0.6090124925639501,dinov2,1,False
100,10,100,10,205,41,opq_refit_fixedC,0.01,0.49635633551457464,dinov2,1,
100,10,100,10,205,41,opq_refit_cvC,3.0,0.51598750743605,dinov2,1,False
100,10,100,10,205,41,probe_refit_fixedC,0.01,0.5374776918500892,dinov2,1,
100,10,100,10,205,41,probe_refit_cvC,10.0,0.5260261748958953,dinov2,1,False
100,10,100,10,205,41,cb_offset_cvC,10.0,0.5929506246281976,dinov2,1,False
100,10,100,10,205,41,opq_offset_cvC,0.001,0.6279000594883998,dinov2,1,False
100,11,101,21,204,30,cb_zero,,0.6086206896551725,dinov2,1,
100,11,101,21,204,30,opq_zero,,0.5954022988505747,dinov2,1,
100,11,101,21,204,30,cb_refit_fixedC,0.3,0.6716475095785441,dinov2,1,
100,11,101,21,204,30,cb_refit_cvC,0.001,0.6174329501915709,dinov2,1,False
100,11,101,21,204,30,opq_refit_fixedC,0.01,0.5888888888888889,dinov2,1,
100,11,101,21,204,30,opq_refit_cvC,0.003,0.5731800766283525,dinov2,1,False
100,11,101,21,204,30,probe_refit_fixedC,0.01,0.5385057471264367,dinov2,1,
100,11,101,21,204,30,probe_refit_cvC,0.003,0.528544061302682,dinov2,1,False
100,11,101,21,204,30,cb_offset_cvC,0.001,0.6088122605363985,dinov2,1,False
100,11,101,21,204,30,opq_offset_cvC,0.001,0.5940613026819923,dinov2,1,False
100,12,101,18,204,33,cb_zero,,0.5904660641502746,dinov2,1,
100,12,101,18,204,33,opq_zero,,0.5532518164097111,dinov2,1,
100,12,101,18,204,33,cb_refit_fixedC,0.3,0.6113769271664009,dinov2,1,
100,12,101,18,204,33,cb_refit_cvC,0.3,0.6113769271664009,dinov2,1,False
100,12,101,18,204,33,opq_refit_fixedC,0.01,0.532695374800638,dinov2,1,
100,12,101,18,204,33,opq_refit_cvC,0.03,0.5154173312068049,dinov2,1,False
100,12,101,18,204,33,probe_refit_fixedC,0.01,0.4864433811802233,dinov2,1,
100,12,101,18,204,33,probe_refit_cvC,0.001,0.468722310827574,dinov2,1,False
100,12,101,18,204,33,cb_offset_cvC,1.0,0.6140350877192983,dinov2,1,False
100,12,101,18,204,33,opq_offset_cvC,0.001,0.567605883395357,dinov2,1,False
100,13,101,19,204,32,cb_zero,,0.6460755813953488,dinov2,1,
100,13,101,19,204,32,opq_zero,,0.6173691860465116,dinov2,1,
100,13,101,19,204,32,cb_refit_fixedC,0.3,0.6686046511627907,dinov2,1,
100,13,101,19,204,32,cb_refit_cvC,10.0,0.5988372093023255,dinov2,1,False
100,13,101,19,204,32,opq_refit_fixedC,0.01,0.5704941860465117,dinov2,1,
100,13,101,19,204,32,opq_refit_cvC,1.0,0.5403343023255813,dinov2,1,False
100,13,101,19,204,32,probe_refit_fixedC,0.01,0.43459302325581395,dinov2,1,
100,13,101,19,204,32,probe_refit_cvC,0.001,0.4289607558139535,dinov2,1,False
100,13,101,19,204,32,cb_offset_cvC,0.001,0.6462572674418604,dinov2,1,False
100,13,101,19,204,32,opq_offset_cvC,0.001,0.6371729651162791,dinov2,1,False
100,14,100,17,205,34,cb_zero,,0.5985552115583075,dinov2,1,
100,14,100,17,205,34,opq_zero,,0.565703474372205,dinov2,1,
100,14,100,17,205,34,cb_refit_fixedC,0.3,0.6558307533539731,dinov2,1,
100,14,100,17,205,34,cb_refit_cvC,0.001,0.6277949776401788,dinov2,1,False
100,14,100,17,205,34,opq_refit_fixedC,0.01,0.5328517371861026,dinov2,1,
100,14,100,17,205,34,opq_refit_cvC,1.0,0.5439456484348125,dinov2,1,False
100,14,100,17,205,34,probe_refit_fixedC,0.01,0.5335397316821465,dinov2,1,
100,14,100,17,205,34,probe_refit_cvC,3.0,0.5063639490884073,dinov2,1,False
100,14,100,17,205,34,cb_offset_cvC,0.03,0.5940832473340213,dinov2,1,False
100,14,100,17,205,34,opq_offset_cvC,0.01,0.5450636394908841,dinov2,1,False
100,15,100,18,205,33,cb_zero,,0.6640239605355884,dinov2,1,
100,15,100,18,205,33,opq_zero,,0.6377730796335448,dinov2,1,
100,15,100,18,205,33,cb_refit_fixedC,0.3,0.5983086680761098,dinov2,1,
100,15,100,18,205,33,cb_refit_cvC,10.0,0.6391825229034531,dinov2,1,False
100,15,100,18,205,33,opq_refit_fixedC,0.01,0.4011627906976744,dinov2,1,
100,15,100,18,205,33,opq_refit_cvC,0.1,0.44309372797744895,dinov2,1,False
100,15,100,18,205,33,probe_refit_fixedC,0.01,0.5295983086680762,dinov2,1,
100,15,100,18,205,33,probe_refit_cvC,10.0,0.5229034531360113,dinov2,1,False
100,15,100,18,205,33,cb_offset_cvC,10.0,0.6286116983791402,dinov2,1,False
100,15,100,18,205,33,opq_offset_cvC,0.1,0.4940098661028894,dinov2,1,False
100,16,100,12,205,39,cb_zero,,0.6037998146431881,dinov2,1,
100,16,100,12,205,39,opq_zero,,0.5864998455359902,dinov2,1,
100,16,100,12,205,39,cb_refit_fixedC,0.3,0.6516836577077542,dinov2,1,
100,16,100,12,205,39,cb_refit_cvC,0.03,0.6623416743898671,dinov2,1,False
100,16,100,12,205,39,opq_refit_fixedC,0.01,0.6231850478838431,dinov2,1,
100,16,100,12,205,39,opq_refit_cvC,0.003,0.6021007105344455,dinov2,1,False
100,16,100,12,205,39,probe_refit_fixedC,0.01,0.5345999382143961,dinov2,1,
100,16,100,12,205,39,probe_refit_cvC,0.003,0.5427865307383379,dinov2,1,False
100,16,100,12,205,39,cb_offset_cvC,0.001,0.6041087426629596,dinov2,1,False
100,16,100,12,205,39,opq_offset_cvC,0.001,0.6238801359283286,dinov2,1,False
100,17,100,19,205,32,cb_zero,,0.5809248554913294,dinov2,1,
100,17,100,19,205,32,opq_zero,,0.5832731213872833,dinov2,1,
100,17,100,19,205,32,cb_refit_fixedC,0.3,0.6184971098265896,dinov2,1,
100,17,100,19,205,32,cb_refit_cvC,0.3,0.6184971098265896,dinov2,1,False
100,17,100,19,205,32,opq_refit_fixedC,0.01,0.5093027456647399,dinov2,1,
100,17,100,19,205,32,opq_refit_cvC,0.01,0.5093027456647399,dinov2,1,False
100,17,100,19,205,32,probe_refit_fixedC,0.01,0.5227601156069364,dinov2,1,
100,17,100,19,205,32,probe_refit_cvC,10.0,0.5193280346820809,dinov2,1,False
100,17,100,19,205,32,cb_offset_cvC,3.0,0.6009754335260116,dinov2,1,False
100,17,100,19,205,32,opq_offset_cvC,0.01,0.5545520231213873,dinov2,1,False
100,18,100,17,205,34,cb_zero,,0.5753353973168215,dinov2,1,
100,18,100,17,205,34,opq_zero,,0.5810113519091847,dinov2,1,
100,18,100,17,205,34,cb_refit_fixedC,0.3,0.6148950808393533,dinov2,1,
100,18,100,17,205,34,cb_refit_cvC,1.0,0.6267629858961129,dinov2,1,False
100,18,100,17,205,34,opq_refit_fixedC,0.01,0.5146198830409358,dinov2,1,
100,18,100,17,205,34,opq_refit_cvC,0.001,0.5111799105607155,dinov2,1,False
100,18,100,17,205,34,probe_refit_fixedC,0.01,0.4802201582387341,dinov2,1,
100,18,100,17,205,34,probe_refit_cvC,3.0,0.49329205366357076,dinov2,1,False
100,18,100,17,205,34,cb_offset_cvC,1.0,0.6131750945992431,dinov2,1,False
100,18,100,17,205,34,opq_offset_cvC,0.001,0.5756793945648435,dinov2,1,False
100,19,100,15,205,36,cb_zero,,0.6286982248520709,dinov2,1,
100,19,100,15,205,36,opq_zero,,0.6240959894806049,dinov2,1,
100,19,100,15,205,36,cb_refit_fixedC,0.3,0.6913214990138067,dinov2,1,
100,19,100,15,205,36,cb_refit_cvC,10.0,0.6540105193951348,dinov2,1,False
100,19,100,15,205,36,opq_refit_fixedC,0.01,0.5254766600920446,dinov2,1,
100,19,100,15,205,36,opq_refit_cvC,0.003,0.5092866535174227,dinov2,1,False
100,19,100,15,205,36,probe_refit_fixedC,0.01,0.5918803418803419,dinov2,1,
100,19,100,15,205,36,probe_refit_cvC,1.0,0.5754437869822485,dinov2,1,False
100,19,100,15,205,36,cb_offset_cvC,0.001,0.62853385930309,dinov2,1,False
100,19,100,15,205,36,opq_offset_cvC,0.001,0.62146614069691,dinov2,1,False
100,20,100,21,205,30,cb_zero,,0.6180952380952381,dinov2,1,
100,20,100,21,205,30,opq_zero,,0.5651428571428571,dinov2,1,
100,20,100,21,205,30,cb_refit_fixedC,0.3,0.6571428571428571,dinov2,1,
100,20,100,21,205,30,cb_refit_cvC,1.0,0.6672380952380953,dinov2,1,False
100,20,100,21,205,30,opq_refit_fixedC,0.01,0.5425714285714286,dinov2,1,
100,20,100,21,205,30,opq_refit_cvC,0.3,0.4855238095238095,dinov2,1,False
100,20,100,21,205,30,probe_refit_fixedC,0.01,0.44304761904761897,dinov2,1,
100,20,100,21,205,30,probe_refit_cvC,0.003,0.4499047619047619,dinov2,1,False
100,20,100,21,205,30,cb_offset_cvC,3.0,0.6361904761904762,dinov2,1,False
100,20,100,21,205,30,opq_offset_cvC,0.01,0.5838095238095238,dinov2,1,False
100,21,100,21,205,30,cb_zero,,0.5805714285714285,dinov2,1,
100,21,100,21,205,30,opq_zero,,0.5796190476190476,dinov2,1,
100,21,100,21,205,30,cb_refit_fixedC,0.3,0.660952380952381,dinov2,1,
100,21,100,21,205,30,cb_refit_cvC,0.003,0.6459047619047619,dinov2,1,False
100,21,100,21,205,30,opq_refit_fixedC,0.01,0.5638095238095238,dinov2,1,
100,21,100,21,205,30,opq_refit_cvC,10.0,0.48104761904761906,dinov2,1,False
100,21,100,21,205,30,probe_refit_fixedC,0.01,0.5800000000000001,dinov2,1,
100,21,100,21,205,30,probe_refit_cvC,0.001,0.5563809523809524,dinov2,1,False
100,21,100,21,205,30,cb_offset_cvC,0.001,0.5805714285714285,dinov2,1,False
100,21,100,21,205,30,opq_offset_cvC,10.0,0.496952380952381,dinov2,1,False
100,22,100,13,205,38,cb_zero,,0.602269145918689,dinov2,1,
100,22,100,13,205,38,opq_zero,,0.6172392057989284,dinov2,1,
100,22,100,13,205,38,cb_refit_fixedC,0.3,0.6731799558777183,dinov2,1,
100,22,100,13,205,38,cb_refit_cvC,3.0,0.6772770248975732,dinov2,1,False
100,22,100,13,205,38,opq_refit_fixedC,0.01,0.4579262527576426,dinov2,1,
100,22,100,13,205,38,opq_refit_cvC,0.003,0.4631263788213048,dinov2,1,False
100,22,100,13,205,38,probe_refit_fixedC,0.01,0.4440592499212102,dinov2,1,
100,22,100,13,205,38,probe_refit_cvC,0.01,0.4440592499212102,dinov2,1,False
100,22,100,13,205,38,cb_offset_cvC,1.0,0.6523794516230697,dinov2,1,False
100,22,100,13,205,38,opq_offset_cvC,0.01,0.5508982035928143,dinov2,1,False
100,23,100,20,205,31,cb_zero,,0.6242120875046347,dinov2,1,
100,23,100,20,205,31,opq_zero,,0.6088246199480905,dinov2,1,
100,23,100,20,205,31,cb_refit_fixedC,0.3,0.703374119391917,dinov2,1,
100,23,100,20,205,31,cb_refit_cvC,0.001,0.6766777901371894,dinov2,1,False
100,23,100,20,205,31,opq_refit_fixedC,0.01,0.4809047089358547,dinov2,1,
100,23,100,20,205,31,opq_refit_cvC,0.03,0.48757879124953657,dinov2,1,False
100,23,100,20,205,31,probe_refit_fixedC,0.01,0.45198368557656654,dinov2,1,
100,23,100,20,205,31,probe_refit_cvC,10.0,0.44178717093066366,dinov2,1,False
100,23,100,20,205,31,cb_offset_cvC,0.03,0.6281053021876158,dinov2,1,False
100,23,100,20,205,31,opq_offset_cvC,0.03,0.5454208379681127,dinov2,1,False
100,24,100,15,205,36,cb_zero,,0.6268902038132808,dinov2,1,
100,24,100,15,205,36,opq_zero,,0.6323142669296515,dinov2,1,
100,24,100,15,205,36,cb_refit_fixedC,0.3,0.710387902695595,dinov2,1,
100,24,100,15,205,36,cb_refit_cvC,0.001,0.6798159105851412,dinov2,1,False
100,24,100,15,205,36,opq_refit_fixedC,0.01,0.4305555555555556,dinov2,1,
100,24,100,15,205,36,opq_refit_cvC,1.0,0.45726495726495725,dinov2,1,False
100,24,100,15,205,36,probe_refit_fixedC,0.01,0.4820841551610782,dinov2,1,
100,24,100,15,205,36,probe_refit_cvC,10.0,0.47518080210387903,dinov2,1,False
100,24,100,15,205,36,cb_offset_cvC,0.001,0.6273833004602236,dinov2,1,False
100,24,100,15,205,36,opq_offset_cvC,0.001,0.6489151873767259,dinov2,1,False
100,25,101,16,204,35,cb_zero,,0.609636517328825,dinov2,1,
100,25,101,16,204,35,opq_zero,,0.600676246830093,dinov2,1,
100,25,101,16,204,35,cb_refit_fixedC,0.3,0.7176669484361793,dinov2,1,
100,25,101,16,204,35,cb_refit_cvC,1.0,0.6882502113271344,dinov2,1,False
100,25,101,16,204,35,opq_refit_fixedC,0.01,0.5453930684699915,dinov2,1,
100,25,101,16,204,35,opq_refit_cvC,0.01,0.5453930684699915,dinov2,1,False
100,25,101,16,204,35,probe_refit_fixedC,0.01,0.48064243448858834,dinov2,1,
100,25,101,16,204,35,probe_refit_cvC,0.3,0.4684699915469146,dinov2,1,False
100,25,101,16,204,35,cb_offset_cvC,0.001,0.6099746407438715,dinov2,1,False
100,25,101,16,204,35,opq_offset_cvC,0.01,0.6001690617075233,dinov2,1,False
100,26,100,13,205,38,cb_zero,,0.6014812480302553,dinov2,1,
100,26,100,13,205,38,opq_zero,,0.6008509297195084,dinov2,1,
100,26,100,13,205,38,cb_refit_fixedC,0.3,0.6714465805231642,dinov2,1,
100,26,100,13,205,38,cb_refit_cvC,0.03,0.6526946107784432,dinov2,1,False
100,26,100,13,205,38,opq_refit_fixedC,0.01,0.5875354554049795,dinov2,1,
100,26,100,13,205,38,opq_refit_cvC,10.0,0.5465647652064293,dinov2,1,False
100,26,100,13,205,38,probe_refit_fixedC,0.01,0.5456980775291521,dinov2,1,
100,26,100,13,205,38,probe_refit_cvC,0.001,0.5502678852820674,dinov2,1,False
100,26,100,13,205,38,cb_offset_cvC,0.001,0.6016388276079421,dinov2,1,False
100,26,100,13,205,38,opq_offset_cvC,0.001,0.6188150015757958,dinov2,1,False
100,27,101,24,204,27,cb_zero,,0.628374136848713,dinov2,1,
100,27,101,24,204,27,opq_zero,,0.6258631512868801,dinov2,1,
100,27,101,24,204,27,cb_refit_fixedC,0.3,0.6306758736137267,dinov2,1,
100,27,101,24,204,27,cb_refit_cvC,1.0,0.6371625863151287,dinov2,1,False
100,27,101,24,204,27,opq_refit_fixedC,0.01,0.5643440050219711,dinov2,1,
100,27,101,24,204,27,opq_refit_cvC,0.03,0.5733417032852062,dinov2,1,False
100,27,101,24,204,27,probe_refit_fixedC,0.01,0.40196693869010247,dinov2,1,
100,27,101,24,204,27,probe_refit_cvC,3.0,0.40719815861058795,dinov2,1,False
100,27,101,24,204,27,cb_offset_cvC,3.0,0.6292111320359908,dinov2,1,False
100,27,101,24,204,27,opq_offset_cvC,0.001,0.6160284578363674,dinov2,1,False
100,28,101,21,204,30,cb_zero,,0.6168582375478927,dinov2,1,
100,28,101,21,204,30,opq_zero,,0.6227969348659004,dinov2,1,
100,28,101,21,204,30,cb_refit_fixedC,0.3,0.6743295019157088,dinov2,1,
100,28,101,21,204,30,cb_refit_cvC,10.0,0.6415708812260537,dinov2,1,False
100,28,101,21,204,30,opq_refit_fixedC,0.01,0.54272030651341,dinov2,1,
100,28,101,21,204,30,opq_refit_cvC,10.0,0.4132183908045977,dinov2,1,False
100,28,101,21,204,30,probe_refit_fixedC,0.01,0.46877394636015324,dinov2,1,
100,28,101,21,204,30,probe_refit_cvC,0.001,0.4660919540229885,dinov2,1,False
100,28,101,21,204,30,cb_offset_cvC,10.0,0.6235632183908046,dinov2,1,False
100,28,101,21,204,30,opq_offset_cvC,0.001,0.6283524904214559,dinov2,1,False
100,29,100,13,205,38,cb_zero,,0.6192877403088559,dinov2,1,
100,29,100,13,205,38,opq_zero,,0.5808383233532933,dinov2,1,
100,29,100,13,205,38,cb_refit_fixedC,0.3,0.7024897573274503,dinov2,1,
100,29,100,13,205,38,cb_refit_cvC,10.0,0.666876772770249,dinov2,1,False
100,29,100,13,205,38,opq_refit_fixedC,0.01,0.5283643239836118,dinov2,1,
100,29,100,13,205,38,opq_refit_cvC,0.01,0.5283643239836118,dinov2,1,False
100,29,100,13,205,38,probe_refit_fixedC,0.01,0.48203592814371254,dinov2,1,
100,29,100,13,205,38,probe_refit_cvC,0.001,0.48629057674125437,dinov2,1,False
100,29,100,13,205,38,cb_offset_cvC,0.001,0.6192877403088559,dinov2,1,False
100,29,100,13,205,38,opq_offset_cvC,0.01,0.5721714465805231,dinov2,1,False
10,0,10,1,295,50,cb_zero,,0.6306122448979592,dinov2,2,
10,0,10,1,295,50,opq_zero,,0.5973877551020408,dinov2,2,
10,0,10,1,295,50,cb_refit_fixedC,0.3,0.5864489795918367,dinov2,2,
10,0,10,1,295,50,cb_refit_cvC,0.3,0.5864489795918367,dinov2,2,True
10,0,10,1,295,50,opq_refit_fixedC,0.01,0.5328163265306122,dinov2,2,
10,0,10,1,295,50,opq_refit_cvC,0.01,0.5328163265306122,dinov2,2,True
10,0,10,1,295,50,probe_refit_fixedC,0.01,0.5149387755102042,dinov2,2,
10,0,10,1,295,50,probe_refit_cvC,0.01,0.5149387755102042,dinov2,2,True
10,0,10,1,295,50,cb_offset_cvC,0.001,0.6302857142857142,dinov2,2,True
10,0,10,1,295,50,opq_offset_cvC,0.001,0.557469387755102,dinov2,2,True
10,1,10,1,295,50,cb_zero,,0.6380408163265305,dinov2,2,
10,1,10,1,295,50,opq_zero,,0.6059591836734695,dinov2,2,
10,1,10,1,295,50,cb_refit_fixedC,0.3,0.517795918367347,dinov2,2,
10,1,10,1,295,50,cb_refit_cvC,0.3,0.517795918367347,dinov2,2,True
10,1,10,1,295,50,opq_refit_fixedC,0.01,0.4398367346938775,dinov2,2,
10,1,10,1,295,50,opq_refit_cvC,0.01,0.4398367346938775,dinov2,2,True
10,1,10,1,295,50,probe_refit_fixedC,0.01,0.5071020408163266,dinov2,2,
10,1,10,1,295,50,probe_refit_cvC,0.01,0.5071020408163266,dinov2,2,True
10,1,10,1,295,50,cb_offset_cvC,0.001,0.637795918367347,dinov2,2,True
10,1,10,1,295,50,opq_offset_cvC,0.001,0.4509387755102041,dinov2,2,True
10,2,10,2,295,49,cb_zero,,0.6474199435871909,dinov2,2,
10,2,10,2,295,49,opq_zero,,0.5981416957026714,dinov2,2,
10,2,10,2,295,49,cb_refit_fixedC,0.3,0.324871411979426,dinov2,2,
10,2,10,2,295,49,cb_refit_cvC,10.0,0.33582213373154135,dinov2,2,False
10,2,10,2,295,49,opq_refit_fixedC,0.01,0.3837730214036834,dinov2,2,
10,2,10,2,295,49,opq_refit_cvC,0.001,0.38742326198772187,dinov2,2,False
10,2,10,2,295,49,probe_refit_fixedC,0.01,0.47137879542060723,dinov2,2,
10,2,10,2,295,49,probe_refit_cvC,10.0,0.4809191969470714,dinov2,2,False
10,2,10,2,295,49,cb_offset_cvC,10.0,0.34627509540401524,dinov2,2,False
10,2,10,2,295,49,opq_offset_cvC,0.001,0.4050937448149992,dinov2,2,False
10,3,10,3,295,48,cb_zero,,0.6325910931174089,dinov2,2,
10,3,10,3,295,48,opq_zero,,0.5952260458839406,dinov2,2,
10,3,10,3,295,48,cb_refit_fixedC,0.3,0.5927800269905533,dinov2,2,
10,3,10,3,295,48,cb_refit_cvC,0.3,0.5927800269905533,dinov2,2,False
10,3,10,3,295,48,opq_refit_fixedC,0.01,0.5121879217273954,dinov2,2,
10,3,10,3,295,48,opq_refit_cvC,10.0,0.5474443319838057,dinov2,2,False
10,3,10,3,295,48,probe_refit_fixedC,0.01,0.42518556005398117,dinov2,2,
10,3,10,3,295,48,probe_refit_cvC,0.001,0.44028340080971656,dinov2,2,False
10,3,10,3,295,48,cb_offset_cvC,0.001,0.6325910931174089,dinov2,2,False
10,3,10,3,295,48,opq_offset_cvC,0.01,0.5242914979757085,dinov2,2,False
10,4,10,3,295,48,cb_zero,,0.6314946018893387,dinov2,2,
10,4,10,3,295,48,opq_zero,,0.5963225371120107,dinov2,2,
10,4,10,3,295,48,cb_refit_fixedC,0.3,0.631831983805668,dinov2,2,
10,4,10,3,295,48,cb_refit_cvC,0.001,0.6310728744939272,dinov2,2,False
10,4,10,3,295,48,opq_refit_fixedC,0.01,0.5461369770580297,dinov2,2,
10,4,10,3,295,48,opq_refit_cvC,0.001,0.5375759109311742,dinov2,2,False
10,4,10,3,295,48,probe_refit_fixedC,0.01,0.4899628879892038,dinov2,2,
10,4,10,3,295,48,probe_refit_cvC,0.001,0.49164979757085026,dinov2,2,False
10,4,10,3,295,48,cb_offset_cvC,0.001,0.6314102564102564,dinov2,2,False
10,4,10,3,295,48,opq_offset_cvC,0.003,0.5649460188933872,dinov2,2,False
10,5,10,2,295,49,cb_zero,,0.6291687406669985,dinov2,2,
10,5,10,2,295,49,opq_zero,,0.5967313754770202,dinov2,2,
10,5,10,2,295,49,cb_refit_fixedC,0.3,0.5167579226812676,dinov2,2,
10,5,10,2,295,49,cb_refit_cvC,0.001,0.515015762402522,dinov2,2,False
10,5,10,2,295,49,opq_refit_fixedC,0.01,0.4141778662684586,dinov2,2,
10,5,10,2,295,49,opq_refit_cvC,0.03,0.4268292682926829,dinov2,2,False
10,5,10,2,295,49,probe_refit_fixedC,0.01,0.5519329683092749,dinov2,2,
10,5,10,2,295,49,probe_refit_cvC,0.01,0.5519329683092749,dinov2,2,False
10,5,10,2,295,49,cb_offset_cvC,10.0,0.5613904098224656,dinov2,2,False
10,5,10,2,295,49,opq_offset_cvC,0.001,0.3953874232619878,dinov2,2,False
10,6,10,2,295,49,cb_zero,,0.6183009789281566,dinov2,2,
10,6,10,2,295,49,opq_zero,,0.5821304131408661,dinov2,2,
10,6,10,2,295,49,cb_refit_fixedC,0.3,0.6438526630164261,dinov2,2,
10,6,10,2,295,49,cb_refit_cvC,0.001,0.643437862950058,dinov2,2,False
10,6,10,2,295,49,opq_refit_fixedC,0.01,0.589223494275759,dinov2,2,
10,6,10,2,295,49,opq_refit_cvC,0.001,0.5944914551186328,dinov2,2,False
10,6,10,2,295,49,probe_refit_fixedC,0.01,0.47867927658868425,dinov2,2,
10,6,10,2,295,49,probe_refit_cvC,0.001,0.4788451966152315,dinov2,2,False
10,6,10,2,295,49,cb_offset_cvC,0.001,0.6183009789281566,dinov2,2,False
10,6,10,2,295,49,opq_offset_cvC,0.001,0.6080968972955035,dinov2,2,False
10,7,10,2,295,49,cb_zero,,0.6368010618881698,dinov2,2,
10,7,10,2,295,49,opq_zero,,0.6079309772689563,dinov2,2,
10,7,10,2,295,49,cb_refit_fixedC,0.3,0.5968972955035672,dinov2,2,
10,7,10,2,295,49,cb_refit_cvC,0.001,0.5910900945744152,dinov2,2,False
10,7,10,2,295,49,opq_refit_fixedC,0.01,0.4876804380288701,dinov2,2,
10,7,10,2,295,49,opq_refit_cvC,1.0,0.48456943753111004,dinov2,2,False
10,7,10,2,295,49,probe_refit_fixedC,0.01,0.5592334494773519,dinov2,2,
10,7,10,2,295,49,probe_refit_cvC,0.001,0.5354239256678281,dinov2,2,False
10,7,10,2,295,49,cb_offset_cvC,10.0,0.6254355400696864,dinov2,2,False
10,7,10,2,295,49,opq_offset_cvC,0.01,0.4900447984071677,dinov2,2,False
10,8,10,2,295,49,cb_zero,,0.6302472208395553,dinov2,2,
10,8,10,2,295,49,opq_zero,,0.6002156960345114,dinov2,2,
10,8,10,2,295,49,cb_refit_fixedC,0.3,0.659283225485316,dinov2,2,
10,8,10,2,295,49,cb_refit_cvC,3.0,0.664924506387921,dinov2,2,False
10,8,10,2,295,49,opq_refit_fixedC,0.01,0.525012444001991,dinov2,2,
10,8,10,2,295,49,opq_refit_cvC,0.001,0.5516011282561805,dinov2,2,False
10,8,10,2,295,49,probe_refit_fixedC,0.01,0.5243072838891655,dinov2,2,
10,8,10,2,295,49,probe_refit_cvC,0.003,0.5224821635971462,dinov2,2,False
10,8,10,2,295,49,cb_offset_cvC,0.001,0.6302472208395553,dinov2,2,False
10,8,10,2,295,49,opq_offset_cvC,0.001,0.5768209722913556,dinov2,2,False
10,9,10,4,295,47,cb_zero,,0.626286890871654,dinov2,2,
10,9,10,4,295,47,opq_zero,,0.6007206588881263,dinov2,2,
10,9,10,4,295,47,cb_refit_fixedC,0.3,0.5221345229924502,dinov2,2,
10,9,10,4,295,47,cb_refit_cvC,3.0,0.4969114619080302,dinov2,2,False
10,9,10,4,295,47,opq_refit_fixedC,0.01,0.45470144131777623,dinov2,2,
10,9,10,4,295,47,opq_refit_cvC,0.001,0.4698009608785175,dinov2,2,False
10,9,10,4,295,47,probe_refit_fixedC,0.01,0.5245367192862045,dinov2,2,
10,9,10,4,295,47,probe_refit_cvC,0.003,0.5264241592312973,dinov2,2,False
10,9,10,4,295,47,cb_offset_cvC,0.3,0.6192518874399452,dinov2,2,False
10,9,10,4,295,47,opq_offset_cvC,0.1,0.4514413177762525,dinov2,2,False
10,10,10,1,295,50,cb_zero,,0.6306938775510205,dinov2,2,
10,10,10,1,295,50,opq_zero,,0.5951836734693877,dinov2,2,
10,10,10,1,295,50,cb_refit_fixedC,0.3,0.5129795918367347,dinov2,2,
10,10,10,1,295,50,cb_refit_cvC,0.3,0.5129795918367347,dinov2,2,True
10,10,10,1,295,50,opq_refit_fixedC,0.01,0.5140408163265306,dinov2,2,
10,10,10,1,295,50,opq_refit_cvC,0.01,0.5140408163265306,dinov2,2,True
10,10,10,1,295,50,probe_refit_fixedC,0.01,0.46914285714285714,dinov2,2,
10,10,10,1,295,50,probe_refit_cvC,0.01,0.46914285714285714,dinov2,2,True
10,10,10,1,295,50,cb_offset_cvC,0.001,0.6306938775510205,dinov2,2,True
10,10,10,1,295,50,opq_offset_cvC,0.001,0.5747755102040817,dinov2,2,True
10,11,10,2,295,49,cb_zero,,0.6448481831757094,dinov2,2,
10,11,10,2,295,49,opq_zero,,0.6146507383441181,dinov2,2,
10,11,10,2,295,49,cb_refit_fixedC,0.3,0.4761904761904762,dinov2,2,
10,11,10,2,295,49,cb_refit_cvC,0.001,0.47461423593827773,dinov2,2,False
10,11,10,2,295,49,opq_refit_fixedC,0.01,0.5321884851501576,dinov2,2,
10,11,10,2,295,49,opq_refit_cvC,0.001,0.5398208063713291,dinov2,2,False
10,11,10,2,295,49,probe_refit_fixedC,0.01,0.43454454952712795,dinov2,2,
10,11,10,2,295,49,probe_refit_cvC,0.001,0.4262485481997677,dinov2,2,False
10,11,10,2,295,49,cb_offset_cvC,10.0,0.47453127592500416,dinov2,2,False
10,11,10,2,295,49,opq_offset_cvC,0.01,0.5726729716276755,dinov2,2,False
10,12,10,1,295,50,cb_zero,,0.6308571428571428,dinov2,2,
10,12,10,1,295,50,opq_zero,,0.5932244897959184,dinov2,2,
10,12,10,1,295,50,cb_refit_fixedC,0.3,0.500734693877551,dinov2,2,
10,12,10,1,295,50,cb_refit_cvC,0.3,0.500734693877551,dinov2,2,True
10,12,10,1,295,50,opq_refit_fixedC,0.01,0.586938775510204,dinov2,2,
10,12,10,1,295,50,opq_refit_cvC,0.01,0.586938775510204,dinov2,2,True
10,12,10,1,295,50,probe_refit_fixedC,0.01,0.4791020408163265,dinov2,2,
10,12,10,1,295,50,probe_refit_cvC,0.01,0.4791020408163265,dinov2,2,True
10,12,10,1,295,50,cb_offset_cvC,0.001,0.6308571428571428,dinov2,2,True
10,12,10,1,295,50,opq_offset_cvC,0.001,0.5928163265306122,dinov2,2,True
10,13,10,2,295,49,cb_zero,,0.6354737016757923,dinov2,2,
10,13,10,2,295,49,opq_zero,,0.5978928156628506,dinov2,2,
10,13,10,2,295,49,cb_refit_fixedC,0.3,0.5421436867429898,dinov2,2,
10,13,10,2,295,49,cb_refit_cvC,0.001,0.5589016094242576,dinov2,2,False
10,13,10,2,295,49,opq_refit_fixedC,0.01,0.6014600962336154,dinov2,2,
10,13,10,2,295,49,opq_refit_cvC,0.001,0.61630993860959,dinov2,2,False
10,13,10,2,295,49,probe_refit_fixedC,0.01,0.5127758420441347,dinov2,2,
10,13,10,2,295,49,probe_refit_cvC,0.001,0.5052264808362369,dinov2,2,False
10,13,10,2,295,49,cb_offset_cvC,0.001,0.6354737016757923,dinov2,2,False
10,13,10,2,295,49,opq_offset_cvC,0.003,0.6548863447818152,dinov2,2,False
10,14,10,2,295,49,cb_zero,,0.6217023394723743,dinov2,2,
10,14,10,2,295,49,opq_zero,,0.5930811348929816,dinov2,2,
10,14,10,2,295,49,cb_refit_fixedC,0.3,0.6130744980919198,dinov2,2,
10,14,10,2,295,49,cb_refit_cvC,3.0,0.6394557823129251,dinov2,2,False
10,14,10,2,295,49,opq_refit_fixedC,0.01,0.6104197776671644,dinov2,2,
10,14,10,2,295,49,opq_refit_cvC,3.0,0.609465737514518,dinov2,2,False
10,14,10,2,295,49,probe_refit_fixedC,0.01,0.48971295835407336,dinov2,2,
10,14,10,2,295,49,probe_refit_cvC,0.001,0.4849012775842044,dinov2,2,False
10,14,10,2,295,49,cb_offset_cvC,0.001,0.6217023394723743,dinov2,2,False
10,14,10,2,295,49,opq_offset_cvC,0.01,0.6214534594325536,dinov2,2,False
10,15,10,1,295,50,cb_zero,,0.6329795918367347,dinov2,2,
10,15,10,1,295,50,opq_zero,,0.5981224489795919,dinov2,2,
10,15,10,1,295,50,cb_refit_fixedC,0.3,0.5997551020408163,dinov2,2,
10,15,10,1,295,50,cb_refit_cvC,0.3,0.5997551020408163,dinov2,2,True
10,15,10,1,295,50,opq_refit_fixedC,0.01,0.6320816326530613,dinov2,2,
10,15,10,1,295,50,opq_refit_cvC,0.01,0.6320816326530613,dinov2,2,True
10,15,10,1,295,50,probe_refit_fixedC,0.01,0.4556734693877551,dinov2,2,
10,15,10,1,295,50,probe_refit_cvC,0.01,0.4556734693877551,dinov2,2,True
10,15,10,1,295,50,cb_offset_cvC,0.001,0.632734693877551,dinov2,2,True
10,15,10,1,295,50,opq_offset_cvC,0.001,0.6555102040816327,dinov2,2,True
10,16,10,1,295,50,cb_zero,,0.634530612244898,dinov2,2,
10,16,10,1,295,50,opq_zero,,0.5980408163265306,dinov2,2,
10,16,10,1,295,50,cb_refit_fixedC,0.3,0.43510204081632653,dinov2,2,
10,16,10,1,295,50,cb_refit_cvC,0.3,0.43510204081632653,dinov2,2,True
10,16,10,1,295,50,opq_refit_fixedC,0.01,0.4289795918367347,dinov2,2,
10,16,10,1,295,50,opq_refit_cvC,0.01,0.4289795918367347,dinov2,2,True
10,16,10,1,295,50,probe_refit_fixedC,0.01,0.5444897959183673,dinov2,2,
10,16,10,1,295,50,probe_refit_cvC,0.01,0.5444897959183673,dinov2,2,True
10,16,10,1,295,50,cb_offset_cvC,0.001,0.6346938775510204,dinov2,2,True
10,16,10,1,295,50,opq_offset_cvC,0.001,0.5438367346938776,dinov2,2,True
10,17,10,1,295,50,cb_zero,,0.6204081632653061,dinov2,2,
10,17,10,1,295,50,opq_zero,,0.5853877551020408,dinov2,2,
10,17,10,1,295,50,cb_refit_fixedC,0.3,0.5809795918367348,dinov2,2,
10,17,10,1,295,50,cb_refit_cvC,0.3,0.5809795918367348,dinov2,2,True
10,17,10,1,295,50,opq_refit_fixedC,0.01,0.508530612244898,dinov2,2,
10,17,10,1,295,50,opq_refit_cvC,0.01,0.508530612244898,dinov2,2,True
10,17,10,1,295,50,probe_refit_fixedC,0.01,0.5027755102040816,dinov2,2,
10,17,10,1,295,50,probe_refit_cvC,0.01,0.5027755102040816,dinov2,2,True
10,17,10,1,295,50,cb_offset_cvC,0.001,0.6204081632653061,dinov2,2,True
10,17,10,1,295,50,opq_offset_cvC,0.001,0.5336326530612244,dinov2,2,True
10,18,10,1,295,50,cb_zero,,0.6329795918367347,dinov2,2,
10,18,10,1,295,50,opq_zero,,0.5999183673469388,dinov2,2,
10,18,10,1,295,50,cb_refit_fixedC,0.3,0.46644897959183673,dinov2,2,
10,18,10,1,295,50,cb_refit_cvC,0.3,0.46644897959183673,dinov2,2,True
10,18,10,1,295,50,opq_refit_fixedC,0.01,0.46902040816326535,dinov2,2,
10,18,10,1,295,50,opq_refit_cvC,0.01,0.46902040816326535,dinov2,2,True
10,18,10,1,295,50,probe_refit_fixedC,0.01,0.4885714285714286,dinov2,2,
10,18,10,1,295,50,probe_refit_cvC,0.01,0.4885714285714286,dinov2,2,True
10,18,10,1,295,50,cb_offset_cvC,0.001,0.633142857142857,dinov2,2,True
10,18,10,1,295,50,opq_offset_cvC,0.001,0.550530612244898,dinov2,2,True
10,19,10,1,295,50,cb_zero,,0.6314285714285715,dinov2,2,
10,19,10,1,295,50,opq_zero,,0.6031020408163266,dinov2,2,
10,19,10,1,295,50,cb_refit_fixedC,0.3,0.6551836734693877,dinov2,2,
10,19,10,1,295,50,cb_refit_cvC,0.3,0.6551836734693877,dinov2,2,True
10,19,10,1,295,50,opq_refit_fixedC,0.01,0.5586938775510204,dinov2,2,
10,19,10,1,295,50,opq_refit_cvC,0.01,0.5586938775510204,dinov2,2,True
10,19,10,1,295,50,probe_refit_fixedC,0.01,0.4981224489795919,dinov2,2,
10,19,10,1,295,50,probe_refit_cvC,0.01,0.4981224489795919,dinov2,2,True
10,19,10,1,295,50,cb_offset_cvC,0.001,0.6314285714285713,dinov2,2,True
10,19,10,1,295,50,opq_offset_cvC,0.001,0.619673469387755,dinov2,2,True
10,20,10,1,295,50,cb_zero,,0.6378775510204082,dinov2,2,
10,20,10,1,295,50,opq_zero,,0.6020408163265306,dinov2,2,
10,20,10,1,295,50,cb_refit_fixedC,0.3,0.42873469387755103,dinov2,2,
10,20,10,1,295,50,cb_refit_cvC,0.3,0.42873469387755103,dinov2,2,True
10,20,10,1,295,50,opq_refit_fixedC,0.01,0.5033469387755102,dinov2,2,
10,20,10,1,295,50,opq_refit_cvC,0.01,0.5033469387755102,dinov2,2,True
10,20,10,1,295,50,probe_refit_fixedC,0.01,0.5773061224489796,dinov2,2,
10,20,10,1,295,50,probe_refit_cvC,0.01,0.5773061224489796,dinov2,2,True
10,20,10,1,295,50,cb_offset_cvC,0.001,0.637795918367347,dinov2,2,True
10,20,10,1,295,50,opq_offset_cvC,0.001,0.5907755102040816,dinov2,2,True
10,21,10,3,295,48,cb_zero,,0.6390856950067476,dinov2,2,
10,21,10,3,295,48,opq_zero,,0.5987685560053981,dinov2,2,
10,21,10,3,295,48,cb_refit_fixedC,0.3,0.3949055330634278,dinov2,2,
10,21,10,3,295,48,cb_refit_cvC,0.001,0.40274966261808365,dinov2,2,False
10,21,10,3,295,48,opq_refit_fixedC,0.01,0.44243421052631576,dinov2,2,
10,21,10,3,295,48,opq_refit_cvC,0.001,0.4381747638326586,dinov2,2,False
10,21,10,3,295,48,probe_refit_fixedC,0.01,0.4757928475033738,dinov2,2,
10,21,10,3,295,48,probe_refit_cvC,0.001,0.47393724696356276,dinov2,2,False
10,21,10,3,295,48,cb_offset_cvC,0.001,0.6392543859649122,dinov2,2,False
10,21,10,3,295,48,opq_offset_cvC,0.01,0.4575742240215924,dinov2,2,False
10,22,10,1,295,50,cb_zero,,0.6217142857142858,dinov2,2,
10,22,10,1,295,50,opq_zero,,0.5849795918367348,dinov2,2,
10,22,10,1,295,50,cb_refit_fixedC,0.3,0.598938775510204,dinov2,2,
10,22,10,1,295,50,cb_refit_cvC,0.3,0.598938775510204,dinov2,2,True
10,22,10,1,295,50,opq_refit_fixedC,0.01,0.504734693877551,dinov2,2,
10,22,10,1,295,50,opq_refit_cvC,0.01,0.504734693877551,dinov2,2,True
10,22,10,1,295,50,probe_refit_fixedC,0.01,0.5053877551020408,dinov2,2,
10,22,10,1,295,50,probe_refit_cvC,0.01,0.5053877551020408,dinov2,2,True
10,22,10,1,295,50,cb_offset_cvC,0.001,0.6215510204081631,dinov2,2,True
10,22,10,1,295,50,opq_offset_cvC,0.001,0.5743673469387757,dinov2,2,True
10,23,10,3,295,48,cb_zero,,0.6242408906882592,dinov2,2,
10,23,10,3,295,48,opq_zero,,0.5927800269905533,dinov2,2,
10,23,10,3,295,48,cb_refit_fixedC,0.3,0.606359649122807,dinov2,2,
10,23,10,3,295,48,cb_refit_cvC,0.001,0.6056005398110661,dinov2,2,False
10,23,10,3,295,48,opq_refit_fixedC,0.01,0.5251349527665318,dinov2,2,
10,23,10,3,295,48,opq_refit_cvC,0.001,0.5263157894736843,dinov2,2,False
10,23,10,3,295,48,probe_refit_fixedC,0.01,0.50472334682861,dinov2,2,
10,23,10,3,295,48,probe_refit_cvC,0.001,0.5109649122807017,dinov2,2,False
10,23,10,3,295,48,cb_offset_cvC,0.001,0.6244095816464238,dinov2,2,False
10,23,10,3,295,48,opq_offset_cvC,0.03,0.4876012145748988,dinov2,2,False
10,24,10,1,295,50,cb_zero,,0.6273469387755102,dinov2,2,
10,24,10,1,295,50,opq_zero,,0.597469387755102,dinov2,2,
10,24,10,1,295,50,cb_refit_fixedC,0.3,0.5783673469387756,dinov2,2,
10,24,10,1,295,50,cb_refit_cvC,0.3,0.5783673469387756,dinov2,2,True
10,24,10,1,295,50,opq_refit_fixedC,0.01,0.5801632653061224,dinov2,2,
10,24,10,1,295,50,opq_refit_cvC,0.01,0.5801632653061224,dinov2,2,True
10,24,10,1,295,50,probe_refit_fixedC,0.01,0.4981224489795918,dinov2,2,
10,24,10,1,295,50,probe_refit_cvC,0.01,0.4981224489795918,dinov2,2,True
10,24,10,1,295,50,cb_offset_cvC,0.001,0.6273469387755102,dinov2,2,True
10,24,10,1,295,50,opq_offset_cvC,0.001,0.5929795918367348,dinov2,2,True
10,25,10,1,295,50,cb_zero,,0.6405714285714286,dinov2,2,
10,25,10,1,295,50,opq_zero,,0.597469387755102,dinov2,2,
10,25,10,1,295,50,cb_refit_fixedC,0.3,0.47844897959183674,dinov2,2,
10,25,10,1,295,50,cb_refit_cvC,0.3,0.47844897959183674,dinov2,2,True
10,25,10,1,295,50,opq_refit_fixedC,0.01,0.5700408163265306,dinov2,2,
10,25,10,1,295,50,opq_refit_cvC,0.01,0.5700408163265306,dinov2,2,True
10,25,10,1,295,50,probe_refit_fixedC,0.01,0.4836734693877551,dinov2,2,
10,25,10,1,295,50,probe_refit_cvC,0.01,0.4836734693877551,dinov2,2,True
10,25,10,1,295,50,cb_offset_cvC,0.001,0.6407346938775511,dinov2,2,True
10,25,10,1,295,50,opq_offset_cvC,0.001,0.6114285714285715,dinov2,2,True
10,26,10,1,295,50,cb_zero,,0.6292244897959184,dinov2,2,
10,26,10,1,295,50,opq_zero,,0.5871836734693878,dinov2,2,
10,26,10,1,295,50,cb_refit_fixedC,0.3,0.6275102040816327,dinov2,2,
10,26,10,1,295,50,cb_refit_cvC,0.3,0.6275102040816327,dinov2,2,True
10,26,10,1,295,50,opq_refit_fixedC,0.01,0.5641632653061225,dinov2,2,
10,26,10,1,295,50,opq_refit_cvC,0.01,0.5641632653061225,dinov2,2,True
10,26,10,1,295,50,probe_refit_fixedC,0.01,0.4944489795918367,dinov2,2,
10,26,10,1,295,50,probe_refit_cvC,0.01,0.4944489795918367,dinov2,2,True
10,26,10,1,295,50,cb_offset_cvC,0.001,0.6292244897959184,dinov2,2,True
10,26,10,1,295,50,opq_offset_cvC,0.001,0.5890612244897959,dinov2,2,True
10,27,10,1,295,50,cb_zero,,0.626204081632653,dinov2,2,
10,27,10,1,295,50,opq_zero,,0.5890612244897959,dinov2,2,
10,27,10,1,295,50,cb_refit_fixedC,0.3,0.5456326530612245,dinov2,2,
10,27,10,1,295,50,cb_refit_cvC,0.3,0.5456326530612245,dinov2,2,True
10,27,10,1,295,50,opq_refit_fixedC,0.01,0.6052244897959184,dinov2,2,
10,27,10,1,295,50,opq_refit_cvC,0.01,0.6052244897959184,dinov2,2,True
10,27,10,1,295,50,probe_refit_fixedC,0.01,0.4803265306122449,dinov2,2,
10,27,10,1,295,50,probe_refit_cvC,0.01,0.4803265306122449,dinov2,2,True
10,27,10,1,295,50,cb_offset_cvC,0.001,0.6260408163265305,dinov2,2,True
10,27,10,1,295,50,opq_offset_cvC,0.001,0.6359999999999999,dinov2,2,True
10,28,10,3,295,48,cb_zero,,0.6221322537112011,dinov2,2,
10,28,10,3,295,48,opq_zero,,0.588225371120108,dinov2,2,
10,28,10,3,295,48,cb_refit_fixedC,0.3,0.6459176788124158,dinov2,2,
10,28,10,3,295,48,cb_refit_cvC,0.001,0.6458333333333334,dinov2,2,False
10,28,10,3,295,48,opq_refit_fixedC,0.01,0.5685728744939271,dinov2,2,
10,28,10,3,295,48,opq_refit_cvC,0.001,0.540443657219973,dinov2,2,False
10,28,10,3,295,48,probe_refit_fixedC,0.01,0.47781713900134953,dinov2,2,
10,28,10,3,295,48,probe_refit_cvC,0.001,0.48363697705802966,dinov2,2,False
10,28,10,3,295,48,cb_offset_cvC,0.001,0.6221322537112011,dinov2,2,False
10,28,10,3,295,48,opq_offset_cvC,0.01,0.563849527665317,dinov2,2,False
10,29,10,3,295,48,cb_zero,,0.6270242914979757,dinov2,2,
10,29,10,3,295,48,opq_zero,,0.5959008097165992,dinov2,2,
10,29,10,3,295,48,cb_refit_fixedC,0.3,0.5822368421052632,dinov2,2,
10,29,10,3,295,48,cb_refit_cvC,1.0,0.5815620782726046,dinov2,2,False
10,29,10,3,295,48,opq_refit_fixedC,0.01,0.5456309041835358,dinov2,2,
10,29,10,3,295,48,opq_refit_cvC,0.001,0.5500168690958165,dinov2,2,False
10,29,10,3,295,48,probe_refit_fixedC,0.01,0.4735155195681511,dinov2,2,
10,29,10,3,295,48,probe_refit_cvC,0.001,0.4772267206477733,dinov2,2,False
10,29,10,3,295,48,cb_offset_cvC,1.0,0.5862010796221323,dinov2,2,False
10,29,10,3,295,48,opq_offset_cvC,0.001,0.5490890688259109,dinov2,2,False
25,0,25,5,280,46,cb_zero,,0.6245819397993311,dinov2,2,
25,0,25,5,280,46,opq_zero,,0.5986622073578596,dinov2,2,
25,0,25,5,280,46,cb_refit_fixedC,0.3,0.5660535117056856,dinov2,2,
25,0,25,5,280,46,cb_refit_cvC,10.0,0.5277777777777778,dinov2,2,False
25,0,25,5,280,46,opq_refit_fixedC,0.01,0.513749535488666,dinov2,2,
25,0,25,5,280,46,opq_refit_cvC,0.03,0.5093831289483464,dinov2,2,False
25,0,25,5,280,46,probe_refit_fixedC,0.01,0.49516908212560384,dinov2,2,
25,0,25,5,280,46,probe_refit_cvC,0.1,0.48039762170196953,dinov2,2,False
25,0,25,5,280,46,cb_offset_cvC,10.0,0.5288926049795615,dinov2,2,False
25,0,25,5,280,46,opq_offset_cvC,0.1,0.5306577480490524,dinov2,2,False
25,1,25,3,280,48,cb_zero,,0.6144935344827586,dinov2,2,
25,1,25,3,280,48,opq_zero,,0.5827047413793103,dinov2,2,
25,1,25,3,280,48,cb_refit_fixedC,0.3,0.6841774425287356,dinov2,2,
25,1,25,3,280,48,cb_refit_cvC,3.0,0.6751077586206897,dinov2,2,False
25,1,25,3,280,48,opq_refit_fixedC,0.01,0.6067708333333333,dinov2,2,
25,1,25,3,280,48,opq_refit_cvC,0.001,0.6162895114942528,dinov2,2,False
25,1,25,3,280,48,probe_refit_fixedC,0.01,0.586566091954023,dinov2,2,
25,1,25,3,280,48,probe_refit_cvC,0.003,0.5788433908045977,dinov2,2,False
25,1,25,3,280,48,cb_offset_cvC,3.0,0.6646012931034483,dinov2,2,False
25,1,25,3,280,48,opq_offset_cvC,0.003,0.651221264367816,dinov2,2,False
25,2,25,4,280,47,cb_zero,,0.6109944297324446,dinov2,2,
25,2,25,4,280,47,opq_zero,,0.5837823029860287,dinov2,2,
25,2,25,4,280,47,cb_refit_fixedC,0.3,0.655830517760935,dinov2,2,
25,2,25,4,280,47,cb_refit_cvC,3.0,0.6685234225184914,dinov2,2,False
25,2,25,4,280,47,opq_refit_fixedC,0.01,0.6075244269929687,dinov2,2,
25,2,25,4,280,47,opq_refit_cvC,0.001,0.6104465345630535,dinov2,2,False
25,2,25,4,280,47,probe_refit_fixedC,0.01,0.4739293215231486,dinov2,2,
25,2,25,4,280,47,probe_refit_cvC,10.0,0.490822755912702,dinov2,2,False
25,2,25,4,280,47,cb_offset_cvC,10.0,0.6588439411925852,dinov2,2,False
25,2,25,4,280,47,opq_offset_cvC,0.003,0.6280704958451282,dinov2,2,False
25,3,26,4,279,47,cb_zero,,0.636096845194424,dinov2,2,
25,3,26,4,279,47,opq_zero,,0.592993396918562,dinov2,2,
25,3,26,4,279,47,cb_refit_fixedC,0.3,0.5486060161408658,dinov2,2,
25,3,26,4,279,47,cb_refit_cvC,3.0,0.5853815113719736,dinov2,2,False
25,3,26,4,279,47,opq_refit_fixedC,0.01,0.6296771826852531,dinov2,2,
25,3,26,4,279,47,opq_refit_cvC,0.003,0.6379310344827586,dinov2,2,False
25,3,26,4,279,47,probe_refit_fixedC,0.01,0.563004402054292,dinov2,2,
25,3,26,4,279,47,probe_refit_cvC,0.001,0.5597945707997066,dinov2,2,False
25,3,26,4,279,47,cb_offset_cvC,1.0,0.5867571533382245,dinov2,2,False
25,3,26,4,279,47,opq_offset_cvC,0.001,0.6517791636096845,dinov2,2,False
25,4,25,2,280,49,cb_zero,,0.6250552168919516,dinov2,2,
25,4,25,2,280,49,opq_zero,,0.5879494655004859,dinov2,2,
25,4,25,2,280,49,cb_refit_fixedC,0.3,0.5898047530700592,dinov2,2,
25,4,25,2,280,49,cb_refit_cvC,10.0,0.57416732926937,dinov2,2,False
25,4,25,2,280,49,opq_refit_fixedC,0.01,0.5984627617280679,dinov2,2,
25,4,25,2,280,49,opq_refit_cvC,0.01,0.5984627617280679,dinov2,2,False
25,4,25,2,280,49,probe_refit_fixedC,0.01,0.5147981270430251,dinov2,2,
25,4,25,2,280,49,probe_refit_cvC,10.0,0.49297641134375825,dinov2,2,False
25,4,25,2,280,49,cb_offset_cvC,10.0,0.5761993108931884,dinov2,2,False
25,4,25,2,280,49,opq_offset_cvC,0.003,0.6385723120416998,dinov2,2,False
25,5,25,3,280,48,cb_zero,,0.624371408045977,dinov2,2,
25,5,25,3,280,48,opq_zero,,0.5965337643678161,dinov2,2,
25,5,25,3,280,48,cb_refit_fixedC,0.3,0.6942349137931034,dinov2,2,
25,5,25,3,280,48,cb_refit_cvC,0.01,0.6919001436781609,dinov2,2,False
25,5,25,3,280,48,opq_refit_fixedC,0.01,0.5710757902298852,dinov2,2,
25,5,25,3,280,48,opq_refit_cvC,10.0,0.5451688218390806,dinov2,2,False
25,5,25,3,280,48,probe_refit_fixedC,0.01,0.4873383620689655,dinov2,2,
25,5,25,3,280,48,probe_refit_cvC,0.001,0.4973060344827586,dinov2,2,False
25,5,25,3,280,48,cb_offset_cvC,0.001,0.6243714080459771,dinov2,2,False
25,5,25,3,280,48,opq_offset_cvC,0.001,0.5614224137931035,dinov2,2,False
25,6,25,2,280,49,cb_zero,,0.635656860146656,dinov2,2,
25,6,25,2,280,49,opq_zero,,0.6052654828165033,dinov2,2,
25,6,25,2,280,49,cb_refit_fixedC,0.3,0.4931531053980034,dinov2,2,
25,6,25,2,280,49,cb_refit_cvC,0.001,0.49156285890979773,dinov2,2,False
25,6,25,2,280,49,opq_refit_fixedC,0.01,0.551285449244633,dinov2,2,
25,6,25,2,280,49,opq_refit_cvC,0.3,0.5665694849368319,dinov2,2,False
25,6,25,2,280,49,probe_refit_fixedC,0.01,0.4803427864652355,dinov2,2,
25,6,25,2,280,49,probe_refit_cvC,0.001,0.4839650145772595,dinov2,2,False
25,6,25,2,280,49,cb_offset_cvC,0.001,0.6359219012280237,dinov2,2,False
25,6,25,2,280,49,opq_offset_cvC,0.001,0.6322996731159995,dinov2,2,False
25,7,25,1,280,50,cb_zero,,0.6204347826086957,dinov2,2,
25,7,25,1,280,50,opq_zero,,0.5912173913043477,dinov2,2,
25,7,25,1,280,50,cb_refit_fixedC,0.3,0.6022608695652174,dinov2,2,
25,7,25,1,280,50,cb_refit_cvC,0.3,0.6022608695652174,dinov2,2,True
25,7,25,1,280,50,opq_refit_fixedC,0.01,0.584695652173913,dinov2,2,
25,7,25,1,280,50,opq_refit_cvC,0.01,0.584695652173913,dinov2,2,True
25,7,25,1,280,50,probe_refit_fixedC,0.01,0.48147826086956513,dinov2,2,
25,7,25,1,280,50,probe_refit_cvC,0.01,0.48147826086956513,dinov2,2,True
25,7,25,1,280,50,cb_offset_cvC,0.001,0.6203478260869565,dinov2,2,True
25,7,25,1,280,50,opq_offset_cvC,0.001,0.6480869565217392,dinov2,2,True
25,8,26,2,279,49,cb_zero,,0.6280390417036379,dinov2,2,
25,8,26,2,279,49,opq_zero,,0.5968056787932564,dinov2,2,
25,8,26,2,279,49,cb_refit_fixedC,0.3,0.5272404614019521,dinov2,2,
25,8,26,2,279,49,cb_refit_cvC,1.0,0.5202307009760426,dinov2,2,False
25,8,26,2,279,49,opq_refit_fixedC,0.01,0.49858030168589174,dinov2,2,
25,8,26,2,279,49,opq_refit_cvC,0.3,0.46619343389529727,dinov2,2,False
25,8,26,2,279,49,probe_refit_fixedC,0.01,0.48083407275953866,dinov2,2,
25,8,26,2,279,49,probe_refit_cvC,0.001,0.4863354037267081,dinov2,2,False
25,8,26,2,279,49,cb_offset_cvC,1.0,0.5505767524401064,dinov2,2,False
25,8,26,2,279,49,opq_offset_cvC,1.0,0.4640638864241348,dinov2,2,False
25,9,25,6,280,45,cb_zero,,0.6349881796690308,dinov2,2,
25,9,25,6,280,45,opq_zero,,0.5982033096926714,dinov2,2,
25,9,25,6,280,45,cb_refit_fixedC,0.3,0.6016075650118204,dinov2,2,
25,9,25,6,280,45,cb_refit_cvC,10.0,0.6183451536643025,dinov2,2,False
25,9,25,6,280,45,opq_refit_fixedC,0.01,0.5540425531914893,dinov2,2,
25,9,25,6,280,45,opq_refit_cvC,0.001,0.5542316784869976,dinov2,2,False
25,9,25,6,280,45,probe_refit_fixedC,0.01,0.4988179669030733,dinov2,2,
25,9,25,6,280,45,probe_refit_cvC,0.001,0.4748936170212766,dinov2,2,False
25,9,25,6,280,45,cb_offset_cvC,0.001,0.635177304964539,dinov2,2,False
25,9,25,6,280,45,opq_offset_cvC,0.001,0.6097399527186761,dinov2,2,False
25,10,25,4,280,47,cb_zero,,0.6265181261985207,dinov2,2,
25,10,25,4,280,47,opq_zero,,0.5937357318966304,dinov2,2,
25,10,25,4,280,47,cb_refit_fixedC,0.3,0.641585243356771,dinov2,2,
25,10,25,4,280,47,cb_refit_cvC,0.03,0.6479773536663318,dinov2,2,False
25,10,25,4,280,47,opq_refit_fixedC,0.01,0.5526435941923111,dinov2,2,
25,10,25,4,280,47,opq_refit_cvC,1.0,0.5140169847502511,dinov2,2,False
25,10,25,4,280,47,probe_refit_fixedC,0.01,0.5452470094055337,dinov2,2,
25,10,25,4,280,47,probe_refit_cvC,0.1,0.5470733266368368,dinov2,2,False
25,10,25,4,280,47,cb_offset_cvC,0.001,0.626700757921651,dinov2,2,False
25,10,25,4,280,47,opq_offset_cvC,0.03,0.5768422975070769,dinov2,2,False
25,11,25,3,280,48,cb_zero,,0.6337104885057471,dinov2,2,
25,11,25,3,280,48,opq_zero,,0.595635775862069,dinov2,2,
25,11,25,3,280,48,cb_refit_fixedC,0.3,0.6073994252873564,dinov2,2,
25,11,25,3,280,48,cb_refit_cvC,0.3,0.6073994252873564,dinov2,2,False
25,11,25,3,280,48,opq_refit_fixedC,0.01,0.5803699712643677,dinov2,2,
25,11,25,3,280,48,opq_refit_cvC,10.0,0.5318336925287357,dinov2,2,False
25,11,25,3,280,48,probe_refit_fixedC,0.01,0.5321479885057472,dinov2,2,
25,11,25,3,280,48,probe_refit_cvC,0.01,0.5321479885057472,dinov2,2,False
25,11,25,3,280,48,cb_offset_cvC,1.0,0.6566091954022989,dinov2,2,False
25,11,25,3,280,48,opq_offset_cvC,0.001,0.6139547413793104,dinov2,2,False
25,12,25,2,280,49,cb_zero,,0.622669847159643,dinov2,2,
25,12,25,2,280,49,opq_zero,,0.5869776482021379,dinov2,2,
25,12,25,2,280,49,cb_refit_fixedC,0.3,0.5893630179344466,dinov2,2,
25,12,25,2,280,49,cb_refit_cvC,0.001,0.5860941779309126,dinov2,2,False
25,12,25,2,280,49,opq_refit_fixedC,0.01,0.5865359130665253,dinov2,2,
25,12,25,2,280,49,opq_refit_cvC,3.0,0.5368848838236593,dinov2,2,False
25,12,25,2,280,49,probe_refit_fixedC,0.01,0.5223959713755633,dinov2,2,
25,12,25,2,280,49,probe_refit_cvC,10.0,0.5381217422033748,dinov2,2,False
25,12,25,2,280,49,cb_offset_cvC,0.001,0.6224931531053979,dinov2,2,False
25,12,25,2,280,49,opq_offset_cvC,0.001,0.6174573725594134,dinov2,2,False
25,13,25,2,280,49,cb_zero,,0.6241717466207262,dinov2,2,
25,13,25,2,280,49,opq_zero,,0.591748387666755,dinov2,2,
25,13,25,2,280,49,cb_refit_fixedC,0.3,0.6442265217775422,dinov2,2,
25,13,25,2,280,49,cb_refit_cvC,10.0,0.6549165120593692,dinov2,2,False
25,13,25,2,280,49,opq_refit_fixedC,0.01,0.5737255941337575,dinov2,2,
25,13,25,2,280,49,opq_refit_cvC,0.003,0.5844155844155844,dinov2,2,False
25,13,25,2,280,49,probe_refit_fixedC,0.01,0.5424507465323791,dinov2,2,
25,13,25,2,280,49,probe_refit_cvC,3.0,0.5465147097800159,dinov2,2,False
25,13,25,2,280,49,cb_offset_cvC,0.001,0.6241717466207262,dinov2,2,False
25,13,25,2,280,49,opq_offset_cvC,0.001,0.6181641487763936,dinov2,2,False
25,14,25,5,280,46,cb_zero,,0.6164994425863991,dinov2,2,
25,14,25,5,280,46,opq_zero,,0.586213303604608,dinov2,2,
25,14,25,5,280,46,cb_refit_fixedC,0.3,0.626347082868822,dinov2,2,
25,14,25,5,280,46,cb_refit_cvC,10.0,0.6192865105908584,dinov2,2,False
25,14,25,5,280,46,opq_refit_fixedC,0.01,0.4998141954663694,dinov2,2,
25,14,25,5,280,46,opq_refit_cvC,0.003,0.4833704942400595,dinov2,2,False
25,14,25,5,280,46,probe_refit_fixedC,0.01,0.4507617985878855,dinov2,2,
25,14,25,5,280,46,probe_refit_cvC,0.1,0.45243403939056115,dinov2,2,False
25,14,25,5,280,46,cb_offset_cvC,0.001,0.6165923448532143,dinov2,2,False
25,14,25,5,280,46,opq_offset_cvC,0.001,0.545243403939056,dinov2,2,False
25,15,25,8,280,43,cb_zero,,0.637523304876852,dinov2,2,
25,15,25,8,280,43,opq_zero,,0.6026886468452556,dinov2,2,
25,15,25,8,280,43,cb_refit_fixedC,0.3,0.6035717790207045,dinov2,2,
25,15,25,8,280,43,cb_refit_cvC,0.003,0.5904229221862427,dinov2,2,False
25,15,25,8,280,43,opq_refit_fixedC,0.01,0.5533313708173879,dinov2,2,
25,15,25,8,280,43,opq_refit_cvC,0.3,0.5377784319497596,dinov2,2,False
25,15,25,8,280,43,probe_refit_fixedC,0.01,0.4736532234324404,dinov2,2,
25,15,25,8,280,43,probe_refit_cvC,0.003,0.47316259444607983,dinov2,2,False
25,15,25,8,280,43,cb_offset_cvC,0.001,0.6375233048768522,dinov2,2,False
25,15,25,8,280,43,opq_offset_cvC,1.0,0.5454813070356196,dinov2,2,False
25,16,26,4,279,47,cb_zero,,0.6419662509170947,dinov2,2,
25,16,26,4,279,47,opq_zero,,0.600421863536317,dinov2,2,
25,16,26,4,279,47,cb_refit_fixedC,0.3,0.4958730741012473,dinov2,2,
25,16,26,4,279,47,cb_refit_cvC,0.001,0.4916544387380778,dinov2,2,False
25,16,26,4,279,47,opq_refit_fixedC,0.01,0.6067498165810712,dinov2,2,
25,16,26,4,279,47,opq_refit_cvC,3.0,0.5716709464416728,dinov2,2,False
25,16,26,4,279,47,probe_refit_fixedC,0.01,0.5057776962582539,dinov2,2,
25,16,26,4,279,47,probe_refit_cvC,0.001,0.5055942773294204,dinov2,2,False
25,16,26,4,279,47,cb_offset_cvC,0.003,0.6416911225238444,dinov2,2,False
25,16,26,4,279,47,opq_offset_cvC,0.03,0.651962582538518,dinov2,2,False
25,17,25,6,280,45,cb_zero,,0.6254373522458628,dinov2,2,
25,17,25,6,280,45,opq_zero,,0.5705910165484633,dinov2,2,
25,17,25,6,280,45,cb_refit_fixedC,0.3,0.5368321513002364,dinov2,2,
25,17,25,6,280,45,cb_refit_cvC,0.003,0.5582978723404255,dinov2,2,False
25,17,25,6,280,45,opq_refit_fixedC,0.01,0.5566903073286052,dinov2,2,
25,17,25,6,280,45,opq_refit_cvC,0.001,0.5695508274231679,dinov2,2,False
25,17,25,6,280,45,probe_refit_fixedC,0.01,0.4765957446808511,dinov2,2,
25,17,25,6,280,45,probe_refit_cvC,0.001,0.4644917257683215,dinov2,2,False
25,17,25,6,280,45,cb_offset_cvC,3.0,0.5238770685579196,dinov2,2,False
25,17,25,6,280,45,opq_offset_cvC,0.001,0.5867612293144208,dinov2,2,False
25,18,25,5,280,46,cb_zero,,0.6172426607209216,dinov2,2,
25,18,25,5,280,46,opq_zero,,0.5971757710888146,dinov2,2,
25,18,25,5,280,46,cb_refit_fixedC,0.3,0.6475287997027127,dinov2,2,
25,18,25,5,280,46,cb_refit_cvC,3.0,0.6681531029357116,dinov2,2,False
25,18,25,5,280,46,opq_refit_fixedC,0.01,0.5916016350798959,dinov2,2,
25,18,25,5,280,46,opq_refit_cvC,0.01,0.5916016350798959,dinov2,2,False
25,18,25,5,280,46,probe_refit_fixedC,0.01,0.5438498699368265,dinov2,2,
25,18,25,5,280,46,probe_refit_cvC,3.0,0.5352099591230026,dinov2,2,False
25,18,25,5,280,46,cb_offset_cvC,0.001,0.617056856187291,dinov2,2,False
25,18,25,5,280,46,opq_offset_cvC,0.03,0.6252322556670382,dinov2,2,False
25,19,25,7,280,44,cb_zero,,0.6186440677966102,dinov2,2,
25,19,25,7,280,44,opq_zero,,0.5897534668721109,dinov2,2,
25,19,25,7,280,44,cb_refit_fixedC,0.3,0.6782550077041603,dinov2,2,
25,19,25,7,280,44,cb_refit_cvC,3.0,0.6498459167950692,dinov2,2,False
25,19,25,7,280,44,opq_refit_fixedC,0.01,0.5130970724191064,dinov2,2,
25,19,25,7,280,44,opq_refit_cvC,10.0,0.5192604006163328,dinov2,2,False
25,19,25,7,280,44,probe_refit_fixedC,0.01,0.4576271186440678,dinov2,2,
25,19,25,7,280,44,probe_refit_cvC,10.0,0.46302003081664095,dinov2,2,False
25,19,25,7,280,44,cb_offset_cvC,10.0,0.6191255778120185,dinov2,2,False
25,19,25,7,280,44,opq_offset_cvC,10.0,0.5267719568567026,dinov2,2,False
25,20,25,4,280,47,cb_zero,,0.6250570724134782,dinov2,2,
25,20,25,4,280,47,opq_zero,,0.5908136243265455,dinov2,2,
25,20,25,4,280,47,cb_refit_fixedC,0.3,0.7034973974979455,dinov2,2,
25,20,25,4,280,47,cb_refit_cvC,10.0,0.6686147383800567,dinov2,2,False
25,20,25,4,280,47,opq_refit_fixedC,0.01,0.5654278148114327,dinov2,2,
25,20,25,4,280,47,opq_refit_cvC,10.0,0.4975801296685234,dinov2,2,False
25,20,25,4,280,47,probe_refit_fixedC,0.01,0.5142909323349465,dinov2,2,
25,20,25,4,280,47,probe_refit_cvC,0.03,0.5047940827321706,dinov2,2,False
25,20,25,4,280,47,cb_offset_cvC,0.1,0.6316318144461693,dinov2,2,False
25,20,25,4,280,47,opq_offset_cvC,0.001,0.5888046753721121,dinov2,2,False
25,21,25,2,280,49,cb_zero,,0.6371587596077392,dinov2,2,
25,21,25,2,280,49,opq_zero,,0.5991695379450481,dinov2,2,
25,21,25,2,280,49,cb_refit_fixedC,0.3,0.6219630709426627,dinov2,2,
25,21,25,2,280,49,cb_refit_cvC,0.001,0.6376004947433519,dinov2,2,False
25,21,25,2,280,49,opq_refit_fixedC,0.01,0.6207262125629471,dinov2,2,
25,21,25,2,280,49,opq_refit_cvC,10.0,0.5508878876225815,dinov2,2,False
25,21,25,2,280,49,probe_refit_fixedC,0.01,0.501634420001767,dinov2,2,
25,21,25,2,280,49,probe_refit_cvC,0.001,0.512147716229349,dinov2,2,False
25,21,25,2,280,49,cb_offset_cvC,0.001,0.6368053714992491,dinov2,2,False
25,21,25,2,280,49,opq_offset_cvC,0.001,0.6308861206820391,dinov2,2,False
25,22,25,4,280,47,cb_zero,,0.6313578668614739,dinov2,2,
25,22,25,4,280,47,opq_zero,,0.5865217788329833,dinov2,2,
25,22,25,4,280,47,cb_refit_fixedC,0.3,0.5913615194959364,dinov2,2,
25,22,25,4,280,47,cb_refit_cvC,10.0,0.5344717377408456,dinov2,2,False
25,22,25,4,280,47,opq_refit_fixedC,0.01,0.6023194228837548,dinov2,2,
25,22,25,4,280,47,opq_refit_cvC,0.001,0.6164733814263538,dinov2,2,False
25,22,25,4,280,47,probe_refit_fixedC,0.01,0.5420509542507534,dinov2,2,
25,22,25,4,280,47,probe_refit_cvC,0.01,0.5420509542507534,dinov2,2,False
25,22,25,4,280,47,cb_offset_cvC,0.001,0.630901287553648,dinov2,2,False
25,22,25,4,280,47,opq_offset_cvC,0.001,0.616656013149484,dinov2,2,False
25,23,25,4,280,47,cb_zero,,0.6498036708976349,dinov2,2,
25,23,25,4,280,47,opq_zero,,0.6102639028399233,dinov2,2,
25,23,25,4,280,47,cb_refit_fixedC,0.3,0.36891608072322163,dinov2,2,
25,23,25,4,280,47,cb_refit_cvC,0.001,0.37284266277052325,dinov2,2,False
25,23,25,4,280,47,opq_refit_fixedC,0.01,0.5596749155328281,dinov2,2,
25,23,25,4,280,47,opq_refit_cvC,0.03,0.5497214866222263,dinov2,2,False
25,23,25,4,280,47,probe_refit_fixedC,0.01,0.4227011231850973,dinov2,2,
25,23,25,4,280,47,probe_refit_cvC,0.001,0.4233403342160533,dinov2,2,False
25,23,25,4,280,47,cb_offset_cvC,0.001,0.6498949867592001,dinov2,2,False
25,23,25,4,280,47,opq_offset_cvC,10.0,0.5435120080357958,dinov2,2,False
25,24,25,5,280,46,cb_zero,,0.6364734299516909,dinov2,2,
25,24,25,5,280,46,opq_zero,,0.6025641025641026,dinov2,2,
25,24,25,5,280,46,cb_refit_fixedC,0.3,0.6192865105908585,dinov2,2,
25,24,25,5,280,46,cb_refit_cvC,10.0,0.6544964697138611,dinov2,2,False
25,24,25,5,280,46,opq_refit_fixedC,0.01,0.6223522853957637,dinov2,2,
25,24,25,5,280,46,opq_refit_cvC,0.001,0.6341973244147157,dinov2,2,False
25,24,25,5,280,46,probe_refit_fixedC,0.01,0.4150873281308064,dinov2,2,
25,24,25,5,280,46,probe_refit_cvC,10.0,0.420382757339279,dinov2,2,False
25,24,25,5,280,46,cb_offset_cvC,10.0,0.6439056112969156,dinov2,2,False
25,24,25,5,280,46,opq_offset_cvC,3.0,0.63173541434411,dinov2,2,False
25,25,25,2,280,49,cb_zero,,0.6437847866419294,dinov2,2,
25,25,25,2,280,49,opq_zero,,0.6062373001148512,dinov2,2,
25,25,25,2,280,49,cb_refit_fixedC,0.3,0.45984627617280677,dinov2,2,
25,25,25,2,280,49,cb_refit_cvC,1.0,0.46638395617987455,dinov2,2,False
25,25,25,2,280,49,opq_refit_fixedC,0.01,0.6225815001325206,dinov2,2,
25,25,25,2,280,49,opq_refit_cvC,0.001,0.6370704125806166,dinov2,2,False
25,25,25,2,280,49,probe_refit_fixedC,0.01,0.5289336513826309,dinov2,2,
25,25,25,2,280,49,probe_refit_cvC,0.001,0.5200989486703772,dinov2,2,False
25,25,25,2,280,49,cb_offset_cvC,10.0,0.4927997172895132,dinov2,2,False
25,25,25,2,280,49,opq_offset_cvC,0.001,0.6370704125806167,dinov2,2,False
25,26,25,8,280,43,cb_zero,,0.6432146011186342,dinov2,2,
25,26,25,8,280,43,opq_zero,,0.6105387106270239,dinov2,2,
25,26,25,8,280,43,cb_refit_fixedC,0.3,0.6380139338632126,dinov2,2,
25,26,25,8,280,43,cb_refit_cvC,10.0,0.6072024335197723,dinov2,2,False
25,26,25,8,280,43,opq_refit_fixedC,0.01,0.6298694926896281,dinov2,2,
25,26,25,8,280,43,opq_refit_cvC,10.0,0.5479835148660583,dinov2,2,False
25,26,25,8,280,43,probe_refit_fixedC,0.01,0.41350210970464135,dinov2,2,
25,26,25,8,280,43,probe_refit_cvC,0.001,0.44136983612991854,dinov2,2,False
25,26,25,8,280,43,cb_offset_cvC,0.1,0.6444902364831714,dinov2,2,False
25,26,25,8,280,43,opq_offset_cvC,0.001,0.6149543715042685,dinov2,2,False
25,27,25,3,280,48,cb_zero,,0.6300287356321839,dinov2,2,
25,27,25,3,280,48,opq_zero,,0.5957255747126438,dinov2,2,
25,27,25,3,280,48,cb_refit_fixedC,0.3,0.6378412356321839,dinov2,2,
25,27,25,3,280,48,cb_refit_cvC,0.001,0.6488864942528736,dinov2,2,False
25,27,25,3,280,48,opq_refit_fixedC,0.01,0.6137751436781609,dinov2,2,
25,27,25,3,280,48,opq_refit_cvC,1.0,0.634563577586207,dinov2,2,False
25,27,25,3,280,48,probe_refit_fixedC,0.01,0.5091594827586208,dinov2,2,
25,27,25,3,280,48,probe_refit_cvC,10.0,0.5005387931034483,dinov2,2,False
25,27,25,3,280,48,cb_offset_cvC,0.3,0.6306573275862069,dinov2,2,False
25,27,25,3,280,48,opq_offset_cvC,0.001,0.6409841954022988,dinov2,2,False
25,28,25,2,280,49,cb_zero,,0.6293842212209559,dinov2,2,
25,28,25,2,280,49,opq_zero,,0.5966074741584946,dinov2,2,
25,28,25,2,280,49,cb_refit_fixedC,0.3,0.43175192154783987,dinov2,2,
25,28,25,2,280,49,cb_refit_cvC,0.001,0.43396059722590336,dinov2,2,False
25,28,25,2,280,49,opq_refit_fixedC,0.01,0.5139588302853608,dinov2,2,
25,28,25,2,280,49,opq_refit_cvC,0.001,0.5173160173160173,dinov2,2,False
25,28,25,2,280,49,probe_refit_fixedC,0.01,0.59749094442972,dinov2,2,
25,28,25,2,280,49,probe_refit_cvC,10.0,0.584857319551197,dinov2,2,False
25,28,25,2,280,49,cb_offset_cvC,10.0,0.41629119180139584,dinov2,2,False
25,28,25,2,280,49,opq_offset_cvC,0.03,0.5805283152221927,dinov2,2,False
25,29,25,1,280,50,cb_zero,,0.6206086956521738,dinov2,2,
25,29,25,1,280,50,opq_zero,,0.5858260869565218,dinov2,2,
25,29,25,1,280,50,cb_refit_fixedC,0.3,0.583304347826087,dinov2,2,
25,29,25,1,280,50,cb_refit_cvC,0.3,0.583304347826087,dinov2,2,True
25,29,25,1,280,50,opq_refit_fixedC,0.01,0.5717391304347825,dinov2,2,
25,29,25,1,280,50,opq_refit_cvC,0.01,0.5717391304347825,dinov2,2,True
25,29,25,1,280,50,probe_refit_fixedC,0.01,0.47800000000000004,dinov2,2,
25,29,25,1,280,50,probe_refit_cvC,0.01,0.47800000000000004,dinov2,2,True
25,29,25,1,280,50,cb_offset_cvC,0.001,0.6206956521739131,dinov2,2,True
25,29,25,1,280,50,opq_offset_cvC,0.001,0.5899130434782609,dinov2,2,True
50,0,50,9,255,42,cb_zero,,0.6572769953051643,dinov2,2,
50,0,50,9,255,42,opq_zero,,0.6115582383188016,dinov2,2,
50,0,50,9,255,42,cb_refit_fixedC,0.3,0.5345405767940979,dinov2,2,
50,0,50,9,255,42,cb_refit_cvC,3.0,0.5989268947015426,dinov2,2,False
50,0,50,9,255,42,opq_refit_fixedC,0.01,0.6044042029957523,dinov2,2,
50,0,50,9,255,42,opq_refit_cvC,0.001,0.5904314777554214,dinov2,2,False
50,0,50,9,255,42,probe_refit_fixedC,0.01,0.5598032640286161,dinov2,2,
50,0,50,9,255,42,probe_refit_cvC,1.0,0.5663983903420524,dinov2,2,False
50,0,50,9,255,42,cb_offset_cvC,3.0,0.5945674044265594,dinov2,2,False
50,0,50,9,255,42,opq_offset_cvC,0.1,0.6303375810418064,dinov2,2,False
50,1,50,7,255,44,cb_zero,,0.6376561826798794,dinov2,2,
50,1,50,7,255,44,opq_zero,,0.6091124515295131,dinov2,2,
50,1,50,7,255,44,cb_refit_fixedC,0.3,0.6498276604911676,dinov2,2,
50,1,50,7,255,44,cb_refit_cvC,10.0,0.6496122361051271,dinov2,2,False
50,1,50,7,255,44,opq_refit_fixedC,0.01,0.6037806979750108,dinov2,2,
50,1,50,7,255,44,opq_refit_cvC,1.0,0.5623653597587247,dinov2,2,False
50,1,50,7,255,44,probe_refit_fixedC,0.01,0.5082938388625593,dinov2,2,
50,1,50,7,255,44,probe_refit_cvC,10.0,0.5065704437742352,dinov2,2,False
50,1,50,7,255,44,cb_offset_cvC,3.0,0.644011202068074,dinov2,2,False
50,1,50,7,255,44,opq_offset_cvC,0.3,0.6036191296854805,dinov2,2,False
50,2,50,6,255,45,cb_zero,,0.6129100529100528,dinov2,2,
50,2,50,6,255,45,opq_zero,,0.5834920634920635,dinov2,2,
50,2,50,6,255,45,cb_refit_fixedC,0.3,0.5985185185185184,dinov2,2,
50,2,50,6,255,45,cb_refit_cvC,0.001,0.5684656084656085,dinov2,2,False
50,2,50,6,255,45,opq_refit_fixedC,0.01,0.5891005291005291,dinov2,2,
50,2,50,6,255,45,opq_refit_cvC,0.03,0.5861375661375663,dinov2,2,False
50,2,50,6,255,45,probe_refit_fixedC,0.01,0.42941798941798937,dinov2,2,
50,2,50,6,255,45,probe_refit_cvC,3.0,0.4497354497354497,dinov2,2,False
50,2,50,6,255,45,cb_offset_cvC,0.3,0.6085714285714285,dinov2,2,False
50,2,50,6,255,45,opq_offset_cvC,0.001,0.6119576719576719,dinov2,2,False
50,3,50,11,255,40,cb_zero,,0.6377906976744185,dinov2,2,
50,3,50,11,255,40,opq_zero,,0.5813953488372093,dinov2,2,
50,3,50,11,255,40,cb_refit_fixedC,0.3,0.6840697674418605,dinov2,2,
50,3,50,11,255,40,cb_refit_cvC,0.01,0.680813953488372,dinov2,2,False
50,3,50,11,255,40,opq_refit_fixedC,0.01,0.6119767441860465,dinov2,2,
50,3,50,11,255,40,opq_refit_cvC,3.0,0.6258139534883721,dinov2,2,False
50,3,50,11,255,40,probe_refit_fixedC,0.01,0.5633720930232559,dinov2,2,
50,3,50,11,255,40,probe_refit_cvC,0.1,0.5547674418604651,dinov2,2,False
50,3,50,11,255,40,cb_offset_cvC,0.001,0.6374418604651163,dinov2,2,False
50,3,50,11,255,40,opq_offset_cvC,1.0,0.631860465116279,dinov2,2,False
50,4,50,7,255,44,cb_zero,,0.6177294269711332,dinov2,2,
50,4,50,7,255,44,opq_zero,,0.5910168031021111,dinov2,2,
50,4,50,7,255,44,cb_refit_fixedC,0.3,0.6797716501507971,dinov2,2,
50,4,50,7,255,44,cb_refit_cvC,10.0,0.6786945282205945,dinov2,2,False
50,4,50,7,255,44,opq_refit_fixedC,0.01,0.6241921585523481,dinov2,2,
50,4,50,7,255,44,opq_refit_cvC,0.001,0.6194528220594572,dinov2,2,False
50,4,50,7,255,44,probe_refit_fixedC,0.01,0.45573028866867726,dinov2,2,
50,4,50,7,255,44,probe_refit_cvC,3.0,0.4514218009478673,dinov2,2,False
50,4,50,7,255,44,cb_offset_cvC,0.001,0.6181602757432142,dinov2,2,False
50,4,50,7,255,44,opq_offset_cvC,0.001,0.612559241706161,dinov2,2,False
50,5,50,5,255,46,cb_zero,,0.6370917412107343,dinov2,2,
50,5,50,5,255,46,opq_zero,,0.6087996671520699,dinov2,2,
50,5,50,5,255,46,cb_refit_fixedC,0.3,0.6565425421260661,dinov2,2,
50,5,50,5,255,46,cb_refit_cvC,0.001,0.6637195756188892,dinov2,2,False
50,5,50,5,255,46,opq_refit_fixedC,0.01,0.6458289993759101,dinov2,2,
50,5,50,5,255,46,opq_refit_cvC,0.003,0.6414603702933223,dinov2,2,False
50,5,50,5,255,46,probe_refit_fixedC,0.01,0.5101934678593718,dinov2,2,
50,5,50,5,255,46,probe_refit_cvC,0.3,0.5147701268982734,dinov2,2,False
50,5,50,5,255,46,cb_offset_cvC,0.001,0.6370917412107343,dinov2,2,False
50,5,50,5,255,46,opq_offset_cvC,0.001,0.6161847306012066,dinov2,2,False
50,6,50,12,255,39,cb_zero,,0.6333095916429249,dinov2,2,
50,6,50,12,255,39,opq_zero,,0.6057692307692308,dinov2,2,
50,6,50,12,255,39,cb_refit_fixedC,0.3,0.6489791073124406,dinov2,2,
50,6,50,12,255,39,cb_refit_cvC,0.3,0.6489791073124406,dinov2,2,False
50,6,50,12,255,39,opq_refit_fixedC,0.01,0.5749050332383666,dinov2,2,
50,6,50,12,255,39,opq_refit_cvC,0.003,0.5706315289648624,dinov2,2,False
50,6,50,12,255,39,probe_refit_fixedC,0.01,0.5667141500474834,dinov2,2,
50,6,50,12,255,39,probe_refit_cvC,0.001,0.5726495726495726,dinov2,2,False
50,6,50,12,255,39,cb_offset_cvC,0.001,0.6331908831908832,dinov2,2,False
50,6,50,12,255,39,opq_offset_cvC,0.001,0.6112298195631529,dinov2,2,False
50,7,50,9,255,42,cb_zero,,0.6317907444668008,dinov2,2,
50,7,50,9,255,42,opq_zero,,0.6068634026380505,dinov2,2,
50,7,50,9,255,42,cb_refit_fixedC,0.3,0.5912139503688799,dinov2,2,
50,7,50,9,255,42,cb_refit_cvC,0.001,0.56460988151129,dinov2,2,False
50,7,50,9,255,42,opq_refit_fixedC,0.01,0.6521350324167225,dinov2,2,
50,7,50,9,255,42,opq_refit_cvC,10.0,0.634920634920635,dinov2,2,False
50,7,50,9,255,42,probe_refit_fixedC,0.01,0.4580818242790074,dinov2,2,
50,7,50,9,255,42,probe_refit_cvC,3.0,0.44533869885982563,dinov2,2,False
50,7,50,9,255,42,cb_offset_cvC,0.3,0.6122289291303376,dinov2,2,False
50,7,50,9,255,42,opq_offset_cvC,0.01,0.6630896490051419,dinov2,2,False
50,8,50,11,255,40,cb_zero,,0.6162790697674418,dinov2,2,
50,8,50,11,255,40,opq_zero,,0.5865116279069768,dinov2,2,
50,8,50,11,255,40,cb_refit_fixedC,0.3,0.6593023255813955,dinov2,2,
50,8,50,11,255,40,cb_refit_cvC,10.0,0.6676744186046512,dinov2,2,False
50,8,50,11,255,40,opq_refit_fixedC,0.01,0.568953488372093,dinov2,2,
50,8,50,11,255,40,opq_refit_cvC,3.0,0.5844186046511628,dinov2,2,False
50,8,50,11,255,40,probe_refit_fixedC,0.01,0.4587209302325581,dinov2,2,
50,8,50,11,255,40,probe_refit_cvC,0.001,0.4437209302325581,dinov2,2,False
50,8,50,11,255,40,cb_offset_cvC,10.0,0.6559302325581395,dinov2,2,False
50,8,50,11,255,40,opq_offset_cvC,0.01,0.606279069767442,dinov2,2,False
50,9,50,6,255,45,cb_zero,,0.6235978835978836,dinov2,2,
50,9,50,6,255,45,opq_zero,,0.5921693121693121,dinov2,2,
50,9,50,6,255,45,cb_refit_fixedC,0.3,0.6312169312169312,dinov2,2,
50,9,50,6,255,45,cb_refit_cvC,10.0,0.6228571428571429,dinov2,2,False
50,9,50,6,255,45,opq_refit_fixedC,0.01,0.5932275132275132,dinov2,2,
50,9,50,6,255,45,opq_refit_cvC,0.1,0.5869841269841269,dinov2,2,False
50,9,50,6,255,45,probe_refit_fixedC,0.01,0.5560846560846561,dinov2,2,
50,9,50,6,255,45,probe_refit_cvC,3.0,0.5585185185185184,dinov2,2,False
50,9,50,6,255,45,cb_offset_cvC,10.0,0.617989417989418,dinov2,2,False
50,9,50,6,255,45,opq_offset_cvC,0.03,0.6126984126984127,dinov2,2,False
50,10,51,10,254,41,cb_zero,,0.633688308714073,dinov2,2,
50,10,51,10,254,41,opq_zero,,0.5739150349249971,dinov2,2,
50,10,51,10,254,41,cb_refit_fixedC,0.3,0.5995648688881255,dinov2,2,
50,10,51,10,254,41,cb_refit_cvC,3.0,0.5941829840833619,dinov2,2,False
50,10,51,10,254,41,opq_refit_fixedC,0.01,0.5505553647085766,dinov2,2,
50,10,51,10,254,41,opq_refit_cvC,1.0,0.5237604488720943,dinov2,2,False
50,10,51,10,254,41,probe_refit_fixedC,0.01,0.46547578151837854,dinov2,2,
50,10,51,10,254,41,probe_refit_cvC,0.001,0.4629566013969999,dinov2,2,False
50,10,51,10,254,41,cb_offset_cvC,0.001,0.633688308714073,dinov2,2,False
50,10,51,10,254,41,opq_offset_cvC,0.01,0.5677315928088859,dinov2,2,False
50,11,50,11,255,40,cb_zero,,0.6303488372093023,dinov2,2,
50,11,50,11,255,40,opq_zero,,0.5911627906976744,dinov2,2,
50,11,50,11,255,40,cb_refit_fixedC,0.3,0.672906976744186,dinov2,2,
50,11,50,11,255,40,cb_refit_cvC,10.0,0.6644186046511629,dinov2,2,False
50,11,50,11,255,40,opq_refit_fixedC,0.01,0.5372093023255814,dinov2,2,
50,11,50,11,255,40,opq_refit_cvC,0.1,0.521046511627907,dinov2,2,False
50,11,50,11,255,40,probe_refit_fixedC,0.01,0.566046511627907,dinov2,2,
50,11,50,11,255,40,probe_refit_cvC,0.003,0.5688372093023256,dinov2,2,False
50,11,50,11,255,40,cb_offset_cvC,0.001,0.6304651162790698,dinov2,2,False
50,11,50,11,255,40,opq_offset_cvC,0.03,0.5723255813953488,dinov2,2,False
50,12,51,11,254,40,cb_zero,,0.6088785046728972,dinov2,2,
50,12,51,11,254,40,opq_zero,,0.569158878504673,dinov2,2,
50,12,51,11,254,40,cb_refit_fixedC,0.3,0.6503504672897197,dinov2,2,
50,12,51,11,254,40,cb_refit_cvC,0.001,0.6436915887850466,dinov2,2,False
50,12,51,11,254,40,opq_refit_fixedC,0.01,0.6344626168224299,dinov2,2,
50,12,51,11,254,40,opq_refit_cvC,0.01,0.6344626168224299,dinov2,2,False
50,12,51,11,254,40,probe_refit_fixedC,0.01,0.4587616822429907,dinov2,2,
50,12,51,11,254,40,probe_refit_cvC,0.001,0.48235981308411213,dinov2,2,False
50,12,51,11,254,40,cb_offset_cvC,0.001,0.6092289719626168,dinov2,2,False
50,12,51,11,254,40,opq_offset_cvC,0.001,0.57803738317757,dinov2,2,False
50,13,50,9,255,42,cb_zero,,0.6259780907668232,dinov2,2,
50,13,50,9,255,42,opq_zero,,0.600044712720769,dinov2,2,
50,13,50,9,255,42,cb_refit_fixedC,0.3,0.6937178627319474,dinov2,2,
50,13,50,9,255,42,cb_refit_cvC,0.3,0.6937178627319474,dinov2,2,False
50,13,50,9,255,42,opq_refit_fixedC,0.01,0.6040688575899844,dinov2,2,
50,13,50,9,255,42,opq_refit_cvC,0.1,0.6140174379611,dinov2,2,False
50,13,50,9,255,42,probe_refit_fixedC,0.01,0.549742901855578,dinov2,2,
50,13,50,9,255,42,probe_refit_cvC,3.0,0.5276101050748938,dinov2,2,False
50,13,50,9,255,42,cb_offset_cvC,0.3,0.6507936507936507,dinov2,2,False
50,13,50,9,255,42,opq_offset_cvC,0.1,0.6685669572993516,dinov2,2,False
50,14,50,8,255,43,cb_zero,,0.6122202720491443,dinov2,2,
50,14,50,8,255,43,opq_zero,,0.573387450636244,dinov2,2,
50,14,50,8,255,43,cb_refit_fixedC,0.3,0.6543440105309347,dinov2,2,
50,14,50,8,255,43,cb_refit_cvC,0.001,0.6299912242211495,dinov2,2,False
50,14,50,8,255,43,opq_refit_fixedC,0.01,0.595765686704695,dinov2,2,
50,14,50,8,255,43,opq_refit_cvC,10.0,0.6186924089512944,dinov2,2,False
50,14,50,8,255,43,probe_refit_fixedC,0.01,0.5150285212812638,dinov2,2,
50,14,50,8,255,43,probe_refit_cvC,10.0,0.48793330408073715,dinov2,2,False
50,14,50,8,255,43,cb_offset_cvC,1.0,0.6450197455024134,dinov2,2,False
50,14,50,8,255,43,opq_offset_cvC,0.1,0.6307591048705573,dinov2,2,False
50,15,50,7,255,44,cb_zero,,0.6741706161137442,dinov2,2,
50,15,50,7,255,44,opq_zero,,0.6230073244291253,dinov2,2,
50,15,50,7,255,44,cb_refit_fixedC,0.3,0.531882809133994,dinov2,2,
50,15,50,7,255,44,cb_refit_cvC,3.0,0.5747522619560534,dinov2,2,False
50,15,50,7,255,44,opq_refit_fixedC,0.01,0.5526712623869022,dinov2,2,
50,15,50,7,255,44,opq_refit_cvC,3.0,0.5598879793192589,dinov2,2,False
50,15,50,7,255,44,probe_refit_fixedC,0.01,0.5247738043946575,dinov2,2,
50,15,50,7,255,44,probe_refit_cvC,0.001,0.5285437311503662,dinov2,2,False
50,15,50,7,255,44,cb_offset_cvC,10.0,0.5509478672985781,dinov2,2,False
50,15,50,7,255,44,opq_offset_cvC,3.0,0.5682895303748384,dinov2,2,False
50,16,50,8,255,43,cb_zero,,0.5875383940324703,dinov2,2,
50,16,50,8,255,43,opq_zero,,0.5666959192628345,dinov2,2,
50,16,50,8,255,43,cb_refit_fixedC,0.3,0.5942299254058798,dinov2,2,
50,16,50,8,255,43,cb_refit_cvC,3.0,0.5991663010092146,dinov2,2,False
50,16,50,8,255,43,opq_refit_fixedC,0.01,0.5835892935498026,dinov2,2,
50,16,50,8,255,43,opq_refit_cvC,0.3,0.6060772268538833,dinov2,2,False
50,16,50,8,255,43,probe_refit_fixedC,0.01,0.4893593681439228,dinov2,2,
50,16,50,8,255,43,probe_refit_cvC,10.0,0.5106406318560772,dinov2,2,False
50,16,50,8,255,43,cb_offset_cvC,1.0,0.5895129442738043,dinov2,2,False
50,16,50,8,255,43,opq_offset_cvC,0.3,0.6100263273365512,dinov2,2,False
50,17,50,7,255,44,cb_zero,,0.6020034467901766,dinov2,2,
50,17,50,7,255,44,opq_zero,,0.5767987936234382,dinov2,2,
50,17,50,7,255,44,cb_refit_fixedC,0.3,0.6334554071520896,dinov2,2,
50,17,50,7,255,44,cb_refit_cvC,0.1,0.6232227488151658,dinov2,2,False
50,17,50,7,255,44,opq_refit_fixedC,0.01,0.6069582076691081,dinov2,2,
50,17,50,7,255,44,opq_refit_cvC,0.01,0.6069582076691081,dinov2,2,False
50,17,50,7,255,44,probe_refit_fixedC,0.01,0.5022619560534253,dinov2,2,
50,17,50,7,255,44,probe_refit_cvC,10.0,0.5075398535114175,dinov2,2,False
50,17,50,7,255,44,cb_offset_cvC,0.003,0.6017880224041361,dinov2,2,False
50,17,50,7,255,44,opq_offset_cvC,0.001,0.6156828953037484,dinov2,2,False
50,18,50,13,255,38,cb_zero,,0.64140189182634,dinov2,2,
50,18,50,13,255,38,opq_zero,,0.586708707252001,dinov2,2,
50,18,50,13,255,38,cb_refit_fixedC,0.3,0.6141159349987872,dinov2,2,
50,18,50,13,255,38,cb_refit_cvC,10.0,0.600169779286927,dinov2,2,False
50,18,50,13,255,38,opq_refit_fixedC,0.01,0.6072034926024739,dinov2,2,
50,18,50,13,255,38,opq_refit_cvC,10.0,0.551903953431967,dinov2,2,False
50,18,50,13,255,38,probe_refit_fixedC,0.01,0.4450642735871938,dinov2,2,
50,18,50,13,255,38,probe_refit_cvC,3.0,0.4470046082949308,dinov2,2,False
50,18,50,13,255,38,cb_offset_cvC,0.001,0.64140189182634,dinov2,2,False
50,18,50,13,255,38,opq_offset_cvC,0.003,0.6564394858113025,dinov2,2,False
50,19,50,7,255,44,cb_zero,,0.6343171046962516,dinov2,2,
50,19,50,7,255,44,opq_zero,,0.6040499784575615,dinov2,2,
50,19,50,7,255,44,cb_refit_fixedC,0.3,0.6193451098664369,dinov2,2,
50,19,50,7,255,44,cb_refit_cvC,0.3,0.6193451098664369,dinov2,2,False
50,19,50,7,255,44,opq_refit_fixedC,0.01,0.5554717794054287,dinov2,2,
50,19,50,7,255,44,opq_refit_cvC,0.3,0.5462085308056872,dinov2,2,False
50,19,50,7,255,44,probe_refit_fixedC,0.01,0.5082938388625593,dinov2,2,
50,19,50,7,255,44,probe_refit_cvC,0.001,0.5088323998276606,dinov2,2,False
50,19,50,7,255,44,cb_offset_cvC,0.001,0.6339939681171909,dinov2,2,False
50,19,50,7,255,44,opq_offset_cvC,0.001,0.6102972856527359,dinov2,2,False
50,20,51,7,254,44,cb_zero,,0.6415584415584414,dinov2,2,
50,20,51,7,254,44,opq_zero,,0.6143939393939394,dinov2,2,
50,20,51,7,254,44,cb_refit_fixedC,0.3,0.6286796536796536,dinov2,2,
50,20,51,7,254,44,cb_refit_cvC,10.0,0.6531385281385281,dinov2,2,False
50,20,51,7,254,44,opq_refit_fixedC,0.01,0.5980519480519481,dinov2,2,
50,20,51,7,254,44,opq_refit_cvC,3.0,0.5791125541125541,dinov2,2,False
50,20,51,7,254,44,probe_refit_fixedC,0.01,0.47186147186147187,dinov2,2,
50,20,51,7,254,44,probe_refit_cvC,0.001,0.4647186147186147,dinov2,2,False
50,20,51,7,254,44,cb_offset_cvC,10.0,0.6475108225108224,dinov2,2,False
50,20,51,7,254,44,opq_offset_cvC,0.1,0.6173160173160173,dinov2,2,False
50,21,50,7,255,44,cb_zero,,0.6506893580353296,dinov2,2,
50,21,50,7,255,44,opq_zero,,0.5958638517880224,dinov2,2,
50,21,50,7,255,44,cb_refit_fixedC,0.3,0.5319905213270142,dinov2,2,
50,21,50,7,255,44,cb_refit_cvC,0.001,0.518957345971564,dinov2,2,False
50,21,50,7,255,44,opq_refit_fixedC,0.01,0.5862774666092202,dinov2,2,
50,21,50,7,255,44,opq_refit_cvC,0.001,0.6056656613528651,dinov2,2,False
50,21,50,7,255,44,probe_refit_fixedC,0.01,0.47102542007755277,dinov2,2,
50,21,50,7,255,44,probe_refit_cvC,0.1,0.4785652735889703,dinov2,2,False
50,21,50,7,255,44,cb_offset_cvC,3.0,0.5466393795777681,dinov2,2,False
50,21,50,7,255,44,opq_offset_cvC,0.03,0.6307626023265833,dinov2,2,False
50,22,51,7,254,44,cb_zero,,0.6213203463203464,dinov2,2,
50,22,51,7,254,44,opq_zero,,0.5938311688311688,dinov2,2,
50,22,51,7,254,44,cb_refit_fixedC,0.3,0.6487012987012986,dinov2,2,
50,22,51,7,254,44,cb_refit_cvC,10.0,0.6478354978354978,dinov2,2,False
50,22,51,7,254,44,opq_refit_fixedC,0.01,0.5913419913419914,dinov2,2,
50,22,51,7,254,44,opq_refit_cvC,0.001,0.6137445887445887,dinov2,2,False
50,22,51,7,254,44,probe_refit_fixedC,0.01,0.5002164502164502,dinov2,2,
50,22,51,7,254,44,probe_refit_cvC,10.0,0.5055194805194805,dinov2,2,False
50,22,51,7,254,44,cb_offset_cvC,0.01,0.6224025974025974,dinov2,2,False
50,22,51,7,254,44,opq_offset_cvC,0.001,0.6446969696969698,dinov2,2,False
50,23,50,5,255,46,cb_zero,,0.6213854795090492,dinov2,2,
50,23,50,5,255,46,opq_zero,,0.5835240274599542,dinov2,2,
50,23,50,5,255,46,cb_refit_fixedC,0.3,0.631578947368421,dinov2,2,
50,23,50,5,255,46,cb_refit_cvC,10.0,0.6103598918244227,dinov2,2,False
50,23,50,5,255,46,opq_refit_fixedC,0.01,0.6249219887663824,dinov2,2,
50,23,50,5,255,46,opq_refit_cvC,0.003,0.6150405658414813,dinov2,2,False
50,23,50,5,255,46,probe_refit_fixedC,0.01,0.50364052423549,dinov2,2,
50,23,50,5,255,46,probe_refit_cvC,10.0,0.5083211982525484,dinov2,2,False
50,23,50,5,255,46,cb_offset_cvC,10.0,0.616600790513834,dinov2,2,False
50,23,50,5,255,46,opq_offset_cvC,0.003,0.6334512169752444,dinov2,2,False
50,24,50,11,255,40,cb_zero,,0.6201162790697674,dinov2,2,
50,24,50,11,255,40,opq_zero,,0.5762790697674418,dinov2,2,
50,24,50,11,255,40,cb_refit_fixedC,0.3,0.5886046511627907,dinov2,2,
50,24,50,11,255,40,cb_refit_cvC,1.0,0.5848837209302326,dinov2,2,False
50,24,50,11,255,40,opq_refit_fixedC,0.01,0.5619767441860464,dinov2,2,
50,24,50,11,255,40,opq_refit_cvC,0.001,0.5317441860465116,dinov2,2,False
50,24,50,11,255,40,probe_refit_fixedC,0.01,0.5603488372093023,dinov2,2,
50,24,50,11,255,40,probe_refit_cvC,1.0,0.5629069767441861,dinov2,2,False
50,24,50,11,255,40,cb_offset_cvC,3.0,0.5994186046511629,dinov2,2,False
50,24,50,11,255,40,opq_offset_cvC,0.001,0.5712790697674418,dinov2,2,False
50,25,50,13,255,38,cb_zero,,0.6262430269221441,dinov2,2,
50,25,50,13,255,38,opq_zero,,0.5853747271404317,dinov2,2,
50,25,50,13,255,38,cb_refit_fixedC,0.3,0.6481930633034199,dinov2,2,
50,25,50,13,255,38,cb_refit_cvC,10.0,0.6320640310453552,dinov2,2,False
50,25,50,13,255,38,opq_refit_fixedC,0.01,0.5803419839922386,dinov2,2,
50,25,50,13,255,38,opq_refit_cvC,0.01,0.5803419839922386,dinov2,2,False
50,25,50,13,255,38,probe_refit_fixedC,0.01,0.5104292990540868,dinov2,2,
50,25,50,13,255,38,probe_refit_cvC,0.001,0.5209798690274072,dinov2,2,False
50,25,50,13,255,38,cb_offset_cvC,0.001,0.6263642978413776,dinov2,2,False
50,25,50,13,255,38,opq_offset_cvC,0.001,0.5586951249090468,dinov2,2,False
50,26,50,9,255,42,cb_zero,,0.6329085624860273,dinov2,2,
50,26,50,9,255,42,opq_zero,,0.6025039123630673,dinov2,2,
50,26,50,9,255,42,cb_refit_fixedC,0.3,0.645987033310977,dinov2,2,
50,26,50,9,255,42,cb_refit_cvC,0.003,0.6618600491839928,dinov2,2,False
50,26,50,9,255,42,opq_refit_fixedC,0.01,0.6021685669572994,dinov2,2,
50,26,50,9,255,42,opq_refit_cvC,10.0,0.5956293315448246,dinov2,2,False
50,26,50,9,255,42,probe_refit_fixedC,0.01,0.5252626872345183,dinov2,2,
50,26,50,9,255,42,probe_refit_cvC,0.001,0.5262687234518221,dinov2,2,False
50,26,50,9,255,42,cb_offset_cvC,0.001,0.63302034428795,dinov2,2,False
50,26,50,9,255,42,opq_offset_cvC,1.0,0.613346747149564,dinov2,2,False
50,27,50,10,255,41,cb_zero,,0.6085023934351493,dinov2,2,
50,27,50,10,255,41,opq_zero,,0.562115340779576,dinov2,2,
50,27,50,10,255,41,cb_refit_fixedC,0.3,0.6573968543423753,dinov2,2,
50,27,50,10,255,41,cb_refit_cvC,0.3,0.6573968543423753,dinov2,2,False
50,27,50,10,255,41,opq_refit_fixedC,0.01,0.633918395258719,dinov2,2,
50,27,50,10,255,41,opq_refit_cvC,3.0,0.6147709140642809,dinov2,2,False
50,27,50,10,255,41,probe_refit_fixedC,0.01,0.5299749259174835,dinov2,2,
50,27,50,10,255,41,probe_refit_cvC,3.0,0.5041030316845224,dinov2,2,False
50,27,50,10,255,41,cb_offset_cvC,0.001,0.6086163665374972,dinov2,2,False
50,27,50,10,255,41,opq_offset_cvC,0.001,0.6072486893093231,dinov2,2,False
50,28,50,8,255,43,cb_zero,,0.6302106186924089,dinov2,2,
50,28,50,8,255,43,opq_zero,,0.6024572180781045,dinov2,2,
50,28,50,8,255,43,cb_refit_fixedC,0.3,0.684071961386573,dinov2,2,
50,28,50,8,255,43,cb_refit_cvC,3.0,0.6305397103992979,dinov2,2,False
50,28,50,8,255,43,opq_refit_fixedC,0.01,0.5485958753839404,dinov2,2,
50,28,50,8,255,43,opq_refit_cvC,0.3,0.5577007459412023,dinov2,2,False
50,28,50,8,255,43,probe_refit_fixedC,0.01,0.4892496709082931,dinov2,2,
50,28,50,8,255,43,probe_refit_cvC,0.001,0.4931987713909609,dinov2,2,False
50,28,50,8,255,43,cb_offset_cvC,0.001,0.6303203159280386,dinov2,2,False
50,28,50,8,255,43,opq_offset_cvC,0.3,0.5689995612110575,dinov2,2,False
50,29,50,8,255,43,cb_zero,,0.6229706011408512,dinov2,2,
50,29,50,8,255,43,opq_zero,,0.5854541465555068,dinov2,2,
50,29,50,8,255,43,cb_refit_fixedC,0.3,0.6520403685827117,dinov2,2,
50,29,50,8,255,43,cb_refit_cvC,3.0,0.6444712593242651,dinov2,2,False
50,29,50,8,255,43,opq_refit_fixedC,0.01,0.6237384817902588,dinov2,2,
50,29,50,8,255,43,opq_refit_cvC,3.0,0.6376151820974112,dinov2,2,False
50,29,50,8,255,43,probe_refit_fixedC,0.01,0.5447564721369021,dinov2,2,
50,29,50,8,255,43,probe_refit_cvC,0.001,0.5232558139534884,dinov2,2,False
50,29,50,8,255,43,cb_offset_cvC,0.03,0.6237384817902588,dinov2,2,False
50,29,50,8,255,43,opq_offset_cvC,0.001,0.6156208863536639,dinov2,2,False
100,0,100,14,205,37,cb_zero,,0.5873552123552124,dinov2,2,
100,0,100,14,205,37,opq_zero,,0.5825289575289576,dinov2,2,
100,0,100,14,205,37,cb_refit_fixedC,0.3,0.6658622908622909,dinov2,2,
100,0,100,14,205,37,cb_refit_cvC,0.03,0.6362612612612613,dinov2,2,False
100,0,100,14,205,37,opq_refit_fixedC,0.01,0.6023166023166023,dinov2,2,
100,0,100,14,205,37,opq_refit_cvC,0.003,0.5931467181467182,dinov2,2,False
100,0,100,14,205,37,probe_refit_fixedC,0.01,0.5915379665379665,dinov2,2,
100,0,100,14,205,37,probe_refit_cvC,0.003,0.5775418275418276,dinov2,2,False
100,0,100,14,205,37,cb_offset_cvC,0.003,0.5881595881595882,dinov2,2,False
100,0,100,14,205,37,opq_offset_cvC,0.01,0.6623230373230373,dinov2,2,False
100,1,100,19,205,32,cb_zero,,0.6123554913294798,dinov2,2,
100,1,100,19,205,32,opq_zero,,0.5845375722543352,dinov2,2,
100,1,100,19,205,32,cb_refit_fixedC,0.3,0.6407153179190752,dinov2,2,
100,1,100,19,205,32,cb_refit_cvC,10.0,0.6072976878612717,dinov2,2,False
100,1,100,19,205,32,opq_refit_fixedC,0.01,0.6060332369942196,dinov2,2,
100,1,100,19,205,32,opq_refit_cvC,1.0,0.6255419075144508,dinov2,2,False
100,1,100,19,205,32,probe_refit_fixedC,0.01,0.5290823699421965,dinov2,2,
100,1,100,19,205,32,probe_refit_cvC,0.1,0.524385838150289,dinov2,2,False
100,1,100,19,205,32,cb_offset_cvC,0.03,0.6147037572254335,dinov2,2,False
100,1,100,19,205,32,opq_offset_cvC,0.01,0.6582369942196532,dinov2,2,False
100,2,100,13,205,38,cb_zero,,0.6415064607626851,dinov2,2,
100,2,100,13,205,38,opq_zero,,0.5874566656161362,dinov2,2,
100,2,100,13,205,38,cb_refit_fixedC,0.3,0.6391427670973842,dinov2,2,
100,2,100,13,205,38,cb_refit_cvC,10.0,0.5915537346359913,dinov2,2,False
100,2,100,13,205,38,opq_refit_fixedC,0.01,0.5718562874251497,dinov2,2,
100,2,100,13,205,38,opq_refit_cvC,0.3,0.5907658367475574,dinov2,2,False
100,2,100,13,205,38,probe_refit_fixedC,0.01,0.5173337535455405,dinov2,2,
100,2,100,13,205,38,probe_refit_cvC,0.1,0.5110305704380713,dinov2,2,False
100,2,100,13,205,38,cb_offset_cvC,10.0,0.597541758588087,dinov2,2,False
100,2,100,13,205,38,opq_offset_cvC,0.003,0.6284273558146865,dinov2,2,False
100,3,100,14,205,37,cb_zero,,0.6735842985842986,dinov2,2,
100,3,100,14,205,37,opq_zero,,0.6415701415701416,dinov2,2,
100,3,100,14,205,37,cb_refit_fixedC,0.3,0.6711711711711712,dinov2,2,
100,3,100,14,205,37,cb_refit_cvC,10.0,0.6518661518661519,dinov2,2,False
100,3,100,14,205,37,opq_refit_fixedC,0.01,0.5711068211068211,dinov2,2,
100,3,100,14,205,37,opq_refit_cvC,10.0,0.5818854568854569,dinov2,2,False
100,3,100,14,205,37,probe_refit_fixedC,0.01,0.4675032175032175,dinov2,2,
100,3,100,14,205,37,probe_refit_cvC,0.001,0.4686293436293436,dinov2,2,False
100,3,100,14,205,37,cb_offset_cvC,0.001,0.673906048906049,dinov2,2,False
100,3,100,14,205,37,opq_offset_cvC,3.0,0.5908944658944659,dinov2,2,False
100,4,100,16,205,35,cb_zero,,0.6852100840336134,dinov2,2,
100,4,100,16,205,35,opq_zero,,0.6383193277310925,dinov2,2,
100,4,100,16,205,35,cb_refit_fixedC,0.3,0.4984873949579832,dinov2,2,
100,4,100,16,205,35,cb_refit_cvC,10.0,0.5769747899159663,dinov2,2,False
100,4,100,16,205,35,opq_refit_fixedC,0.01,0.5714285714285715,dinov2,2,
100,4,100,16,205,35,opq_refit_cvC,0.03,0.5709243697478992,dinov2,2,False
100,4,100,16,205,35,probe_refit_fixedC,0.01,0.4835294117647059,dinov2,2,
100,4,100,16,205,35,probe_refit_cvC,0.001,0.48403361344537826,dinov2,2,False
100,4,100,16,205,35,cb_offset_cvC,3.0,0.5800000000000001,dinov2,2,False
100,4,100,16,205,35,opq_offset_cvC,0.01,0.646890756302521,dinov2,2,False
100,5,100,15,205,36,cb_zero,,0.6761998685075608,dinov2,2,
100,5,100,15,205,36,opq_zero,,0.6439842209072979,dinov2,2,
100,5,100,15,205,36,cb_refit_fixedC,0.3,0.6494082840236687,dinov2,2,
100,5,100,15,205,36,cb_refit_cvC,3.0,0.6446416831032216,dinov2,2,False
100,5,100,15,205,36,opq_refit_fixedC,0.01,0.5770874424720579,dinov2,2,
100,5,100,15,205,36,opq_refit_cvC,0.03,0.576758711374096,dinov2,2,False
100,5,100,15,205,36,probe_refit_fixedC,0.01,0.46729125575279423,dinov2,2,
100,5,100,15,205,36,probe_refit_cvC,0.003,0.46433267587113736,dinov2,2,False
100,5,100,15,205,36,cb_offset_cvC,10.0,0.6079881656804734,dinov2,2,False
100,5,100,15,205,36,opq_offset_cvC,0.03,0.6347797501643655,dinov2,2,False
100,6,100,16,205,35,cb_zero,,0.6435294117647059,dinov2,2,
100,6,100,16,205,35,opq_zero,,0.5991596638655462,dinov2,2,
100,6,100,16,205,35,cb_refit_fixedC,0.3,0.6825210084033614,dinov2,2,
100,6,100,16,205,35,cb_refit_cvC,10.0,0.579327731092437,dinov2,2,False
100,6,100,16,205,35,opq_refit_fixedC,0.01,0.560252100840336,dinov2,2,
100,6,100,16,205,35,opq_refit_cvC,0.3,0.6132773109243698,dinov2,2,False
100,6,100,16,205,35,probe_refit_fixedC,0.01,0.5416806722689075,dinov2,2,
100,6,100,16,205,35,probe_refit_cvC,10.0,0.5183193277310925,dinov2,2,False
100,6,100,16,205,35,cb_offset_cvC,10.0,0.5838655462184873,dinov2,2,False
100,6,100,16,205,35,opq_offset_cvC,0.01,0.5877310924369749,dinov2,2,False
100,7,100,16,205,35,cb_zero,,0.7036974789915966,dinov2,2,
100,7,100,16,205,35,opq_zero,,0.6534453781512605,dinov2,2,
100,7,100,16,205,35,cb_refit_fixedC,0.3,0.6169747899159664,dinov2,2,
100,7,100,16,205,35,cb_refit_cvC,0.3,0.6169747899159664,dinov2,2,False
100,7,100,16,205,35,opq_refit_fixedC,0.01,0.5631932773109244,dinov2,2,
100,7,100,16,205,35,opq_refit_cvC,10.0,0.5307563025210085,dinov2,2,False
100,7,100,16,205,35,probe_refit_fixedC,0.01,0.4813445378151261,dinov2,2,
100,7,100,16,205,35,probe_refit_cvC,1.0,0.4678991596638655,dinov2,2,False
100,7,100,16,205,35,cb_offset_cvC,0.001,0.703529411764706,dinov2,2,False
100,7,100,16,205,35,opq_offset_cvC,0.003,0.727563025210084,dinov2,2,False
100,8,101,16,204,35,cb_zero,,0.5988165680473373,dinov2,2,
100,8,101,16,204,35,opq_zero,,0.5707523245984784,dinov2,2,
100,8,101,16,204,35,cb_refit_fixedC,0.3,0.6339814032121724,dinov2,2,
100,8,101,16,204,35,cb_refit_cvC,0.3,0.6339814032121724,dinov2,2,False
100,8,101,16,204,35,opq_refit_fixedC,0.01,0.5854606931530009,dinov2,2,
100,8,101,16,204,35,opq_refit_cvC,0.001,0.5678782755705832,dinov2,2,False
100,8,101,16,204,35,probe_refit_fixedC,0.01,0.5416737109044801,dinov2,2,
100,8,101,16,204,35,probe_refit_cvC,0.03,0.5421808960270498,dinov2,2,False
100,8,101,16,204,35,cb_offset_cvC,1.0,0.6101437024513947,dinov2,2,False
100,8,101,16,204,35,opq_offset_cvC,0.01,0.643956043956044,dinov2,2,False
100,9,100,12,205,39,cb_zero,,0.6340747605807846,dinov2,2,
100,9,100,12,205,39,opq_zero,,0.5767686129131911,dinov2,2,
100,9,100,12,205,39,cb_refit_fixedC,0.3,0.6697559468643806,dinov2,2,
100,9,100,12,205,39,cb_refit_cvC,3.0,0.6561631139944392,dinov2,2,False
100,9,100,12,205,39,opq_refit_fixedC,0.01,0.5852641334569046,dinov2,2,
100,9,100,12,205,39,opq_refit_cvC,10.0,0.5759962928637627,dinov2,2,False
100,9,100,12,205,39,probe_refit_fixedC,0.01,0.4629286376274328,dinov2,2,
100,9,100,12,205,39,probe_refit_cvC,0.003,0.4652455977757182,dinov2,2,False
100,9,100,12,205,39,cb_offset_cvC,0.3,0.660333642261353,dinov2,2,False
100,9,100,12,205,39,opq_offset_cvC,0.003,0.6051899907321594,dinov2,2,False
100,10,101,14,204,37,cb_zero,,0.6091600582618547,dinov2,2,
100,10,101,14,204,37,opq_zero,,0.5623887360414307,dinov2,2,
100,10,101,14,204,37,cb_refit_fixedC,0.3,0.6658035280789771,dinov2,2,
100,10,101,14,204,37,cb_refit_cvC,0.3,0.6658035280789771,dinov2,2,False
100,10,101,14,204,37,opq_refit_fixedC,0.01,0.5886065706424988,dinov2,2,
100,10,101,14,204,37,opq_refit_cvC,0.03,0.5994497491503479,dinov2,2,False
100,10,101,14,204,37,probe_refit_fixedC,0.01,0.5478232723741706,dinov2,2,
100,10,101,14,204,37,probe_refit_cvC,0.001,0.5133516750283218,dinov2,2,False
100,10,101,14,204,37,cb_offset_cvC,0.1,0.6117494740249232,dinov2,2,False
100,10,101,14,204,37,opq_offset_cvC,0.001,0.5937854021686357,dinov2,2,False
100,11,100,14,205,37,cb_zero,,0.6507400257400258,dinov2,2,
100,11,100,14,205,37,opq_zero,,0.5957207207207207,dinov2,2,
100,11,100,14,205,37,cb_refit_fixedC,0.3,0.5826898326898327,dinov2,2,
100,11,100,14,205,37,cb_refit_cvC,1.0,0.5785070785070785,dinov2,2,False
100,11,100,14,205,37,opq_refit_fixedC,0.01,0.601994851994852,dinov2,2,
100,11,100,14,205,37,opq_refit_cvC,0.3,0.601994851994852,dinov2,2,False
100,11,100,14,205,37,probe_refit_fixedC,0.01,0.5339446589446589,dinov2,2,
100,11,100,14,205,37,probe_refit_cvC,0.1,0.5424710424710425,dinov2,2,False
100,11,100,14,205,37,cb_offset_cvC,1.0,0.578024453024453,dinov2,2,False
100,11,100,14,205,37,opq_offset_cvC,0.01,0.6303088803088803,dinov2,2,False
100,12,101,16,204,35,cb_zero,,0.6595097210481826,dinov2,2,
100,12,101,16,204,35,opq_zero,,0.5866441251056635,dinov2,2,
100,12,101,16,204,35,cb_refit_fixedC,0.3,0.6348267117497887,dinov2,2,
100,12,101,16,204,35,cb_refit_cvC,1.0,0.6131868131868132,dinov2,2,False
100,12,101,16,204,35,opq_refit_fixedC,0.01,0.6368554522400677,dinov2,2,
100,12,101,16,204,35,opq_refit_cvC,1.0,0.6197802197802198,dinov2,2,False
100,12,101,16,204,35,probe_refit_fixedC,0.01,0.5479289940828402,dinov2,2,
100,12,101,16,204,35,probe_refit_cvC,0.001,0.5656804733727812,dinov2,2,False
100,12,101,16,204,35,cb_offset_cvC,3.0,0.6157227387996619,dinov2,2,False
100,12,101,16,204,35,opq_offset_cvC,0.001,0.6253592561284869,dinov2,2,False
100,13,100,12,205,39,cb_zero,,0.6336113685511277,dinov2,2,
100,13,100,12,205,39,opq_zero,,0.6113685511275873,dinov2,2,
100,13,100,12,205,39,cb_refit_fixedC,0.3,0.6243435279579858,dinov2,2,
100,13,100,12,205,39,cb_refit_cvC,0.001,0.5934507259808464,dinov2,2,False
100,13,100,12,205,39,opq_refit_fixedC,0.01,0.5937596540006178,dinov2,2,
100,13,100,12,205,39,opq_refit_cvC,0.001,0.5763052208835341,dinov2,2,False
100,13,100,12,205,39,probe_refit_fixedC,0.01,0.432808155699722,dinov2,2,
100,13,100,12,205,39,probe_refit_cvC,0.01,0.432808155699722,dinov2,2,False
100,13,100,12,205,39,cb_offset_cvC,0.003,0.6342292245906704,dinov2,2,False
100,13,100,12,205,39,opq_offset_cvC,0.001,0.6320667284522705,dinov2,2,False
100,14,100,19,205,32,cb_zero,,0.6634754335260116,dinov2,2,
100,14,100,19,205,32,opq_zero,,0.6186777456647399,dinov2,2,
100,14,100,19,205,32,cb_refit_fixedC,0.3,0.6060332369942196,dinov2,2,
100,14,100,19,205,32,cb_refit_cvC,0.1,0.6009754335260116,dinov2,2,False
100,14,100,19,205,32,opq_refit_fixedC,0.01,0.5746026011560694,dinov2,2,
100,14,100,19,205,32,opq_refit_cvC,0.003,0.5702673410404625,dinov2,2,False
100,14,100,19,205,32,probe_refit_fixedC,0.01,0.5032514450867052,dinov2,2,
100,14,100,19,205,32,probe_refit_cvC,1.0,0.5095736994219653,dinov2,2,False
100,14,100,19,205,32,cb_offset_cvC,0.3,0.6134393063583815,dinov2,2,False
100,14,100,19,205,32,opq_offset_cvC,0.01,0.6914739884393064,dinov2,2,False
100,15,100,14,205,37,cb_zero,,0.6512226512226512,dinov2,2,
100,15,100,14,205,37,opq_zero,,0.5746460746460746,dinov2,2,
100,15,100,14,205,37,cb_refit_fixedC,0.3,0.6961068211068212,dinov2,2,
100,15,100,14,205,37,cb_refit_cvC,0.03,0.6916023166023166,dinov2,2,False
100,15,100,14,205,37,opq_refit_fixedC,0.01,0.606981981981982,dinov2,2,
100,15,100,14,205,37,opq_refit_cvC,10.0,0.5870334620334621,dinov2,2,False
100,15,100,14,205,37,probe_refit_fixedC,0.01,0.5373230373230373,dinov2,2,
100,15,100,14,205,37,probe_refit_cvC,0.1,0.5431145431145431,dinov2,2,False
100,15,100,14,205,37,cb_offset_cvC,0.001,0.6515444015444015,dinov2,2,False
100,15,100,14,205,37,opq_offset_cvC,0.03,0.6518661518661519,dinov2,2,False
100,16,100,23,205,28,cb_zero,,0.6507263922518159,dinov2,2,
100,16,100,23,205,28,opq_zero,,0.6051251008878128,dinov2,2,
100,16,100,23,205,28,cb_refit_fixedC,0.3,0.6868442292171106,dinov2,2,
100,16,100,23,205,28,cb_refit_cvC,10.0,0.6315577078288942,dinov2,2,False
100,16,100,23,205,28,opq_refit_fixedC,0.01,0.5792978208232447,dinov2,2,
100,16,100,23,205,28,opq_refit_cvC,10.0,0.6509281678773204,dinov2,2,False
100,16,100,23,205,28,probe_refit_fixedC,0.01,0.41121872477804683,dinov2,2,
100,16,100,23,205,28,probe_refit_cvC,0.01,0.41121872477804683,dinov2,2,False
100,16,100,23,205,28,cb_offset_cvC,0.001,0.6511299435028248,dinov2,2,False
100,16,100,23,205,28,opq_offset_cvC,10.0,0.6656577885391445,dinov2,2,False
100,17,100,22,205,29,cb_zero,,0.6271551724137931,dinov2,2,
100,17,100,22,205,29,opq_zero,,0.5901253918495298,dinov2,2,
100,17,100,22,205,29,cb_refit_fixedC,0.3,0.7068965517241379,dinov2,2,
100,17,100,22,205,29,cb_refit_cvC,10.0,0.63891065830721,dinov2,2,False
100,17,100,22,205,29,opq_refit_fixedC,0.01,0.6435148902821316,dinov2,2,
100,17,100,22,205,29,opq_refit_cvC,1.0,0.6366575235109718,dinov2,2,False
100,17,100,22,205,29,probe_refit_fixedC,0.01,0.5031347962382445,dinov2,2,
100,17,100,22,205,29,probe_refit_cvC,0.001,0.5192006269592476,dinov2,2,False
100,17,100,22,205,29,cb_offset_cvC,0.1,0.6445924764890282,dinov2,2,False
100,17,100,22,205,29,opq_offset_cvC,0.01,0.6602664576802508,dinov2,2,False
100,18,100,16,205,35,cb_zero,,0.6233613445378151,dinov2,2,
100,18,100,16,205,35,opq_zero,,0.5983193277310924,dinov2,2,
100,18,100,16,205,35,cb_refit_fixedC,0.3,0.6640336134453783,dinov2,2,
100,18,100,16,205,35,cb_refit_cvC,10.0,0.6247058823529412,dinov2,2,False
100,18,100,16,205,35,opq_refit_fixedC,0.01,0.5921008403361345,dinov2,2,
100,18,100,16,205,35,opq_refit_cvC,0.3,0.5872268907563025,dinov2,2,False
100,18,100,16,205,35,probe_refit_fixedC,0.01,0.4976470588235294,dinov2,2,
100,18,100,16,205,35,probe_refit_cvC,10.0,0.5226890756302521,dinov2,2,False
100,18,100,16,205,35,cb_offset_cvC,10.0,0.6137815126050421,dinov2,2,False
100,18,100,16,205,35,opq_offset_cvC,0.3,0.613109243697479,dinov2,2,False
100,19,101,19,204,32,cb_zero,,0.607921511627907,dinov2,2,
100,19,101,19,204,32,opq_zero,,0.5574127906976744,dinov2,2,
100,19,101,19,204,32,cb_refit_fixedC,0.3,0.5930232558139535,dinov2,2,
100,19,101,19,204,32,cb_refit_cvC,3.0,0.5632267441860465,dinov2,2,False
100,19,101,19,204,32,opq_refit_fixedC,0.01,0.6137354651162791,dinov2,2,
100,19,101,19,204,32,opq_refit_cvC,1.0,0.6671511627906976,dinov2,2,False
100,19,101,19,204,32,probe_refit_fixedC,0.01,0.5214389534883721,dinov2,2,
100,19,101,19,204,32,probe_refit_cvC,0.003,0.517078488372093,dinov2,2,False
100,19,101,19,204,32,cb_offset_cvC,10.0,0.5325218023255814,dinov2,2,False
100,19,101,19,204,32,opq_offset_cvC,0.1,0.6458938953488372,dinov2,2,False
100,20,100,15,205,36,cb_zero,,0.650887573964497,dinov2,2,
100,20,100,15,205,36,opq_zero,,0.5920447074293228,dinov2,2,
100,20,100,15,205,36,cb_refit_fixedC,0.3,0.6599276791584484,dinov2,2,
100,20,100,15,205,36,cb_refit_cvC,10.0,0.6079881656804733,dinov2,2,False
100,20,100,15,205,36,opq_refit_fixedC,0.01,0.6053583168967784,dinov2,2,
100,20,100,15,205,36,opq_refit_cvC,3.0,0.6471071663379355,dinov2,2,False
100,20,100,15,205,36,probe_refit_fixedC,0.01,0.591387245233399,dinov2,2,
100,20,100,15,205,36,probe_refit_cvC,0.001,0.5920447074293227,dinov2,2,False
100,20,100,15,205,36,cb_offset_cvC,0.001,0.650887573964497,dinov2,2,False
100,20,100,15,205,36,opq_offset_cvC,0.3,0.6668310322156477,dinov2,2,False
100,21,100,16,205,35,cb_zero,,0.6347899159663866,dinov2,2,
100,21,100,16,205,35,opq_zero,,0.6047058823529412,dinov2,2,
100,21,100,16,205,35,cb_refit_fixedC,0.3,0.6616806722689076,dinov2,2,
100,21,100,16,205,35,cb_refit_cvC,10.0,0.5900840336134454,dinov2,2,False
100,21,100,16,205,35,opq_refit_fixedC,0.01,0.6443697478991597,dinov2,2,
100,21,100,16,205,35,opq_refit_cvC,10.0,0.6300840336134453,dinov2,2,False
100,21,100,16,205,35,probe_refit_fixedC,0.01,0.48218487394957976,dinov2,2,
100,21,100,16,205,35,probe_refit_cvC,0.001,0.4766386554621849,dinov2,2,False
100,21,100,16,205,35,cb_offset_cvC,10.0,0.5961344537815125,dinov2,2,False
100,21,100,16,205,35,opq_offset_cvC,0.003,0.6326050420168068,dinov2,2,False
100,22,100,16,205,35,cb_zero,,0.655798319327731,dinov2,2,
100,22,100,16,205,35,opq_zero,,0.5707563025210084,dinov2,2,
100,22,100,16,205,35,cb_refit_fixedC,0.3,0.7134453781512604,dinov2,2,
100,22,100,16,205,35,cb_refit_cvC,10.0,0.5838655462184874,dinov2,2,False
100,22,100,16,205,35,opq_refit_fixedC,0.01,0.5914285714285714,dinov2,2,
100,22,100,16,205,35,opq_refit_cvC,0.01,0.5914285714285714,dinov2,2,False
100,22,100,16,205,35,probe_refit_fixedC,0.01,0.5502521008403362,dinov2,2,
100,22,100,16,205,35,probe_refit_cvC,0.001,0.513781512605042,dinov2,2,False
100,22,100,16,205,35,cb_offset_cvC,0.001,0.6556302521008404,dinov2,2,False
100,22,100,16,205,35,opq_offset_cvC,0.001,0.600672268907563,dinov2,2,False
100,23,100,22,205,29,cb_zero,,0.6346003134796239,dinov2,2,
100,23,100,22,205,29,opq_zero,,0.5227272727272727,dinov2,2,
100,23,100,22,205,29,cb_refit_fixedC,0.3,0.7145376175548589,dinov2,2,
100,23,100,22,205,29,cb_refit_cvC,10.0,0.6539968652037618,dinov2,2,False
100,23,100,22,205,29,opq_refit_fixedC,0.01,0.5683777429467085,dinov2,2,
100,23,100,22,205,29,opq_refit_cvC,0.01,0.5683777429467085,dinov2,2,False
100,23,100,22,205,29,probe_refit_fixedC,0.01,0.48021159874608155,dinov2,2,
100,23,100,22,205,29,probe_refit_cvC,3.0,0.44474921630094044,dinov2,2,False
100,23,100,22,205,29,cb_offset_cvC,0.01,0.6373432601880877,dinov2,2,False
100,23,100,22,205,29,opq_offset_cvC,0.01,0.5922805642633229,dinov2,2,False
100,24,100,18,205,33,cb_zero,,0.6252642706131079,dinov2,2,
100,24,100,18,205,33,opq_zero,,0.6282593375616632,dinov2,2,
100,24,100,18,205,33,cb_refit_fixedC,0.3,0.6717758985200846,dinov2,2,
100,24,100,18,205,33,cb_refit_cvC,0.03,0.6777660324171952,dinov2,2,False
100,24,100,18,205,33,opq_refit_fixedC,0.01,0.5711768851303736,dinov2,2,
100,24,100,18,205,33,opq_refit_cvC,0.001,0.5611346018322763,dinov2,2,False
100,24,100,18,205,33,probe_refit_fixedC,0.01,0.450845665961945,dinov2,2,
100,24,100,18,205,33,probe_refit_cvC,3.0,0.4526074700493305,dinov2,2,False
100,24,100,18,205,33,cb_offset_cvC,0.3,0.6578576462297392,dinov2,2,False
100,24,100,18,205,33,opq_offset_cvC,0.01,0.6379492600422834,dinov2,2,False
100,25,100,19,205,32,cb_zero,,0.6464956647398844,dinov2,2,
100,25,100,19,205,32,opq_zero,,0.6343930635838151,dinov2,2,
100,25,100,19,205,32,cb_refit_fixedC,0.3,0.6806358381502889,dinov2,2,
100,25,100,19,205,32,cb_refit_cvC,0.001,0.6383670520231214,dinov2,2,False
100,25,100,19,205,32,opq_refit_fixedC,0.01,0.6555274566473989,dinov2,2,
100,25,100,19,205,32,opq_refit_cvC,0.01,0.6555274566473989,dinov2,2,False
100,25,100,19,205,32,probe_refit_fixedC,0.01,0.582550578034682,dinov2,2,
100,25,100,19,205,32,probe_refit_cvC,0.001,0.5467846820809248,dinov2,2,False
100,25,100,19,205,32,cb_offset_cvC,0.001,0.6470375722543353,dinov2,2,False
100,25,100,19,205,32,opq_offset_cvC,0.001,0.690570809248555,dinov2,2,False
100,26,100,10,205,41,cb_zero,,0.6206127305175491,dinov2,2,
100,26,100,10,205,41,opq_zero,,0.5981558596073766,dinov2,2,
100,26,100,10,205,41,cb_refit_fixedC,0.3,0.6592801903628793,dinov2,2,
100,26,100,10,205,41,cb_refit_cvC,1.0,0.6580904223676383,dinov2,2,False
100,26,100,10,205,41,opq_refit_fixedC,0.01,0.6261154074955384,dinov2,2,
100,26,100,10,205,41,opq_refit_cvC,1.0,0.6485722784057109,dinov2,2,False
100,26,100,10,205,41,probe_refit_fixedC,0.01,0.5728732897085069,dinov2,2,
100,26,100,10,205,41,probe_refit_cvC,10.0,0.5536882807852469,dinov2,2,False
100,26,100,10,205,41,cb_offset_cvC,1.0,0.6481261154074955,dinov2,2,False
100,26,100,10,205,41,opq_offset_cvC,0.1,0.657792980368828,dinov2,2,False
100,27,100,15,205,36,cb_zero,,0.6097961867192636,dinov2,2,
100,27,100,15,205,36,opq_zero,,0.5787310979618673,dinov2,2,
100,27,100,15,205,36,cb_refit_fixedC,0.3,0.6222879684418147,dinov2,2,
100,27,100,15,205,36,cb_refit_cvC,10.0,0.5787310979618672,dinov2,2,False
100,27,100,15,205,36,opq_refit_fixedC,0.01,0.57922419460881,dinov2,2,
100,27,100,15,205,36,opq_refit_cvC,10.0,0.4754273504273504,dinov2,2,False
100,27,100,15,205,36,probe_refit_fixedC,0.01,0.5399408284023668,dinov2,2,
100,27,100,15,205,36,probe_refit_cvC,10.0,0.5281065088757396,dinov2,2,False
100,27,100,15,205,36,cb_offset_cvC,3.0,0.5977975016436554,dinov2,2,False
100,27,100,15,205,36,opq_offset_cvC,10.0,0.4886587771203155,dinov2,2,False
100,28,100,16,205,35,cb_zero,,0.617983193277311,dinov2,2,
100,28,100,16,205,35,opq_zero,,0.5663865546218487,dinov2,2,
100,28,100,16,205,35,cb_refit_fixedC,0.3,0.6031932773109244,dinov2,2,
100,28,100,16,205,35,cb_refit_cvC,0.1,0.5956302521008403,dinov2,2,False
100,28,100,16,205,35,opq_refit_fixedC,0.01,0.5952941176470589,dinov2,2,
100,28,100,16,205,35,opq_refit_cvC,0.003,0.5939495798319328,dinov2,2,False
100,28,100,16,205,35,probe_refit_fixedC,0.01,0.49831932773109244,dinov2,2,
100,28,100,16,205,35,probe_refit_cvC,0.001,0.4789915966386554,dinov2,2,False
100,28,100,16,205,35,cb_offset_cvC,0.3,0.6127731092436975,dinov2,2,False
100,28,100,16,205,35,opq_offset_cvC,0.01,0.6561344537815126,dinov2,2,False
100,29,101,18,204,33,cb_zero,,0.5849725323409534,dinov2,2,
100,29,101,18,204,33,opq_zero,,0.5803650540492646,dinov2,2,
100,29,101,18,204,33,cb_refit_fixedC,0.3,0.5890483785220627,dinov2,2,
100,29,101,18,204,33,cb_refit_cvC,0.1,0.5865674286726918,dinov2,2,False
100,29,101,18,204,33,opq_refit_fixedC,0.01,0.6267056530214424,dinov2,2,
100,29,101,18,204,33,opq_refit_cvC,0.001,0.6010987063618642,dinov2,2,False
100,29,101,18,204,33,probe_refit_fixedC,0.01,0.5771752613857877,dinov2,2,
100,29,101,18,204,33,probe_refit_cvC,3.0,0.5862130072656389,dinov2,2,False
100,29,101,18,204,33,cb_offset_cvC,0.1,0.5906432748538012,dinov2,2,False
100,29,101,18,204,33,opq_offset_cvC,0.001,0.6163388268651426,dinov2,2,False
10,0,10,1,295,50,cb_zero,,0.6789387755102041,ft2,0,
10,0,10,1,295,50,opq_zero,,0.5831020408163266,ft2,0,
10,0,10,1,295,50,cb_refit_fixedC,0.3,0.5261224489795918,ft2,0,
10,0,10,1,295,50,cb_refit_cvC,0.3,0.5261224489795918,ft2,0,True
10,0,10,1,295,50,opq_refit_fixedC,0.01,0.5406530612244899,ft2,0,
10,0,10,1,295,50,opq_refit_cvC,0.01,0.5406530612244899,ft2,0,True
10,0,10,1,295,50,probe_refit_fixedC,0.01,0.5527346938775511,ft2,0,
10,0,10,1,295,50,probe_refit_cvC,0.01,0.5527346938775511,ft2,0,True
10,0,10,1,295,50,cb_offset_cvC,0.001,0.6789387755102041,ft2,0,True
10,0,10,1,295,50,opq_offset_cvC,0.001,0.5774693877551019,ft2,0,True
10,1,10,1,295,50,cb_zero,,0.6803265306122448,ft2,0,
10,1,10,1,295,50,opq_zero,,0.5862857142857143,ft2,0,
10,1,10,1,295,50,cb_refit_fixedC,0.3,0.40114285714285713,ft2,0,
10,1,10,1,295,50,cb_refit_cvC,0.3,0.40114285714285713,ft2,0,True
10,1,10,1,295,50,opq_refit_fixedC,0.01,0.5898775510204082,ft2,0,
10,1,10,1,295,50,opq_refit_cvC,0.01,0.5898775510204082,ft2,0,True
10,1,10,1,295,50,probe_refit_fixedC,0.01,0.40653061224489806,ft2,0,
10,1,10,1,295,50,probe_refit_cvC,0.01,0.40653061224489806,ft2,0,True
10,1,10,1,295,50,cb_offset_cvC,0.001,0.6802448979591836,ft2,0,True
10,1,10,1,295,50,opq_offset_cvC,0.001,0.5604081632653061,ft2,0,True
10,2,10,1,295,50,cb_zero,,0.6854693877551021,ft2,0,
10,2,10,1,295,50,opq_zero,,0.5844897959183674,ft2,0,
10,2,10,1,295,50,cb_refit_fixedC,0.3,0.4533877551020409,ft2,0,
10,2,10,1,295,50,cb_refit_cvC,0.3,0.4533877551020409,ft2,0,True
10,2,10,1,295,50,opq_refit_fixedC,0.01,0.7091428571428572,ft2,0,
10,2,10,1,295,50,opq_refit_cvC,0.01,0.7091428571428572,ft2,0,True
10,2,10,1,295,50,probe_refit_fixedC,0.01,0.4497959183673469,ft2,0,
10,2,10,1,295,50,probe_refit_cvC,0.01,0.4497959183673469,ft2,0,True
10,2,10,1,295,50,cb_offset_cvC,0.001,0.6854693877551021,ft2,0,True
10,2,10,1,295,50,opq_offset_cvC,0.001,0.6877551020408164,ft2,0,True
10,3,10,2,295,49,cb_zero,,0.6726397876223661,ft2,0,
10,3,10,2,295,49,opq_zero,,0.5769868923179027,ft2,0,
10,3,10,2,295,49,cb_refit_fixedC,0.3,0.6017919362867098,ft2,0,
10,3,10,2,295,49,cb_refit_cvC,10.0,0.5939936950389912,ft2,0,False
10,3,10,2,295,49,opq_refit_fixedC,0.01,0.5633399701343952,ft2,0,
10,3,10,2,295,49,opq_refit_cvC,0.01,0.5633399701343952,ft2,0,False
10,3,10,2,295,49,probe_refit_fixedC,0.01,0.5345113655218184,ft2,0,
10,3,10,2,295,49,probe_refit_cvC,0.01,0.5345113655218184,ft2,0,False
10,3,10,2,295,49,cb_offset_cvC,3.0,0.6329019412643107,ft2,0,False
10,3,10,2,295,49,opq_offset_cvC,0.3,0.5272938443670151,ft2,0,False
10,4,10,1,295,50,cb_zero,,0.6837551020408164,ft2,0,
10,4,10,1,295,50,opq_zero,,0.5829387755102041,ft2,0,
10,4,10,1,295,50,cb_refit_fixedC,0.3,0.4722448979591837,ft2,0,
10,4,10,1,295,50,cb_refit_cvC,0.3,0.4722448979591837,ft2,0,True
10,4,10,1,295,50,opq_refit_fixedC,0.01,0.5842040816326531,ft2,0,
10,4,10,1,295,50,opq_refit_cvC,0.01,0.5842040816326531,ft2,0,True
10,4,10,1,295,50,probe_refit_fixedC,0.01,0.5258775510204081,ft2,0,
10,4,10,1,295,50,probe_refit_cvC,0.01,0.5258775510204081,ft2,0,True
10,4,10,1,295,50,cb_offset_cvC,0.001,0.6837551020408164,ft2,0,True
10,4,10,1,295,50,opq_offset_cvC,0.001,0.5938775510204081,ft2,0,True
10,5,10,1,295,50,cb_zero,,0.6893061224489795,ft2,0,
10,5,10,1,295,50,opq_zero,,0.5939591836734694,ft2,0,
10,5,10,1,295,50,cb_refit_fixedC,0.3,0.36906122448979595,ft2,0,
10,5,10,1,295,50,cb_refit_cvC,0.3,0.36906122448979595,ft2,0,True
10,5,10,1,295,50,opq_refit_fixedC,0.01,0.5104489795918367,ft2,0,
10,5,10,1,295,50,opq_refit_cvC,0.01,0.5104489795918367,ft2,0,True
10,5,10,1,295,50,probe_refit_fixedC,0.01,0.3626122448979592,ft2,0,
10,5,10,1,295,50,probe_refit_cvC,0.01,0.3626122448979592,ft2,0,True
10,5,10,1,295,50,cb_offset_cvC,0.001,0.6893061224489796,ft2,0,True
10,5,10,1,295,50,opq_offset_cvC,0.001,0.5601632653061225,ft2,0,True
10,6,10,1,295,50,cb_zero,,0.6802448979591836,ft2,0,
10,6,10,1,295,50,opq_zero,,0.5887346938775511,ft2,0,
10,6,10,1,295,50,cb_refit_fixedC,0.3,0.5543673469387755,ft2,0,
10,6,10,1,295,50,cb_refit_cvC,0.3,0.5543673469387755,ft2,0,True
10,6,10,1,295,50,opq_refit_fixedC,0.01,0.5332244897959184,ft2,0,
10,6,10,1,295,50,opq_refit_cvC,0.01,0.5332244897959184,ft2,0,True
10,6,10,1,295,50,probe_refit_fixedC,0.01,0.551265306122449,ft2,0,
10,6,10,1,295,50,probe_refit_cvC,0.01,0.551265306122449,ft2,0,True
10,6,10,1,295,50,cb_offset_cvC,0.001,0.6804081632653061,ft2,0,True
10,6,10,1,295,50,opq_offset_cvC,0.001,0.5775510204081633,ft2,0,True
10,7,10,3,295,48,cb_zero,,0.6950067476383266,ft2,0,
10,7,10,3,295,48,opq_zero,,0.6025641025641026,ft2,0,
10,7,10,3,295,48,cb_refit_fixedC,0.3,0.3425269905533064,ft2,0,
10,7,10,3,295,48,cb_refit_cvC,0.001,0.3453947368421053,ft2,0,False
10,7,10,3,295,48,opq_refit_fixedC,0.01,0.3826754385964913,ft2,0,
10,7,10,3,295,48,opq_refit_cvC,0.001,0.371330971659919,ft2,0,False
10,7,10,3,295,48,probe_refit_fixedC,0.01,0.34531039136302294,ft2,0,
10,7,10,3,295,48,probe_refit_cvC,0.001,0.34404520917678816,ft2,0,False
10,7,10,3,295,48,cb_offset_cvC,10.0,0.3519736842105263,ft2,0,False
10,7,10,3,295,48,opq_offset_cvC,0.3,0.3782051282051282,ft2,0,False
10,8,10,4,295,47,cb_zero,,0.6622340425531915,ft2,0,
10,8,10,4,295,47,opq_zero,,0.5724090597117365,ft2,0,
10,8,10,4,295,47,cb_refit_fixedC,0.3,0.6496225120109814,ft2,0,
10,8,10,4,295,47,cb_refit_cvC,0.001,0.6455902539464653,ft2,0,False
10,8,10,4,295,47,opq_refit_fixedC,0.01,0.581417295813315,ft2,0,
10,8,10,4,295,47,opq_refit_cvC,0.001,0.577299245024022,ft2,0,False
10,8,10,4,295,47,probe_refit_fixedC,0.01,0.6123026767330131,ft2,0,
10,8,10,4,295,47,probe_refit_cvC,0.01,0.6123026767330131,ft2,0,False
10,8,10,4,295,47,cb_offset_cvC,0.001,0.6622340425531915,ft2,0,False
10,8,10,4,295,47,opq_offset_cvC,0.01,0.5780713795470145,ft2,0,False
10,9,10,1,295,50,cb_zero,,0.6808163265306123,ft2,0,
10,9,10,1,295,50,opq_zero,,0.5813877551020408,ft2,0,
10,9,10,1,295,50,cb_refit_fixedC,0.3,0.6304489795918367,ft2,0,
10,9,10,1,295,50,cb_refit_cvC,0.3,0.6304489795918367,ft2,0,True
10,9,10,1,295,50,opq_refit_fixedC,0.01,0.5659183673469388,ft2,0,
10,9,10,1,295,50,opq_refit_cvC,0.01,0.5659183673469388,ft2,0,True
10,9,10,1,295,50,probe_refit_fixedC,0.01,0.6355102040816326,ft2,0,
10,9,10,1,295,50,probe_refit_cvC,0.01,0.6355102040816326,ft2,0,True
10,9,10,1,295,50,cb_offset_cvC,0.001,0.6808163265306123,ft2,0,True
10,9,10,1,295,50,opq_offset_cvC,0.001,0.5730612244897959,ft2,0,True
10,10,10,4,295,47,cb_zero,,0.6759608785175018,ft2,0,
10,10,10,4,295,47,opq_zero,,0.5961736444749486,ft2,0,
10,10,10,4,295,47,cb_refit_fixedC,0.3,0.6660947151681538,ft2,0,
10,10,10,4,295,47,cb_refit_cvC,0.001,0.6717570350034318,ft2,0,False
10,10,10,4,295,47,opq_refit_fixedC,0.01,0.6240562800274537,ft2,0,
10,10,10,4,295,47,opq_refit_cvC,0.001,0.6154770075497598,ft2,0,False
10,10,10,4,295,47,probe_refit_fixedC,0.01,0.6602608098833219,ft2,0,
10,10,10,4,295,47,probe_refit_cvC,1.0,0.6583733699382293,ft2,0,False
10,10,10,4,295,47,cb_offset_cvC,3.0,0.674159231297186,ft2,0,False
10,10,10,4,295,47,opq_offset_cvC,0.001,0.5806451612903226,ft2,0,False
10,11,10,1,295,50,cb_zero,,0.6902040816326529,ft2,0,
10,11,10,1,295,50,opq_zero,,0.5890612244897959,ft2,0,
10,11,10,1,295,50,cb_refit_fixedC,0.3,0.46040816326530615,ft2,0,
10,11,10,1,295,50,cb_refit_cvC,0.3,0.46040816326530615,ft2,0,True
10,11,10,1,295,50,opq_refit_fixedC,0.01,0.5214285714285714,ft2,0,
10,11,10,1,295,50,opq_refit_cvC,0.01,0.5214285714285714,ft2,0,True
10,11,10,1,295,50,probe_refit_fixedC,0.01,0.48195918367346946,ft2,0,
10,11,10,1,295,50,probe_refit_cvC,0.01,0.48195918367346946,ft2,0,True
10,11,10,1,295,50,cb_offset_cvC,0.001,0.6902857142857142,ft2,0,True
10,11,10,1,295,50,opq_offset_cvC,0.001,0.586204081632653,ft2,0,True
10,12,10,1,295,50,cb_zero,,0.6834285714285714,ft2,0,
10,12,10,1,295,50,opq_zero,,0.589795918367347,ft2,0,
10,12,10,1,295,50,cb_refit_fixedC,0.3,0.45910204081632655,ft2,0,
10,12,10,1,295,50,cb_refit_cvC,0.3,0.45910204081632655,ft2,0,True
10,12,10,1,295,50,opq_refit_fixedC,0.01,0.6048163265306122,ft2,0,
10,12,10,1,295,50,opq_refit_cvC,0.01,0.6048163265306122,ft2,0,True
10,12,10,1,295,50,probe_refit_fixedC,0.01,0.47706122448979593,ft2,0,
10,12,10,1,295,50,probe_refit_cvC,0.01,0.47706122448979593,ft2,0,True
10,12,10,1,295,50,cb_offset_cvC,0.001,0.6834285714285714,ft2,0,True
10,12,10,1,295,50,opq_offset_cvC,0.001,0.5842448979591837,ft2,0,True
10,13,10,1,295,50,cb_zero,,0.6750204081632654,ft2,0,
10,13,10,1,295,50,opq_zero,,0.583265306122449,ft2,0,
10,13,10,1,295,50,cb_refit_fixedC,0.3,0.6741224489795918,ft2,0,
10,13,10,1,295,50,cb_refit_cvC,0.3,0.6741224489795918,ft2,0,True
10,13,10,1,295,50,opq_refit_fixedC,0.01,0.5451020408163265,ft2,0,
10,13,10,1,295,50,opq_refit_cvC,0.01,0.5451020408163265,ft2,0,True
10,13,10,1,295,50,probe_refit_fixedC,0.01,0.6195102040816327,ft2,0,
10,13,10,1,295,50,probe_refit_cvC,0.01,0.6195102040816327,ft2,0,True
10,13,10,1,295,50,cb_offset_cvC,0.001,0.6749387755102041,ft2,0,True
10,13,10,1,295,50,opq_offset_cvC,0.001,0.5769795918367348,ft2,0,True
10,14,10,3,295,48,cb_zero,,0.6744264507422403,ft2,0,
10,14,10,3,295,48,opq_zero,,0.5872975708502024,ft2,0,
10,14,10,3,295,48,cb_refit_fixedC,0.3,0.5993589743589743,ft2,0,
10,14,10,3,295,48,cb_refit_cvC,3.0,0.5996963562753036,ft2,0,False
10,14,10,3,295,48,opq_refit_fixedC,0.01,0.5290991902834008,ft2,0,
10,14,10,3,295,48,opq_refit_cvC,0.001,0.5753205128205128,ft2,0,False
10,14,10,3,295,48,probe_refit_fixedC,0.01,0.5491734143049933,ft2,0,
10,14,10,3,295,48,probe_refit_cvC,0.003,0.5571862348178137,ft2,0,False
10,14,10,3,295,48,cb_offset_cvC,3.0,0.6339406207827261,ft2,0,False
10,14,10,3,295,48,opq_offset_cvC,1.0,0.5053981106612685,ft2,0,False
10,15,10,4,295,47,cb_zero,,0.682481125600549,ft2,0,
10,15,10,4,295,47,opq_zero,,0.6004632807137954,ft2,0,
10,15,10,4,295,47,cb_refit_fixedC,0.3,0.6302333562113933,ft2,0,
10,15,10,4,295,47,cb_refit_cvC,0.003,0.6469629375428964,ft2,0,False
10,15,10,4,295,47,opq_refit_fixedC,0.01,0.5672614962251201,ft2,0,
10,15,10,4,295,47,opq_refit_cvC,0.003,0.5778140013726837,ft2,0,False
10,15,10,4,295,47,probe_refit_fixedC,0.01,0.4510123541523679,ft2,0,
10,15,10,4,295,47,probe_refit_cvC,0.001,0.47494852436513385,ft2,0,False
10,15,10,4,295,47,cb_offset_cvC,0.001,0.682481125600549,ft2,0,False
10,15,10,4,295,47,opq_offset_cvC,0.003,0.5700926561427591,ft2,0,False
10,16,10,2,295,49,cb_zero,,0.6961174713787954,ft2,0,
10,16,10,2,295,49,opq_zero,,0.5963165754106521,ft2,0,
10,16,10,2,295,49,cb_refit_fixedC,0.3,0.6383773021403684,ft2,0,
10,16,10,2,295,49,cb_refit_cvC,0.001,0.688899950223992,ft2,0,False
10,16,10,2,295,49,opq_refit_fixedC,0.01,0.3623693379790941,ft2,0,
10,16,10,2,295,49,opq_refit_cvC,0.001,0.3642774182843869,ft2,0,False
10,16,10,2,295,49,probe_refit_fixedC,0.01,0.4576903932304629,ft2,0,
10,16,10,2,295,49,probe_refit_cvC,0.001,0.43280238924838227,ft2,0,False
10,16,10,2,295,49,cb_offset_cvC,0.001,0.696200431392069,ft2,0,False
10,16,10,2,295,49,opq_offset_cvC,0.001,0.45495271279243404,ft2,0,False
10,17,10,1,295,50,cb_zero,,0.6821224489795917,ft2,0,
10,17,10,1,295,50,opq_zero,,0.5904489795918368,ft2,0,
10,17,10,1,295,50,cb_refit_fixedC,0.3,0.4053061224489796,ft2,0,
10,17,10,1,295,50,cb_refit_cvC,0.3,0.4053061224489796,ft2,0,True
10,17,10,1,295,50,opq_refit_fixedC,0.01,0.5561632653061225,ft2,0,
10,17,10,1,295,50,opq_refit_cvC,0.01,0.5561632653061225,ft2,0,True
10,17,10,1,295,50,probe_refit_fixedC,0.01,0.3409795918367347,ft2,0,
10,17,10,1,295,50,probe_refit_cvC,0.01,0.3409795918367347,ft2,0,True
10,17,10,1,295,50,cb_offset_cvC,0.001,0.6821224489795918,ft2,0,True
10,17,10,1,295,50,opq_offset_cvC,0.001,0.5837551020408163,ft2,0,True
10,18,10,2,295,49,cb_zero,,0.6715613074498092,ft2,0,
10,18,10,2,295,49,opq_zero,,0.5826281732205076,ft2,0,
10,18,10,2,295,49,cb_refit_fixedC,0.3,0.6947071511531442,ft2,0,
10,18,10,2,295,49,cb_refit_cvC,0.001,0.6943753111000498,ft2,0,False
10,18,10,2,295,49,opq_refit_fixedC,0.01,0.5511448481831758,ft2,0,
10,18,10,2,295,49,opq_refit_cvC,0.001,0.555666168906587,ft2,0,False
10,18,10,2,295,49,probe_refit_fixedC,0.01,0.6683258669321387,ft2,0,
10,18,10,2,295,49,probe_refit_cvC,0.001,0.6709805873568939,ft2,0,False
10,18,10,2,295,49,cb_offset_cvC,0.001,0.6716442674630827,ft2,0,False
10,18,10,2,295,49,opq_offset_cvC,0.001,0.5803052928488469,ft2,0,False
10,19,10,2,295,49,cb_zero,,0.6769537083125934,ft2,0,
10,19,10,2,295,49,opq_zero,,0.5880205740832918,ft2,0,
10,19,10,2,295,49,cb_refit_fixedC,0.3,0.5897627343620374,ft2,0,
10,19,10,2,295,49,cb_refit_cvC,0.001,0.6024556163928986,ft2,0,False
10,19,10,2,295,49,opq_refit_fixedC,0.01,0.5253028040484486,ft2,0,
10,19,10,2,295,49,opq_refit_cvC,0.003,0.5213622034179526,ft2,0,False
10,19,10,2,295,49,probe_refit_fixedC,0.01,0.5313588850174216,ft2,0,
10,19,10,2,295,49,probe_refit_cvC,0.001,0.5400696864111498,ft2,0,False
10,19,10,2,295,49,cb_offset_cvC,0.001,0.6769537083125934,ft2,0,False
10,19,10,2,295,49,opq_offset_cvC,0.1,0.5153476024556164,ft2,0,False
10,20,10,2,295,49,cb_zero,,0.6777003484320557,ft2,0,
10,20,10,2,295,49,opq_zero,,0.5861954537912726,ft2,0,
10,20,10,2,295,49,cb_refit_fixedC,0.3,0.4594325535092086,ft2,0,
10,20,10,2,295,49,cb_refit_cvC,10.0,0.52878712460594,ft2,0,False
10,20,10,2,295,49,opq_refit_fixedC,0.01,0.6034511365521819,ft2,0,
10,20,10,2,295,49,opq_refit_cvC,0.1,0.6130744980919197,ft2,0,False
10,20,10,2,295,49,probe_refit_fixedC,0.01,0.42964990874398545,ft2,0,
10,20,10,2,295,49,probe_refit_cvC,10.0,0.4469055915048946,ft2,0,False
10,20,10,2,295,49,cb_offset_cvC,0.001,0.6777003484320557,ft2,0,False
10,20,10,2,295,49,opq_offset_cvC,3.0,0.5992201758752282,ft2,0,False
10,21,11,1,294,50,cb_zero,,0.676311475409836,ft2,0,
10,21,11,1,294,50,opq_zero,,0.5912295081967213,ft2,0,
10,21,11,1,294,50,cb_refit_fixedC,0.3,0.6850819672131148,ft2,0,
10,21,11,1,294,50,cb_refit_cvC,0.3,0.6850819672131148,ft2,0,True
10,21,11,1,294,50,opq_refit_fixedC,0.01,0.5195081967213114,ft2,0,
10,21,11,1,294,50,opq_refit_cvC,0.01,0.5195081967213114,ft2,0,True
10,21,11,1,294,50,probe_refit_fixedC,0.01,0.6281147540983606,ft2,0,
10,21,11,1,294,50,probe_refit_cvC,0.01,0.6281147540983606,ft2,0,True
10,21,11,1,294,50,cb_offset_cvC,0.001,0.6764754098360656,ft2,0,True
10,21,11,1,294,50,opq_offset_cvC,0.001,0.509344262295082,ft2,0,True
10,22,10,1,295,50,cb_zero,,0.6813877551020409,ft2,0,
10,22,10,1,295,50,opq_zero,,0.5906938775510203,ft2,0,
10,22,10,1,295,50,cb_refit_fixedC,0.3,0.5192653061224489,ft2,0,
10,22,10,1,295,50,cb_refit_cvC,0.3,0.5192653061224489,ft2,0,True
10,22,10,1,295,50,opq_refit_fixedC,0.01,0.5238367346938776,ft2,0,
10,22,10,1,295,50,opq_refit_cvC,0.01,0.5238367346938776,ft2,0,True
10,22,10,1,295,50,probe_refit_fixedC,0.01,0.5914285714285714,ft2,0,
10,22,10,1,295,50,probe_refit_cvC,0.01,0.5914285714285714,ft2,0,True
10,22,10,1,295,50,cb_offset_cvC,0.001,0.6813877551020407,ft2,0,True
10,22,10,1,295,50,opq_offset_cvC,0.001,0.5841632653061225,ft2,0,True
10,23,10,1,295,50,cb_zero,,0.6779591836734694,ft2,0,
10,23,10,1,295,50,opq_zero,,0.5873469387755103,ft2,0,
10,23,10,1,295,50,cb_refit_fixedC,0.3,0.6903673469387754,ft2,0,
10,23,10,1,295,50,cb_refit_cvC,0.3,0.6903673469387754,ft2,0,True
10,23,10,1,295,50,opq_refit_fixedC,0.01,0.5836734693877551,ft2,0,
10,23,10,1,295,50,opq_refit_cvC,0.01,0.5836734693877551,ft2,0,True
10,23,10,1,295,50,probe_refit_fixedC,0.01,0.5830204081632654,ft2,0,
10,23,10,1,295,50,probe_refit_cvC,0.01,0.5830204081632654,ft2,0,True
10,23,10,1,295,50,cb_offset_cvC,0.001,0.6779591836734694,ft2,0,True
10,23,10,1,295,50,opq_offset_cvC,0.001,0.5986938775510204,ft2,0,True
10,24,10,1,295,50,cb_zero,,0.6884897959183673,ft2,0,
10,24,10,1,295,50,opq_zero,,0.5902040816326531,ft2,0,
10,24,10,1,295,50,cb_refit_fixedC,0.3,0.422204081632653,ft2,0,
10,24,10,1,295,50,cb_refit_cvC,0.3,0.422204081632653,ft2,0,True
10,24,10,1,295,50,opq_refit_fixedC,0.01,0.5947755102040816,ft2,0,
10,24,10,1,295,50,opq_refit_cvC,0.01,0.5947755102040816,ft2,0,True
10,24,10,1,295,50,probe_refit_fixedC,0.01,0.46628571428571436,ft2,0,
10,24,10,1,295,50,probe_refit_cvC,0.01,0.46628571428571436,ft2,0,True
10,24,10,1,295,50,cb_offset_cvC,0.001,0.6885714285714285,ft2,0,True
10,24,10,1,295,50,opq_offset_cvC,0.001,0.6199183673469388,ft2,0,True
10,25,10,2,295,49,cb_zero,,0.68516674962668,ft2,0,
10,25,10,2,295,49,opq_zero,,0.5912560146009623,ft2,0,
10,25,10,2,295,49,cb_refit_fixedC,0.3,0.4430064708810353,ft2,0,
10,25,10,2,295,49,cb_refit_cvC,0.001,0.43313422930147666,ft2,0,False
10,25,10,2,295,49,opq_refit_fixedC,0.01,0.6219512195121951,ft2,0,
10,25,10,2,295,49,opq_refit_cvC,0.3,0.6161854985896797,ft2,0,False
10,25,10,2,295,49,probe_refit_fixedC,0.01,0.5232288037166086,ft2,0,
10,25,10,2,295,49,probe_refit_cvC,0.001,0.5495271279243404,ft2,0,False
10,25,10,2,295,49,cb_offset_cvC,10.0,0.5024888003982081,ft2,0,False
10,25,10,2,295,49,opq_offset_cvC,1.0,0.5444665671146507,ft2,0,False
10,26,10,2,295,49,cb_zero,,0.6847519495603119,ft2,0,
10,26,10,2,295,49,opq_zero,,0.6001327360212377,ft2,0,
10,26,10,2,295,49,cb_refit_fixedC,0.3,0.4494773519163763,ft2,0,
10,26,10,2,295,49,cb_refit_cvC,0.003,0.4552015928322549,ft2,0,False
10,26,10,2,295,49,opq_refit_fixedC,0.01,0.5648747303799568,ft2,0,
10,26,10,2,295,49,opq_refit_cvC,0.1,0.5443006470881036,ft2,0,False
10,26,10,2,295,49,probe_refit_fixedC,0.01,0.3919031027044964,ft2,0,
10,26,10,2,295,49,probe_refit_cvC,0.001,0.38783806205408994,ft2,0,False
10,26,10,2,295,49,cb_offset_cvC,10.0,0.45536751285880206,ft2,0,False
10,26,10,2,295,49,opq_offset_cvC,0.1,0.4592666334826614,ft2,0,False
10,27,10,1,295,50,cb_zero,,0.6803265306122449,ft2,0,
10,27,10,1,295,50,opq_zero,,0.5913469387755103,ft2,0,
10,27,10,1,295,50,cb_refit_fixedC,0.3,0.6071020408163266,ft2,0,
10,27,10,1,295,50,cb_refit_cvC,0.3,0.6071020408163266,ft2,0,True
10,27,10,1,295,50,opq_refit_fixedC,0.01,0.5982857142857142,ft2,0,
10,27,10,1,295,50,opq_refit_cvC,0.01,0.5982857142857142,ft2,0,True
10,27,10,1,295,50,probe_refit_fixedC,0.01,0.5747755102040816,ft2,0,
10,27,10,1,295,50,probe_refit_cvC,0.01,0.5747755102040816,ft2,0,True
10,27,10,1,295,50,cb_offset_cvC,0.001,0.6803265306122449,ft2,0,True
10,27,10,1,295,50,opq_offset_cvC,0.001,0.5738775510204082,ft2,0,True
10,28,10,1,295,50,cb_zero,,0.677795918367347,ft2,0,
10,28,10,1,295,50,opq_zero,,0.5909387755102041,ft2,0,
10,28,10,1,295,50,cb_refit_fixedC,0.3,0.6582857142857144,ft2,0,
10,28,10,1,295,50,cb_refit_cvC,0.3,0.6582857142857144,ft2,0,True
10,28,10,1,295,50,opq_refit_fixedC,0.01,0.58,ft2,0,
10,28,10,1,295,50,opq_refit_cvC,0.01,0.58,ft2,0,True
10,28,10,1,295,50,probe_refit_fixedC,0.01,0.5816326530612245,ft2,0,
10,28,10,1,295,50,probe_refit_cvC,0.01,0.5816326530612245,ft2,0,True
10,28,10,1,295,50,cb_offset_cvC,0.001,0.6778775510204083,ft2,0,True
10,28,10,1,295,50,opq_offset_cvC,0.001,0.5753469387755102,ft2,0,True
10,29,10,2,295,49,cb_zero,,0.7001825120292019,ft2,0,
10,29,10,2,295,49,opq_zero,,0.5978098556495769,ft2,0,
10,29,10,2,295,49,cb_refit_fixedC,0.3,0.31765389082462253,ft2,0,
10,29,10,2,295,49,cb_refit_cvC,0.001,0.3194790111166418,ft2,0,False
10,29,10,2,295,49,opq_refit_fixedC,0.01,0.633233781317405,ft2,0,
10,29,10,2,295,49,opq_refit_cvC,0.001,0.638045462087274,ft2,0,False
10,29,10,2,295,49,probe_refit_fixedC,0.01,0.3581383773021404,ft2,0,
10,29,10,2,295,49,probe_refit_cvC,0.001,0.3588020574083292,ft2,0,False
10,29,10,2,295,49,cb_offset_cvC,0.001,0.7000165920026548,ft2,0,False
10,29,10,2,295,49,opq_offset_cvC,0.001,0.6056910569105691,ft2,0,False
25,0,26,5,279,46,cb_zero,,0.6880947938048143,ft2,0,
25,0,26,5,279,46,opq_zero,,0.5838775891024444,ft2,0,
25,0,26,5,279,46,cb_refit_fixedC,0.3,0.6295017727187907,ft2,0,
25,0,26,5,279,46,cb_refit_cvC,3.0,0.6223175965665236,ft2,0,False
25,0,26,5,279,46,opq_refit_fixedC,0.01,0.5783261802575107,ft2,0,
25,0,26,5,279,46,opq_refit_cvC,10.0,0.5458574360888226,ft2,0,False
25,0,26,5,279,46,probe_refit_fixedC,0.01,0.5681097219630529,ft2,0,
25,0,26,5,279,46,probe_refit_cvC,3.0,0.5640044784474716,ft2,0,False
25,0,26,5,279,46,cb_offset_cvC,3.0,0.6491882813957828,ft2,0,False
25,0,26,5,279,46,opq_offset_cvC,3.0,0.5633513715245382,ft2,0,False
25,1,25,3,280,48,cb_zero,,0.6764547413793103,ft2,0,
25,1,25,3,280,48,opq_zero,,0.5765086206896552,ft2,0,
25,1,25,3,280,48,cb_refit_fixedC,0.3,0.6073096264367817,ft2,0,
25,1,25,3,280,48,cb_refit_cvC,3.0,0.5989583333333333,ft2,0,False
25,1,25,3,280,48,opq_refit_fixedC,0.01,0.5905621408045977,ft2,0,
25,1,25,3,280,48,opq_refit_cvC,10.0,0.5685165229885057,ft2,0,False
25,1,25,3,280,48,probe_refit_fixedC,0.01,0.576867816091954,ft2,0,
25,1,25,3,280,48,probe_refit_cvC,0.3,0.5804597701149424,ft2,0,False
25,1,25,3,280,48,cb_offset_cvC,3.0,0.6190732758620691,ft2,0,False
25,1,25,3,280,48,opq_offset_cvC,0.001,0.5862966954022989,ft2,0,False
25,2,25,5,280,46,cb_zero,,0.6821813452248234,ft2,0,
25,2,25,5,280,46,opq_zero,,0.5882571534745448,ft2,0,
25,2,25,5,280,46,cb_refit_fixedC,0.3,0.6172426607209215,ft2,0,
25,2,25,5,280,46,cb_refit_cvC,0.3,0.6172426607209215,ft2,0,False
25,2,25,5,280,46,opq_refit_fixedC,0.01,0.5687476774433295,ft2,0,
25,2,25,5,280,46,opq_refit_cvC,1.0,0.5244332961724265,ft2,0,False
25,2,25,5,280,46,probe_refit_fixedC,0.01,0.5560200668896321,ft2,0,
25,2,25,5,280,46,probe_refit_cvC,10.0,0.5725566703827574,ft2,0,False
25,2,25,5,280,46,cb_offset_cvC,0.3,0.6626718691936084,ft2,0,False
25,2,25,5,280,46,opq_offset_cvC,3.0,0.5115198810850985,ft2,0,False
25,3,25,4,280,47,cb_zero,,0.7017623961282075,ft2,0,
25,3,25,4,280,47,opq_zero,,0.6069765318235777,ft2,0,
25,3,25,4,280,47,cb_refit_fixedC,0.3,0.5055246096246919,ft2,0,
25,3,25,4,280,47,cb_refit_cvC,10.0,0.3953976805771163,ft2,0,False
25,3,25,4,280,47,opq_refit_fixedC,0.01,0.5442425349283171,ft2,0,
25,3,25,4,280,47,opq_refit_cvC,0.03,0.5728243995982102,ft2,0,False
25,3,25,4,280,47,probe_refit_fixedC,0.01,0.5274404164003288,ft2,0,
25,3,25,4,280,47,probe_refit_cvC,0.01,0.5274404164003288,ft2,0,False
25,3,25,4,280,47,cb_offset_cvC,10.0,0.42452744041640034,ft2,0,False
25,3,25,4,280,47,opq_offset_cvC,0.001,0.5803123002465528,ft2,0,False
25,4,25,7,280,44,cb_zero,,0.6852850539291218,ft2,0,
25,4,25,7,280,44,opq_zero,,0.5798343605546996,ft2,0,
25,4,25,7,280,44,cb_refit_fixedC,0.3,0.6048728813559322,ft2,0,
25,4,25,7,280,44,cb_refit_cvC,3.0,0.5723228043143297,ft2,0,False
25,4,25,7,280,44,opq_refit_fixedC,0.01,0.5223902157164869,ft2,0,
25,4,25,7,280,44,opq_refit_cvC,0.1,0.4967257318952235,ft2,0,False
25,4,25,7,280,44,probe_refit_fixedC,0.01,0.611517719568567,ft2,0,
25,4,25,7,280,44,probe_refit_cvC,0.003,0.6178736517719569,ft2,0,False
25,4,25,7,280,44,cb_offset_cvC,10.0,0.5600924499229585,ft2,0,False
25,4,25,7,280,44,opq_offset_cvC,1.0,0.48295454545454547,ft2,0,False
25,5,25,4,280,47,cb_zero,,0.6670623687334489,ft2,0,
25,5,25,4,280,47,opq_zero,,0.5820473016162907,ft2,0,
25,5,25,4,280,47,cb_refit_fixedC,0.3,0.683042644507351,ft2,0,
25,5,25,4,280,47,cb_refit_cvC,0.3,0.683042644507351,ft2,0,False
25,5,25,4,280,47,opq_refit_fixedC,0.01,0.5617751803488266,ft2,0,
25,5,25,4,280,47,opq_refit_cvC,1.0,0.59053967674185,ft2,0,False
25,5,25,4,280,47,probe_refit_fixedC,0.01,0.6294402337686057,ft2,0,
25,5,25,4,280,47,probe_refit_cvC,10.0,0.6274312848141722,ft2,0,False
25,5,25,4,280,47,cb_offset_cvC,0.001,0.6671536845950141,ft2,0,False
25,5,25,4,280,47,opq_offset_cvC,0.001,0.5331933156789335,ft2,0,False
25,6,25,2,280,49,cb_zero,,0.6837176429013164,ft2,0,
25,6,25,2,280,49,opq_zero,,0.5753158406219631,ft2,0,
25,6,25,2,280,49,cb_refit_fixedC,0.3,0.648643873133669,ft2,0,
25,6,25,2,280,49,cb_refit_cvC,0.001,0.6518243661100804,ft2,0,False
25,6,25,2,280,49,opq_refit_fixedC,0.01,0.6339782666313278,ft2,0,
25,6,25,2,280,49,opq_refit_cvC,0.001,0.6199310893188444,ft2,0,False
25,6,25,2,280,49,probe_refit_fixedC,0.01,0.6227581941867656,ft2,0,
25,6,25,2,280,49,probe_refit_cvC,0.001,0.6378655358247194,ft2,0,False
25,6,25,2,280,49,cb_offset_cvC,0.3,0.6808021910062727,ft2,0,False
25,6,25,2,280,49,opq_offset_cvC,0.001,0.5809700503578056,ft2,0,False
25,7,25,3,280,48,cb_zero,,0.6938757183908046,ft2,0,
25,7,25,3,280,48,opq_zero,,0.5942887931034483,ft2,0,
25,7,25,3,280,48,cb_refit_fixedC,0.3,0.5774066091954023,ft2,0,
25,7,25,3,280,48,cb_refit_cvC,3.0,0.5508261494252873,ft2,0,False
25,7,25,3,280,48,opq_refit_fixedC,0.01,0.5718390804597702,ft2,0,
25,7,25,3,280,48,opq_refit_cvC,0.01,0.5718390804597702,ft2,0,False
25,7,25,3,280,48,probe_refit_fixedC,0.01,0.576239224137931,ft2,0,
25,7,25,3,280,48,probe_refit_cvC,0.001,0.5805495689655173,ft2,0,False
25,7,25,3,280,48,cb_offset_cvC,3.0,0.5557650862068965,ft2,0,False
25,7,25,3,280,48,opq_offset_cvC,0.1,0.5832435344827586,ft2,0,False
25,8,25,5,280,46,cb_zero,,0.6675027870680045,ft2,0,
25,8,25,5,280,46,opq_zero,,0.5780379041248607,ft2,0,
25,8,25,5,280,46,cb_refit_fixedC,0.3,0.6472500929022668,ft2,0,
25,8,25,5,280,46,cb_refit_cvC,0.3,0.6472500929022668,ft2,0,False
25,8,25,5,280,46,opq_refit_fixedC,0.01,0.560479375696767,ft2,0,
25,8,25,5,280,46,opq_refit_cvC,1.0,0.5883036046079525,ft2,0,False
25,8,25,5,280,46,probe_refit_fixedC,0.01,0.587421033073207,ft2,0,
25,8,25,5,280,46,probe_refit_cvC,0.001,0.5942958008175399,ft2,0,False
25,8,25,5,280,46,cb_offset_cvC,0.001,0.6675956893348197,ft2,0,False
25,8,25,5,280,46,opq_offset_cvC,0.001,0.5350241545893719,ft2,0,False
25,9,25,6,280,45,cb_zero,,0.7052482269503546,ft2,0,
25,9,25,6,280,45,opq_zero,,0.6260047281323877,ft2,0,
25,9,25,6,280,45,cb_refit_fixedC,0.3,0.3836406619385343,ft2,0,
25,9,25,6,280,45,cb_refit_cvC,0.001,0.36652482269503545,ft2,0,False
25,9,25,6,280,45,opq_refit_fixedC,0.01,0.5440189125295509,ft2,0,
25,9,25,6,280,45,opq_refit_cvC,0.3,0.5396690307328605,ft2,0,False
25,9,25,6,280,45,probe_refit_fixedC,0.01,0.36529550827423163,ft2,0,
25,9,25,6,280,45,probe_refit_cvC,0.001,0.326241134751773,ft2,0,False
25,9,25,6,280,45,cb_offset_cvC,0.3,0.7071394799054374,ft2,0,False
25,9,25,6,280,45,opq_offset_cvC,3.0,0.5375886524822695,ft2,0,False
25,10,25,1,280,50,cb_zero,,0.6842608695652175,ft2,0,
25,10,25,1,280,50,opq_zero,,0.5888695652173913,ft2,0,
25,10,25,1,280,50,cb_refit_fixedC,0.3,0.44086956521739135,ft2,0,
25,10,25,1,280,50,cb_refit_cvC,0.3,0.44086956521739135,ft2,0,True
25,10,25,1,280,50,opq_refit_fixedC,0.01,0.5392173913043479,ft2,0,
25,10,25,1,280,50,opq_refit_cvC,0.01,0.5392173913043479,ft2,0,True
25,10,25,1,280,50,probe_refit_fixedC,0.01,0.4477391304347827,ft2,0,
25,10,25,1,280,50,probe_refit_cvC,0.01,0.4477391304347827,ft2,0,True
25,10,25,1,280,50,cb_offset_cvC,0.001,0.6845217391304348,ft2,0,True
25,10,25,1,280,50,opq_offset_cvC,0.001,0.588608695652174,ft2,0,True
25,11,25,3,280,48,cb_zero,,0.6952227011494252,ft2,0,
25,11,25,3,280,48,opq_zero,,0.5925826149425287,ft2,0,
25,11,25,3,280,48,cb_refit_fixedC,0.3,0.4506106321839081,ft2,0,
25,11,25,3,280,48,cb_refit_cvC,0.001,0.41630747126436785,ft2,0,False
25,11,25,3,280,48,opq_refit_fixedC,0.01,0.6651400862068966,ft2,0,
25,11,25,3,280,48,opq_refit_cvC,10.0,0.6179507902298851,ft2,0,False
25,11,25,3,280,48,probe_refit_fixedC,0.01,0.4715337643678161,ft2,0,
25,11,25,3,280,48,probe_refit_cvC,0.001,0.4989224137931034,ft2,0,False
25,11,25,3,280,48,cb_offset_cvC,0.001,0.6948635057471264,ft2,0,False
25,11,25,3,280,48,opq_offset_cvC,0.003,0.6070402298850575,ft2,0,False
25,12,25,3,280,48,cb_zero,,0.6785201149425287,ft2,0,
25,12,25,3,280,48,opq_zero,,0.6007543103448276,ft2,0,
25,12,25,3,280,48,cb_refit_fixedC,0.3,0.6181752873563218,ft2,0,
25,12,25,3,280,48,cb_refit_cvC,0.001,0.6121587643678161,ft2,0,False
25,12,25,3,280,48,opq_refit_fixedC,0.01,0.5529364224137931,ft2,0,
25,12,25,3,280,48,opq_refit_cvC,0.3,0.5295438218390804,ft2,0,False
25,12,25,3,280,48,probe_refit_fixedC,0.01,0.5360991379310345,ft2,0,
25,12,25,3,280,48,probe_refit_cvC,0.001,0.5479525862068966,ft2,0,False
25,12,25,3,280,48,cb_offset_cvC,0.001,0.6785201149425287,ft2,0,False
25,12,25,3,280,48,opq_offset_cvC,0.03,0.5323275862068966,ft2,0,False
25,13,25,4,280,47,cb_zero,,0.6974705506346454,ft2,0,
25,13,25,4,280,47,opq_zero,,0.6143731166103552,ft2,0,
25,13,25,4,280,47,cb_refit_fixedC,0.3,0.5320062094785865,ft2,0,
25,13,25,4,280,47,cb_refit_cvC,3.0,0.5210483060907679,ft2,0,False
25,13,25,4,280,47,opq_refit_fixedC,0.01,0.5184001461053785,ft2,0,
25,13,25,4,280,47,opq_refit_cvC,0.1,0.5276687060542417,ft2,0,False
25,13,25,4,280,47,probe_refit_fixedC,0.01,0.5005022372386083,ft2,0,
25,13,25,4,280,47,probe_refit_cvC,0.001,0.48370011871061996,ft2,0,False
25,13,25,4,280,47,cb_offset_cvC,3.0,0.5305451556935439,ft2,0,False
25,13,25,4,280,47,opq_offset_cvC,1.0,0.5095425075335586,ft2,0,False
25,14,25,5,280,46,cb_zero,,0.6554254923820141,ft2,0,
25,14,25,5,280,46,opq_zero,,0.5818468970642884,ft2,0,
25,14,25,5,280,46,cb_refit_fixedC,0.3,0.5921590486807877,ft2,0,
25,14,25,5,280,46,cb_refit_cvC,0.001,0.5949461166852471,ft2,0,False
25,14,25,5,280,46,opq_refit_fixedC,0.01,0.532608695652174,ft2,0,
25,14,25,5,280,46,opq_refit_cvC,10.0,0.5421311780007432,ft2,0,False
25,14,25,5,280,46,probe_refit_fixedC,0.01,0.5747863247863247,ft2,0,
25,14,25,5,280,46,probe_refit_cvC,0.001,0.5719992567818654,ft2,0,False
25,14,25,5,280,46,cb_offset_cvC,0.1,0.6518952062430324,ft2,0,False
25,14,25,5,280,46,opq_offset_cvC,10.0,0.5641954663693793,ft2,0,False
25,15,25,3,280,48,cb_zero,,0.6813936781609196,ft2,0,
25,15,25,3,280,48,opq_zero,,0.5962643678160919,ft2,0,
25,15,25,3,280,48,cb_refit_fixedC,0.3,0.713092672413793,ft2,0,
25,15,25,3,280,48,cb_refit_cvC,0.001,0.6968390804597702,ft2,0,False
25,15,25,3,280,48,opq_refit_fixedC,0.01,0.4878322557471264,ft2,0,
25,15,25,3,280,48,opq_refit_cvC,0.001,0.5381645114942528,ft2,0,False
25,15,25,3,280,48,probe_refit_fixedC,0.01,0.6757363505747126,ft2,0,
25,15,25,3,280,48,probe_refit_cvC,0.001,0.6866020114942529,ft2,0,False
25,15,25,3,280,48,cb_offset_cvC,0.001,0.6814834770114943,ft2,0,False
25,15,25,3,280,48,opq_offset_cvC,0.03,0.4612068965517241,ft2,0,False
25,16,25,3,280,48,cb_zero,,0.6698096264367817,ft2,0,
25,16,25,3,280,48,opq_zero,,0.5778556034482758,ft2,0,
25,16,25,3,280,48,cb_refit_fixedC,0.3,0.6709770114942528,ft2,0,
25,16,25,3,280,48,cb_refit_cvC,0.001,0.654992816091954,ft2,0,False
25,16,25,3,280,48,opq_refit_fixedC,0.01,0.5427442528735632,ft2,0,
25,16,25,3,280,48,opq_refit_cvC,3.0,0.5305316091954024,ft2,0,False
25,16,25,3,280,48,probe_refit_fixedC,0.01,0.5822557471264368,ft2,0,
25,16,25,3,280,48,probe_refit_cvC,3.0,0.5763290229885059,ft2,0,False
25,16,25,3,280,48,cb_offset_cvC,0.001,0.6698994252873562,ft2,0,False
25,16,25,3,280,48,opq_offset_cvC,10.0,0.5462464080459769,ft2,0,False
25,17,25,7,280,44,cb_zero,,0.6718027734976888,ft2,0,
25,17,25,7,280,44,opq_zero,,0.5786787365177196,ft2,0,
25,17,25,7,280,44,cb_refit_fixedC,0.3,0.701848998459168,ft2,0,
25,17,25,7,280,44,cb_refit_cvC,0.001,0.7057010785824346,ft2,0,False
25,17,25,7,280,44,opq_refit_fixedC,0.01,0.5598516949152542,ft2,0,
25,17,25,7,280,44,opq_refit_cvC,1.0,0.5181529275808937,ft2,0,False
25,17,25,7,280,44,probe_refit_fixedC,0.01,0.5790639445300462,ft2,0,
25,17,25,7,280,44,probe_refit_cvC,0.1,0.5573959938366718,ft2,0,False
25,17,25,7,280,44,cb_offset_cvC,0.3,0.6904853620955316,ft2,0,False
25,17,25,7,280,44,opq_offset_cvC,0.03,0.5273497688751926,ft2,0,False
25,18,25,4,280,47,cb_zero,,0.6911697561866497,ft2,0,
25,18,25,4,280,47,opq_zero,,0.5998538946214957,ft2,0,
25,18,25,4,280,47,cb_refit_fixedC,0.3,0.6015888959912337,ft2,0,
25,18,25,4,280,47,cb_refit_cvC,10.0,0.6359236599397315,ft2,0,False
25,18,25,4,280,47,opq_refit_fixedC,0.01,0.5781663774997716,ft2,0,
25,18,25,4,280,47,opq_refit_cvC,10.0,0.518445804036161,ft2,0,False
25,18,25,4,280,47,probe_refit_fixedC,0.01,0.6121815359327916,ft2,0,
25,18,25,4,280,47,probe_refit_cvC,10.0,0.6294402337686056,ft2,0,False
25,18,25,4,280,47,cb_offset_cvC,10.0,0.6369281344169482,ft2,0,False
25,18,25,4,280,47,opq_offset_cvC,0.01,0.5503606976531823,ft2,0,False
25,19,26,2,279,49,cb_zero,,0.6817213842058563,ft2,0,
25,19,26,2,279,49,opq_zero,,0.5899733806566105,ft2,0,
25,19,26,2,279,49,cb_refit_fixedC,0.3,0.6055013309671695,ft2,0,
25,19,26,2,279,49,cb_refit_cvC,0.001,0.6115350488021295,ft2,0,False
25,19,26,2,279,49,opq_refit_fixedC,0.01,0.6414818101153504,ft2,0,
25,19,26,2,279,49,opq_refit_cvC,0.001,0.643167701863354,ft2,0,False
25,19,26,2,279,49,probe_refit_fixedC,0.01,0.6119787045252884,ft2,0,
25,19,26,2,279,49,probe_refit_cvC,0.003,0.6204081632653061,ft2,0,False
25,19,26,2,279,49,cb_offset_cvC,10.0,0.616326530612245,ft2,0,False
25,19,26,2,279,49,opq_offset_cvC,10.0,0.5983141082519964,ft2,0,False
25,20,25,4,280,47,cb_zero,,0.6771984293671811,ft2,0,
25,20,25,4,280,47,opq_zero,,0.5745594009679481,ft2,0,
25,20,25,4,280,47,cb_refit_fixedC,0.3,0.6681581590722309,ft2,0,
25,20,25,4,280,47,cb_refit_cvC,0.001,0.6581134143000639,ft2,0,False
25,20,25,4,280,47,opq_refit_fixedC,0.01,0.5607707058716099,ft2,0,
25,20,25,4,280,47,opq_refit_cvC,0.001,0.5389005570267555,ft2,0,False
25,20,25,4,280,47,probe_refit_fixedC,0.01,0.5508172769610081,ft2,0,
25,20,25,4,280,47,probe_refit_cvC,0.001,0.5552004383161354,ft2,0,False
25,20,25,4,280,47,cb_offset_cvC,0.001,0.6771071135056159,ft2,0,False
25,20,25,4,280,47,opq_offset_cvC,0.001,0.545977536298055,ft2,0,False
25,21,25,3,280,48,cb_zero,,0.6875,ft2,0,
25,21,25,3,280,48,opq_zero,,0.5944683908045977,ft2,0,
25,21,25,3,280,48,cb_refit_fixedC,0.3,0.7042923850574712,ft2,0,
25,21,25,3,280,48,cb_refit_cvC,10.0,0.659033764367816,ft2,0,False
25,21,25,3,280,48,opq_refit_fixedC,0.01,0.5628142959770115,ft2,0,
25,21,25,3,280,48,opq_refit_cvC,0.001,0.5600754310344827,ft2,0,False
25,21,25,3,280,48,probe_refit_fixedC,0.01,0.634967672413793,ft2,0,
25,21,25,3,280,48,probe_refit_cvC,0.001,0.6364942528735633,ft2,0,False
25,21,25,3,280,48,cb_offset_cvC,3.0,0.6614583333333334,ft2,0,False
25,21,25,3,280,48,opq_offset_cvC,0.01,0.6048850574712643,ft2,0,False
25,22,25,2,280,49,cb_zero,,0.6904320169626292,ft2,0,
25,22,25,2,280,49,opq_zero,,0.5913949995582649,ft2,0,
25,22,25,2,280,49,cb_refit_fixedC,0.3,0.6230232352681332,ft2,0,
25,22,25,2,280,49,cb_refit_cvC,0.001,0.6109196925523456,ft2,0,False
25,22,25,2,280,49,opq_refit_fixedC,0.01,0.48484848484848486,ft2,0,
25,22,25,2,280,49,opq_refit_cvC,0.001,0.4935064935064935,ft2,0,False
25,22,25,2,280,49,probe_refit_fixedC,0.01,0.5885678946903437,ft2,0,
25,22,25,2,280,49,probe_refit_cvC,10.0,0.5729304708896545,ft2,0,False
25,22,25,2,280,49,cb_offset_cvC,0.001,0.6905203639897517,ft2,0,False
25,22,25,2,280,49,opq_offset_cvC,0.01,0.5577347822245782,ft2,0,False
25,23,25,5,280,46,cb_zero,,0.6870122630992196,ft2,0,
25,23,25,5,280,46,opq_zero,,0.600334448160535,ft2,0,
25,23,25,5,280,46,cb_refit_fixedC,0.3,0.5074321813452248,ft2,0,
25,23,25,5,280,46,cb_refit_cvC,10.0,0.5008361204013378,ft2,0,False
25,23,25,5,280,46,opq_refit_fixedC,0.01,0.6596060943887031,ft2,0,
25,23,25,5,280,46,opq_refit_cvC,0.01,0.6596060943887031,ft2,0,False
25,23,25,5,280,46,probe_refit_fixedC,0.01,0.5787811222593832,ft2,0,
25,23,25,5,280,46,probe_refit_cvC,0.01,0.5787811222593832,ft2,0,False
25,23,25,5,280,46,cb_offset_cvC,3.0,0.5482162764771461,ft2,0,False
25,23,25,5,280,46,opq_offset_cvC,0.03,0.6438127090301003,ft2,0,False
25,24,25,5,280,46,cb_zero,,0.6828316610925307,ft2,0,
25,24,25,5,280,46,opq_zero,,0.590115198810851,ft2,0,
25,24,25,5,280,46,cb_refit_fixedC,0.3,0.5586213303604608,ft2,0,
25,24,25,5,280,46,cb_refit_cvC,0.001,0.5721850613154962,ft2,0,False
25,24,25,5,280,46,opq_refit_fixedC,0.01,0.6162207357859532,ft2,0,
25,24,25,5,280,46,opq_refit_cvC,0.3,0.6002415458937199,ft2,0,False
25,24,25,5,280,46,probe_refit_fixedC,0.01,0.6280193236714976,ft2,0,
25,24,25,5,280,46,probe_refit_cvC,0.03,0.6271832032701598,ft2,0,False
25,24,25,5,280,46,cb_offset_cvC,0.001,0.6828316610925307,ft2,0,False
25,24,25,5,280,46,opq_offset_cvC,0.3,0.560479375696767,ft2,0,False
25,25,25,5,280,46,cb_zero,,0.6640654031958381,ft2,0,
25,25,25,5,280,46,opq_zero,,0.5834262356001487,ft2,0,
25,25,25,5,280,46,cb_refit_fixedC,0.3,0.6940728353771832,ft2,0,
25,25,25,5,280,46,cb_refit_cvC,10.0,0.6673169825343739,ft2,0,False
25,25,25,5,280,46,opq_refit_fixedC,0.01,0.5894648829431437,ft2,0,
25,25,25,5,280,46,opq_refit_cvC,0.01,0.5894648829431437,ft2,0,False
25,25,25,5,280,46,probe_refit_fixedC,0.01,0.6767001114827202,ft2,0,
25,25,25,5,280,46,probe_refit_cvC,3.0,0.6771646228167967,ft2,0,False
25,25,25,5,280,46,cb_offset_cvC,0.03,0.6659234485321442,ft2,0,False
25,25,25,5,280,46,opq_offset_cvC,0.01,0.5492382014121144,ft2,0,False
25,26,25,4,280,47,cb_zero,,0.6720847411195324,ft2,0,
25,26,25,4,280,47,opq_zero,,0.5996712628983655,ft2,0,
25,26,25,4,280,47,cb_refit_fixedC,0.3,0.6813989589991781,ft2,0,
25,26,25,4,280,47,cb_refit_cvC,0.003,0.6748242169664871,ft2,0,False
25,26,25,4,280,47,opq_refit_fixedC,0.01,0.6524061729522419,ft2,0,
25,26,25,4,280,47,opq_refit_cvC,0.01,0.6524061729522419,ft2,0,False
25,26,25,4,280,47,probe_refit_fixedC,0.01,0.6062460049310564,ft2,0,
25,26,25,4,280,47,probe_refit_cvC,10.0,0.5828691443703772,ft2,0,False
25,26,25,4,280,47,cb_offset_cvC,0.001,0.6721760569810976,ft2,0,False
25,26,25,4,280,47,opq_offset_cvC,0.1,0.6204912793352205,ft2,0,False
25,27,25,4,280,47,cb_zero,,0.6991142361428181,ft2,0,
25,27,25,4,280,47,opq_zero,,0.5990320518674093,ft2,0,
25,27,25,4,280,47,cb_refit_fixedC,0.3,0.5925486256962834,ft2,0,
25,27,25,4,280,47,cb_refit_cvC,10.0,0.6382978723404256,ft2,0,False
25,27,25,4,280,47,opq_refit_fixedC,0.01,0.5488083280065748,ft2,0,
25,27,25,4,280,47,opq_refit_cvC,0.001,0.5549721486622227,ft2,0,False
25,27,25,4,280,47,probe_refit_fixedC,0.01,0.5873436215870697,ft2,0,
25,27,25,4,280,47,probe_refit_cvC,0.001,0.5885307277874167,ft2,0,False
25,27,25,4,280,47,cb_offset_cvC,10.0,0.6600310473929321,ft2,0,False
25,27,25,4,280,47,opq_offset_cvC,0.003,0.5754725595835997,ft2,0,False
25,28,25,7,280,44,cb_zero,,0.6862480739599383,ft2,0,
25,28,25,7,280,44,opq_zero,,0.5980354391371341,ft2,0,
25,28,25,7,280,44,cb_refit_fixedC,0.3,0.6957819722650231,ft2,0,
25,28,25,7,280,44,cb_refit_cvC,3.0,0.7151386748844376,ft2,0,False
25,28,25,7,280,44,opq_refit_fixedC,0.01,0.5836864406779662,ft2,0,
25,28,25,7,280,44,opq_refit_cvC,0.01,0.5836864406779662,ft2,0,False
25,28,25,7,280,44,probe_refit_fixedC,0.01,0.6338597842835131,ft2,0,
25,28,25,7,280,44,probe_refit_cvC,0.001,0.6397342064714947,ft2,0,False
25,28,25,7,280,44,cb_offset_cvC,0.001,0.6864406779661018,ft2,0,False
25,28,25,7,280,44,opq_offset_cvC,10.0,0.5741525423728814,ft2,0,False
25,29,25,7,280,44,cb_zero,,0.6812403697996918,ft2,0,
25,29,25,7,280,44,opq_zero,,0.5938944530046225,ft2,0,
25,29,25,7,280,44,cb_refit_fixedC,0.3,0.7264060092449922,ft2,0,
25,29,25,7,280,44,cb_refit_cvC,0.001,0.7143682588597842,ft2,0,False
25,29,25,7,280,44,opq_refit_fixedC,0.01,0.7255874422187982,ft2,0,
25,29,25,7,280,44,opq_refit_cvC,0.003,0.7146571648690292,ft2,0,False
25,29,25,7,280,44,probe_refit_fixedC,0.01,0.6191255778120186,ft2,0,
25,29,25,7,280,44,probe_refit_cvC,10.0,0.611228813559322,ft2,0,False
25,29,25,7,280,44,cb_offset_cvC,1.0,0.722168721109399,ft2,0,False
25,29,25,7,280,44,opq_offset_cvC,0.3,0.7160053929121726,ft2,0,False
50,0,50,8,255,43,cb_zero,,0.6838525669153137,ft2,0,
50,0,50,8,255,43,opq_zero,,0.5865511189118033,ft2,0,
50,0,50,8,255,43,cb_refit_fixedC,0.3,0.7207108380868802,ft2,0,
50,0,50,8,255,43,cb_refit_cvC,0.3,0.7207108380868802,ft2,0,False
50,0,50,8,255,43,opq_refit_fixedC,0.01,0.6107942079859587,ft2,0,
50,0,50,8,255,43,opq_refit_cvC,0.003,0.6143593681439228,ft2,0,False
50,0,50,8,255,43,probe_refit_fixedC,0.01,0.5725098727512066,ft2,0,
50,0,50,8,255,43,probe_refit_cvC,0.001,0.6107942079859587,ft2,0,False
50,0,50,8,255,43,cb_offset_cvC,0.001,0.6838525669153137,ft2,0,False
50,0,50,8,255,43,opq_offset_cvC,10.0,0.586331724440544,ft2,0,False
50,1,50,6,255,45,cb_zero,,0.6766137566137566,ft2,0,
50,1,50,6,255,45,opq_zero,,0.5908994708994709,ft2,0,
50,1,50,6,255,45,cb_refit_fixedC,0.3,0.7104761904761905,ft2,0,
50,1,50,6,255,45,cb_refit_cvC,0.001,0.7078306878306878,ft2,0,False
50,1,50,6,255,45,opq_refit_fixedC,0.01,0.5633333333333332,ft2,0,
50,1,50,6,255,45,opq_refit_cvC,0.01,0.5633333333333332,ft2,0,False
50,1,50,6,255,45,probe_refit_fixedC,0.01,0.6235978835978836,ft2,0,
50,1,50,6,255,45,probe_refit_cvC,0.001,0.6393650793650795,ft2,0,False
50,1,50,6,255,45,cb_offset_cvC,0.001,0.6766137566137566,ft2,0,False
50,1,50,6,255,45,opq_offset_cvC,0.003,0.5697354497354498,ft2,0,False
50,2,50,8,255,43,cb_zero,,0.7055726195699868,ft2,0,
50,2,50,8,255,43,opq_zero,,0.5949978060552874,ft2,0,
50,2,50,8,255,43,cb_refit_fixedC,0.3,0.604212373848179,ft2,0,
50,2,50,8,255,43,cb_refit_cvC,0.001,0.6227512066695919,ft2,0,False
50,2,50,8,255,43,opq_refit_fixedC,0.01,0.5930781044317684,ft2,0,
50,2,50,8,255,43,opq_refit_cvC,10.0,0.48628784554629223,ft2,0,False
50,2,50,8,255,43,probe_refit_fixedC,0.01,0.4499780605528741,ft2,0,
50,2,50,8,255,43,probe_refit_cvC,10.0,0.4567792891619131,ft2,0,False
50,2,50,8,255,43,cb_offset_cvC,0.001,0.7054629223343573,ft2,0,False
50,2,50,8,255,43,opq_offset_cvC,0.001,0.5398200965335673,ft2,0,False
50,3,50,5,255,46,cb_zero,,0.7056376118161016,ft2,0,
50,3,50,5,255,46,opq_zero,,0.6099438319117954,ft2,0,
50,3,50,5,255,46,cb_refit_fixedC,0.3,0.5892448512585813,ft2,0,
50,3,50,5,255,46,cb_refit_cvC,10.0,0.5529436238818389,ft2,0,False
50,3,50,5,255,46,opq_refit_fixedC,0.01,0.6363116288745579,ft2,0,
50,3,50,5,255,46,opq_refit_cvC,10.0,0.6194091949240691,ft2,0,False
50,3,50,5,255,46,probe_refit_fixedC,0.01,0.48023715415019763,ft2,0,
50,3,50,5,255,46,probe_refit_cvC,10.0,0.5080091533180777,ft2,0,False
50,3,50,5,255,46,cb_offset_cvC,0.3,0.6736009985437903,ft2,0,False
50,3,50,5,255,46,opq_offset_cvC,10.0,0.626586228416892,ft2,0,False
50,4,50,9,255,42,cb_zero,,0.7252403308741336,ft2,0,
50,4,50,9,255,42,opq_zero,,0.6289961994187346,ft2,0,
50,4,50,9,255,42,cb_refit_fixedC,0.3,0.5389000670690811,ft2,0,
50,4,50,9,255,42,cb_refit_cvC,0.001,0.5355466130114017,ft2,0,False
50,4,50,9,255,42,opq_refit_fixedC,0.01,0.45277218868768165,ft2,0,
50,4,50,9,255,42,opq_refit_cvC,0.03,0.4847417840375587,ft2,0,False
50,4,50,9,255,42,probe_refit_fixedC,0.01,0.3875475072658171,ft2,0,
50,4,50,9,255,42,probe_refit_cvC,0.001,0.4166107757657054,ft2,0,False
50,4,50,9,255,42,cb_offset_cvC,0.3,0.7131678962664878,ft2,0,False
50,4,50,9,255,42,opq_offset_cvC,3.0,0.49619941873463,ft2,0,False
50,5,50,6,255,45,cb_zero,,0.6841269841269841,ft2,0,
50,5,50,6,255,45,opq_zero,,0.6146031746031747,ft2,0,
50,5,50,6,255,45,cb_refit_fixedC,0.3,0.6923809523809523,ft2,0,
50,5,50,6,255,45,cb_refit_cvC,10.0,0.6680423280423281,ft2,0,False
50,5,50,6,255,45,opq_refit_fixedC,0.01,0.5881481481481482,ft2,0,
50,5,50,6,255,45,opq_refit_cvC,1.0,0.5742328042328042,ft2,0,False
50,5,50,6,255,45,probe_refit_fixedC,0.01,0.6133333333333334,ft2,0,
50,5,50,6,255,45,probe_refit_cvC,0.001,0.6228571428571429,ft2,0,False
50,5,50,6,255,45,cb_offset_cvC,10.0,0.6658201058201059,ft2,0,False
50,5,50,6,255,45,opq_offset_cvC,0.001,0.5997883597883598,ft2,0,False
50,6,50,6,255,45,cb_zero,,0.6728042328042327,ft2,0,
50,6,50,6,255,45,opq_zero,,0.591005291005291,ft2,0,
50,6,50,6,255,45,cb_refit_fixedC,0.3,0.6949206349206349,ft2,0,
50,6,50,6,255,45,cb_refit_cvC,0.1,0.6954497354497354,ft2,0,False
50,6,50,6,255,45,opq_refit_fixedC,0.01,0.5729100529100529,ft2,0,
50,6,50,6,255,45,opq_refit_cvC,0.1,0.5760317460317461,ft2,0,False
50,6,50,6,255,45,probe_refit_fixedC,0.01,0.6544973544973545,ft2,0,
50,6,50,6,255,45,probe_refit_cvC,1.0,0.6521693121693122,ft2,0,False
50,6,50,6,255,45,cb_offset_cvC,0.001,0.6726984126984127,ft2,0,False
50,6,50,6,255,45,opq_offset_cvC,0.03,0.5388359788359789,ft2,0,False
50,7,51,9,254,42,cb_zero,,0.656895777178796,ft2,0,
50,7,51,9,254,42,opq_zero,,0.5479559748427673,ft2,0,
50,7,51,9,254,42,cb_refit_fixedC,0.3,0.6744159928122193,ft2,0,
50,7,51,9,254,42,cb_refit_cvC,0.001,0.6811545372866128,ft2,0,False
50,7,51,9,254,42,opq_refit_fixedC,0.01,0.5783917340521114,ft2,0,
50,7,51,9,254,42,opq_refit_cvC,0.003,0.5995619946091644,ft2,0,False
50,7,51,9,254,42,probe_refit_fixedC,0.01,0.5955750224618148,ft2,0,
50,7,51,9,254,42,probe_refit_cvC,0.01,0.5955750224618148,ft2,0,False
50,7,51,9,254,42,cb_offset_cvC,0.3,0.668351302785265,ft2,0,False
50,7,51,9,254,42,opq_offset_cvC,0.03,0.5616576819407008,ft2,0,False
50,8,50,6,255,45,cb_zero,,0.65005291005291,ft2,0,
50,8,50,6,255,45,opq_zero,,0.5522751322751323,ft2,0,
50,8,50,6,255,45,cb_refit_fixedC,0.3,0.6741798941798941,ft2,0,
50,8,50,6,255,45,cb_refit_cvC,0.1,0.6776719576719576,ft2,0,False
50,8,50,6,255,45,opq_refit_fixedC,0.01,0.5801058201058202,ft2,0,
50,8,50,6,255,45,opq_refit_cvC,1.0,0.6089417989417989,ft2,0,False
50,8,50,6,255,45,probe_refit_fixedC,0.01,0.6331216931216931,ft2,0,
50,8,50,6,255,45,probe_refit_cvC,0.001,0.6428571428571428,ft2,0,False
50,8,50,6,255,45,cb_offset_cvC,1.0,0.675873015873016,ft2,0,False
50,8,50,6,255,45,opq_offset_cvC,10.0,0.6198941798941799,ft2,0,False
50,9,50,8,255,43,cb_zero,,0.7106186924089513,ft2,0,
50,9,50,8,255,43,opq_zero,,0.6112329969284773,ft2,0,
50,9,50,8,255,43,cb_refit_fixedC,0.3,0.5624177270732778,ft2,0,
50,9,50,8,255,43,cb_refit_cvC,10.0,0.5367485739359368,ft2,0,False
50,9,50,8,255,43,opq_refit_fixedC,0.01,0.6117814831066257,ft2,0,
50,9,50,8,255,43,opq_refit_cvC,0.01,0.6117814831066257,ft2,0,False
50,9,50,8,255,43,probe_refit_fixedC,0.01,0.5800789820096534,ft2,0,
50,9,50,8,255,43,probe_refit_cvC,3.0,0.5875383940324704,ft2,0,False
50,9,50,8,255,43,cb_offset_cvC,10.0,0.5414655550680122,ft2,0,False
50,9,50,8,255,43,opq_offset_cvC,0.1,0.5432207108380869,ft2,0,False
50,10,51,7,254,44,cb_zero,,0.6714285714285715,ft2,0,
50,10,51,7,254,44,opq_zero,,0.5699134199134199,ft2,0,
50,10,51,7,254,44,cb_refit_fixedC,0.3,0.7021645021645022,ft2,0,
50,10,51,7,254,44,cb_refit_cvC,0.3,0.7021645021645022,ft2,0,False
50,10,51,7,254,44,opq_refit_fixedC,0.01,0.6148268398268398,ft2,0,
50,10,51,7,254,44,opq_refit_cvC,0.001,0.5899891774891775,ft2,0,False
50,10,51,7,254,44,probe_refit_fixedC,0.01,0.5835497835497836,ft2,0,
50,10,51,7,254,44,probe_refit_cvC,0.001,0.6071428571428571,ft2,0,False
50,10,51,7,254,44,cb_offset_cvC,0.001,0.6714285714285715,ft2,0,False
50,10,51,7,254,44,opq_offset_cvC,10.0,0.5957792207792207,ft2,0,False
50,11,50,12,255,39,cb_zero,,0.6807929724596391,ft2,0,
50,11,50,12,255,39,opq_zero,,0.5676638176638178,ft2,0,
50,11,50,12,255,39,cb_refit_fixedC,0.3,0.6673789173789174,ft2,0,
50,11,50,12,255,39,cb_refit_cvC,3.0,0.6297483380816714,ft2,0,False
50,11,50,12,255,39,opq_refit_fixedC,0.01,0.5316358024691358,ft2,0,
50,11,50,12,255,39,opq_refit_cvC,0.01,0.5316358024691358,ft2,0,False
50,11,50,12,255,39,probe_refit_fixedC,0.01,0.6271367521367521,ft2,0,
50,11,50,12,255,39,probe_refit_cvC,0.3,0.6253561253561254,ft2,0,False
50,11,50,12,255,39,cb_offset_cvC,3.0,0.6458926875593544,ft2,0,False
50,11,50,12,255,39,opq_offset_cvC,0.01,0.5316951566951568,ft2,0,False
50,12,50,5,255,46,cb_zero,,0.7023091325150822,ft2,0,
50,12,50,5,255,46,opq_zero,,0.586540461826503,ft2,0,
50,12,50,5,255,46,cb_refit_fixedC,0.3,0.4223008113168296,ft2,0,
50,12,50,5,255,46,cb_refit_cvC,0.3,0.4223008113168296,ft2,0,False
50,12,50,5,255,46,opq_refit_fixedC,0.01,0.5150821718327439,ft2,0,
50,12,50,5,255,46,opq_refit_cvC,3.0,0.4052943623881839,ft2,0,False
50,12,50,5,255,46,probe_refit_fixedC,0.01,0.3780944456001664,ft2,0,
50,12,50,5,255,46,probe_refit_cvC,3.0,0.3988974412315373,ft2,0,False
50,12,50,5,255,46,cb_offset_cvC,0.1,0.6756812981069275,ft2,0,False
50,12,50,5,255,46,opq_offset_cvC,10.0,0.40534636987726236,ft2,0,False
50,13,50,10,255,41,cb_zero,,0.6713015728288124,ft2,0,
50,13,50,10,255,41,opq_zero,,0.5738545703214041,ft2,0,
50,13,50,10,255,41,cb_refit_fixedC,0.3,0.6510143606108959,ft2,0,
50,13,50,10,255,41,cb_refit_cvC,1.0,0.6431502165488945,ft2,0,False
50,13,50,10,255,41,opq_refit_fixedC,0.01,0.5977319352632778,ft2,0,
50,13,50,10,255,41,opq_refit_cvC,0.1,0.6070207431046273,ft2,0,False
50,13,50,10,255,41,probe_refit_fixedC,0.01,0.5751082744472304,ft2,0,
50,13,50,10,255,41,probe_refit_cvC,0.001,0.5974470025074082,ft2,0,False
50,13,50,10,255,41,cb_offset_cvC,0.1,0.6713015728288124,ft2,0,False
50,13,50,10,255,41,opq_offset_cvC,0.01,0.5871894232961022,ft2,0,False
50,14,50,14,255,37,cb_zero,,0.6557153483758988,ft2,0,
50,14,50,14,255,37,opq_zero,,0.5728985866600546,ft2,0,
50,14,50,14,255,37,cb_refit_fixedC,0.3,0.6989833870567815,ft2,0,
50,14,50,14,255,37,cb_refit_cvC,10.0,0.6564592115050831,ft2,0,False
50,14,50,14,255,37,opq_refit_fixedC,0.01,0.5795933548227126,ft2,0,
50,14,50,14,255,37,opq_refit_cvC,0.03,0.5782296057525417,ft2,0,False
50,14,50,14,255,37,probe_refit_fixedC,0.01,0.5592610959583437,ft2,0,
50,14,50,14,255,37,probe_refit_cvC,0.001,0.5877758492437393,ft2,0,False
50,14,50,14,255,37,cb_offset_cvC,10.0,0.6746838581700967,ft2,0,False
50,14,50,14,255,37,opq_offset_cvC,0.01,0.5445078105628565,ft2,0,False
50,15,50,6,255,45,cb_zero,,0.672063492063492,ft2,0,
50,15,50,6,255,45,opq_zero,,0.5631746031746032,ft2,0,
50,15,50,6,255,45,cb_refit_fixedC,0.3,0.7087830687830687,ft2,0,
50,15,50,6,255,45,cb_refit_cvC,0.001,0.6736507936507936,ft2,0,False
50,15,50,6,255,45,opq_refit_fixedC,0.01,0.5954497354497353,ft2,0,
50,15,50,6,255,45,opq_refit_cvC,0.1,0.5961904761904762,ft2,0,False
50,15,50,6,255,45,probe_refit_fixedC,0.01,0.6384126984126984,ft2,0,
50,15,50,6,255,45,probe_refit_cvC,0.001,0.6505820105820106,ft2,0,False
50,15,50,6,255,45,cb_offset_cvC,0.03,0.6742857142857143,ft2,0,False
50,15,50,6,255,45,opq_offset_cvC,0.1,0.5803174603174603,ft2,0,False
50,16,50,5,255,46,cb_zero,,0.6822342417308093,ft2,0,
50,16,50,5,255,46,opq_zero,,0.5907010609527772,ft2,0,
50,16,50,5,255,46,cb_refit_fixedC,0.3,0.6590389016018307,ft2,0,
50,16,50,5,255,46,cb_refit_cvC,0.1,0.6622633659246931,ft2,0,False
50,16,50,5,255,46,opq_refit_fixedC,0.01,0.6019346785937175,ft2,0,
50,16,50,5,255,46,opq_refit_cvC,0.01,0.6019346785937175,ft2,0,False
50,16,50,5,255,46,probe_refit_fixedC,0.01,0.5855003120449345,ft2,0,
50,16,50,5,255,46,probe_refit_cvC,0.001,0.5940295402537965,ft2,0,False
50,16,50,5,255,46,cb_offset_cvC,0.3,0.6728728936966923,ft2,0,False
50,16,50,5,255,46,opq_offset_cvC,0.001,0.5587684626586228,ft2,0,False
50,17,51,7,254,44,cb_zero,,0.7002164502164502,ft2,0,
50,17,51,7,254,44,opq_zero,,0.600974025974026,ft2,0,
50,17,51,7,254,44,cb_refit_fixedC,0.3,0.6718614718614718,ft2,0,
50,17,51,7,254,44,cb_refit_cvC,0.1,0.6611471861471861,ft2,0,False
50,17,51,7,254,44,opq_refit_fixedC,0.01,0.6386904761904763,ft2,0,
50,17,51,7,254,44,opq_refit_cvC,0.03,0.6287337662337662,ft2,0,False
50,17,51,7,254,44,probe_refit_fixedC,0.01,0.5274891774891775,ft2,0,
50,17,51,7,254,44,probe_refit_cvC,0.001,0.5566017316017317,ft2,0,False
50,17,51,7,254,44,cb_offset_cvC,0.001,0.7000000000000001,ft2,0,False
50,17,51,7,254,44,opq_offset_cvC,3.0,0.586904761904762,ft2,0,False
50,18,50,7,255,44,cb_zero,,0.6831107281344249,ft2,0,
50,18,50,7,255,44,opq_zero,,0.576260232658337,ft2,0,
50,18,50,7,255,44,cb_refit_fixedC,0.3,0.7372899612236106,ft2,0,
50,18,50,7,255,44,cb_refit_cvC,0.001,0.7097156398104265,ft2,0,False
50,18,50,7,255,44,opq_refit_fixedC,0.01,0.6130978026712623,ft2,0,
50,18,50,7,255,44,opq_refit_cvC,0.03,0.6124515295131409,ft2,0,False
50,18,50,7,255,44,probe_refit_fixedC,0.01,0.621930202498923,ft2,0,
50,18,50,7,255,44,probe_refit_cvC,0.001,0.6423955191727704,ft2,0,False
50,18,50,7,255,44,cb_offset_cvC,0.001,0.6831107281344249,ft2,0,False
50,18,50,7,255,44,opq_offset_cvC,0.001,0.5909090909090909,ft2,0,False
50,19,50,12,255,39,cb_zero,,0.7147435897435896,ft2,0,
50,19,50,12,255,39,opq_zero,,0.6141975308641976,ft2,0,
50,19,50,12,255,39,cb_refit_fixedC,0.3,0.574667616334283,ft2,0,
50,19,50,12,255,39,cb_refit_cvC,1.0,0.5902184235517569,ft2,0,False
50,19,50,12,255,39,opq_refit_fixedC,0.01,0.5755579297245964,ft2,0,
50,19,50,12,255,39,opq_refit_cvC,1.0,0.5891500474833808,ft2,0,False
50,19,50,12,255,39,probe_refit_fixedC,0.01,0.5905745489078822,ft2,0,
50,19,50,12,255,39,probe_refit_cvC,0.001,0.5937796771130104,ft2,0,False
50,19,50,12,255,39,cb_offset_cvC,10.0,0.5961538461538461,ft2,0,False
50,19,50,12,255,39,opq_offset_cvC,1.0,0.5922364672364672,ft2,0,False
50,20,50,6,255,45,cb_zero,,0.6652910052910054,ft2,0,
50,20,50,6,255,45,opq_zero,,0.5814814814814815,ft2,0,
50,20,50,6,255,45,cb_refit_fixedC,0.3,0.6010582010582011,ft2,0,
50,20,50,6,255,45,cb_refit_cvC,0.001,0.6031746031746031,ft2,0,False
50,20,50,6,255,45,opq_refit_fixedC,0.01,0.6375132275132276,ft2,0,
50,20,50,6,255,45,opq_refit_cvC,3.0,0.6025396825396827,ft2,0,False
50,20,50,6,255,45,probe_refit_fixedC,0.01,0.5371428571428571,ft2,0,
50,20,50,6,255,45,probe_refit_cvC,1.0,0.5427513227513228,ft2,0,False
50,20,50,6,255,45,cb_offset_cvC,0.001,0.664973544973545,ft2,0,False
50,20,50,6,255,45,opq_offset_cvC,10.0,0.5966137566137566,ft2,0,False
50,21,50,5,255,46,cb_zero,,0.6880590805075931,ft2,0,
50,21,50,5,255,46,opq_zero,,0.5918452257125026,ft2,0,
50,21,50,5,255,46,cb_refit_fixedC,0.3,0.6417724152277928,ft2,0,
50,21,50,5,255,46,cb_refit_cvC,0.03,0.6467651341793218,ft2,0,False
50,21,50,5,255,46,opq_refit_fixedC,0.01,0.4096109839816934,ft2,0,
50,21,50,5,255,46,opq_refit_cvC,0.003,0.39598502184314543,ft2,0,False
50,21,50,5,255,46,probe_refit_fixedC,0.01,0.5527355939255252,ft2,0,
50,21,50,5,255,46,probe_refit_cvC,10.0,0.5709382151029748,ft2,0,False
50,21,50,5,255,46,cb_offset_cvC,1.0,0.6698564593301435,ft2,0,False
50,21,50,5,255,46,opq_offset_cvC,0.03,0.43894320782192636,ft2,0,False
50,22,50,9,255,42,cb_zero,,0.6876816454281243,ft2,0,
50,22,50,9,255,42,opq_zero,,0.6230717639168343,ft2,0,
50,22,50,9,255,42,cb_refit_fixedC,0.3,0.6534764140397943,ft2,0,
50,22,50,9,255,42,cb_refit_cvC,10.0,0.5630449362843729,ft2,0,False
50,22,50,9,255,42,opq_refit_fixedC,0.01,0.43561368209255524,ft2,0,
50,22,50,9,255,42,opq_refit_cvC,0.003,0.43505477308294205,ft2,0,False
50,22,50,9,255,42,probe_refit_fixedC,0.01,0.5466130114017438,ft2,0,
50,22,50,9,255,42,probe_refit_cvC,3.0,0.5327520679633355,ft2,0,False
50,22,50,9,255,42,cb_offset_cvC,0.001,0.687458081824279,ft2,0,False
50,22,50,9,255,42,opq_offset_cvC,0.01,0.46825396825396826,ft2,0,False
50,23,50,10,255,41,cb_zero,,0.6787098244814224,ft2,0,
50,23,50,10,255,41,opq_zero,,0.5794392523364486,ft2,0,
50,23,50,10,255,41,cb_refit_fixedC,0.3,0.6134032368361068,ft2,0,
50,23,50,10,255,41,cb_refit_cvC,0.001,0.6180761340323684,ft2,0,False
50,23,50,10,255,41,opq_refit_fixedC,0.01,0.5374971506724413,ft2,0,
50,23,50,10,255,41,opq_refit_cvC,10.0,0.5758490996124914,ft2,0,False
50,23,50,10,255,41,probe_refit_fixedC,0.01,0.5822885798951447,ft2,0,
50,23,50,10,255,41,probe_refit_cvC,0.001,0.5912924549806247,ft2,0,False
50,23,50,10,255,41,cb_offset_cvC,0.001,0.6788237975837702,ft2,0,False
50,23,50,10,255,41,opq_offset_cvC,10.0,0.5780715751082744,ft2,0,False
50,24,51,8,254,43,cb_zero,,0.713215033616224,ft2,0,
50,24,51,8,254,43,opq_zero,,0.6021161688526396,ft2,0,
50,24,51,8,254,43,cb_refit_fixedC,0.3,0.5936294500165327,ft2,0,
50,24,51,8,254,43,cb_refit_cvC,3.0,0.6025570373636063,ft2,0,False
50,24,51,8,254,43,opq_refit_fixedC,0.01,0.5530695470076049,ft2,0,
50,24,51,8,254,43,opq_refit_cvC,1.0,0.5542268268488922,ft2,0,False
50,24,51,8,254,43,probe_refit_fixedC,0.01,0.5786399206436681,ft2,0,
50,24,51,8,254,43,probe_refit_cvC,0.001,0.6120357103493883,ft2,0,False
50,24,51,8,254,43,cb_offset_cvC,10.0,0.5945111870384657,ft2,0,False
50,24,51,8,254,43,opq_offset_cvC,10.0,0.5381902347624821,ft2,0,False
50,25,50,11,255,40,cb_zero,,0.6746511627906977,ft2,0,
50,25,50,11,255,40,opq_zero,,0.5625581395348836,ft2,0,
50,25,50,11,255,40,cb_refit_fixedC,0.3,0.6306976744186047,ft2,0,
50,25,50,11,255,40,cb_refit_cvC,0.003,0.6396511627906977,ft2,0,False
50,25,50,11,255,40,opq_refit_fixedC,0.01,0.49604651162790697,ft2,0,
50,25,50,11,255,40,opq_refit_cvC,10.0,0.5529651162790697,ft2,0,False
50,25,50,11,255,40,probe_refit_fixedC,0.01,0.5203488372093024,ft2,0,
50,25,50,11,255,40,probe_refit_cvC,0.3,0.5423255813953488,ft2,0,False
50,25,50,11,255,40,cb_offset_cvC,0.001,0.6745348837209303,ft2,0,False
50,25,50,11,255,40,opq_offset_cvC,0.001,0.5116279069767442,ft2,0,False
50,26,50,12,255,39,cb_zero,,0.6419753086419753,ft2,0,
50,26,50,12,255,39,opq_zero,,0.616690408357075,ft2,0,
50,26,50,12,255,39,cb_refit_fixedC,0.3,0.6193019943019943,ft2,0,
50,26,50,12,255,39,cb_refit_cvC,1.0,0.6317663817663818,ft2,0,False
50,26,50,12,255,39,opq_refit_fixedC,0.01,0.5677231718898386,ft2,0,
50,26,50,12,255,39,opq_refit_cvC,0.1,0.5890906932573599,ft2,0,False
50,26,50,12,255,39,probe_refit_fixedC,0.01,0.5764482431149098,ft2,0,
50,26,50,12,255,39,probe_refit_cvC,10.0,0.5705128205128205,ft2,0,False
50,26,50,12,255,39,cb_offset_cvC,1.0,0.6407882241215574,ft2,0,False
50,26,50,12,255,39,opq_offset_cvC,1.0,0.5738366571699905,ft2,0,False
50,27,50,6,255,45,cb_zero,,0.6865608465608466,ft2,0,
50,27,50,6,255,45,opq_zero,,0.6041269841269842,ft2,0,
50,27,50,6,255,45,cb_refit_fixedC,0.3,0.6643386243386243,ft2,0,
50,27,50,6,255,45,cb_refit_cvC,3.0,0.6537566137566138,ft2,0,False
50,27,50,6,255,45,opq_refit_fixedC,0.01,0.5987301587301588,ft2,0,
50,27,50,6,255,45,opq_refit_cvC,0.03,0.6004232804232803,ft2,0,False
50,27,50,6,255,45,probe_refit_fixedC,0.01,0.5217989417989418,ft2,0,
50,27,50,6,255,45,probe_refit_cvC,10.0,0.5274074074074073,ft2,0,False
50,27,50,6,255,45,cb_offset_cvC,0.001,0.6866666666666668,ft2,0,False
50,27,50,6,255,45,opq_offset_cvC,0.001,0.6051851851851852,ft2,0,False
50,28,51,8,254,43,cb_zero,,0.6838972776369449,ft2,0,
50,28,51,8,254,43,opq_zero,,0.56475256254822,ft2,0,
50,28,51,8,254,43,cb_refit_fixedC,0.3,0.6221756861016202,ft2,0,
50,28,51,8,254,43,cb_refit_cvC,1.0,0.6186487380138873,ft2,0,False
50,28,51,8,254,43,opq_refit_fixedC,0.01,0.6272456739777361,ft2,0,
50,28,51,8,254,43,opq_refit_cvC,1.0,0.5867959880965502,ft2,0,False
50,28,51,8,254,43,probe_refit_fixedC,0.01,0.5218780998567177,ft2,0,
50,28,51,8,254,43,probe_refit_cvC,0.001,0.5394026231676403,ft2,0,False
50,28,51,8,254,43,cb_offset_cvC,3.0,0.6197509092913038,ft2,0,False
50,28,51,8,254,43,opq_offset_cvC,0.001,0.5723575443623939,ft2,0,False
50,29,50,8,255,43,cb_zero,,0.6614743308468626,ft2,0,
50,29,50,8,255,43,opq_zero,,0.5888547608600263,ft2,0,
50,29,50,8,255,43,cb_refit_fixedC,0.3,0.7041465555068013,ft2,0,
50,29,50,8,255,43,cb_refit_cvC,0.001,0.7010750329091706,ft2,0,False
50,29,50,8,255,43,opq_refit_fixedC,0.01,0.5570425625274243,ft2,0,
50,29,50,8,255,43,opq_refit_cvC,0.03,0.5587977182974988,ft2,0,False
50,29,50,8,255,43,probe_refit_fixedC,0.01,0.6377797279508557,ft2,0,
50,29,50,8,255,43,probe_refit_cvC,10.0,0.6047608600263273,ft2,0,False
50,29,50,8,255,43,cb_offset_cvC,0.001,0.661364633611233,ft2,0,False
50,29,50,8,255,43,opq_offset_cvC,0.01,0.5157964019306712,ft2,0,False
100,0,100,17,205,34,cb_zero,,0.672514619883041,ft2,0,
100,0,100,17,205,34,opq_zero,,0.5970072239422085,ft2,0,
100,0,100,17,205,34,cb_refit_fixedC,0.3,0.6503267973856209,ft2,0,
100,0,100,17,205,34,cb_refit_cvC,10.0,0.6883384932920535,ft2,0,False
100,0,100,17,205,34,opq_refit_fixedC,0.01,0.6119711042311662,ft2,0,
100,0,100,17,205,34,opq_refit_cvC,0.03,0.6221190230478156,ft2,0,False
100,0,100,17,205,34,probe_refit_fixedC,0.01,0.5806673546611627,ft2,0,
100,0,100,17,205,34,probe_refit_cvC,0.001,0.6045751633986929,ft2,0,False
100,0,100,17,205,34,cb_offset_cvC,0.001,0.6723426212590299,ft2,0,False
100,0,100,17,205,34,opq_offset_cvC,0.1,0.6214310285517717,ft2,0,False
100,1,100,15,205,36,cb_zero,,0.7044707429322814,ft2,0,
100,1,100,15,205,36,opq_zero,,0.611275476660092,ft2,0,
100,1,100,15,205,36,cb_refit_fixedC,0.3,0.6268902038132808,ft2,0,
100,1,100,15,205,36,cb_refit_cvC,10.0,0.5639381985535832,ft2,0,False
100,1,100,15,205,36,opq_refit_fixedC,0.01,0.6193293885601578,ft2,0,
100,1,100,15,205,36,opq_refit_cvC,3.0,0.5925378040762656,ft2,0,False
100,1,100,15,205,36,probe_refit_fixedC,0.01,0.6058514135437213,ft2,0,
100,1,100,15,205,36,probe_refit_cvC,10.0,0.5746219592373438,ft2,0,False
100,1,100,15,205,36,cb_offset_cvC,0.001,0.7039776462853387,ft2,0,False
100,1,100,15,205,36,opq_offset_cvC,0.001,0.5769230769230769,ft2,0,False
100,2,100,13,205,38,cb_zero,,0.6925622439331862,ft2,0,
100,2,100,13,205,38,opq_zero,,0.5768988339111252,ft2,0,
100,2,100,13,205,38,cb_refit_fixedC,0.3,0.7352663094862906,ft2,0,
100,2,100,13,205,38,cb_refit_cvC,0.1,0.7388906397730854,ft2,0,False
100,2,100,13,205,38,opq_refit_fixedC,0.01,0.6221241727072171,ft2,0,
100,2,100,13,205,38,opq_refit_cvC,3.0,0.5609832965647652,ft2,0,False
100,2,100,13,205,38,probe_refit_fixedC,0.01,0.6481248030255279,ft2,0,
100,2,100,13,205,38,probe_refit_cvC,0.001,0.6487551213362748,ft2,0,False
100,2,100,13,205,38,cb_offset_cvC,0.03,0.6968168925307281,ft2,0,False
100,2,100,13,205,38,opq_offset_cvC,0.001,0.5562559092341632,ft2,0,False
100,3,101,20,204,31,cb_zero,,0.6561625955621854,ft2,0,
100,3,101,20,204,31,opq_zero,,0.615886630617192,ft2,0,
100,3,101,20,204,31,cb_refit_fixedC,0.3,0.6291254894648517,ft2,0,
100,3,101,20,204,31,cb_refit_cvC,0.001,0.6436695879172105,ft2,0,False
100,3,101,20,204,31,opq_refit_fixedC,0.01,0.5858661197091181,ft2,0,
100,3,101,20,204,31,opq_refit_cvC,0.03,0.584374417303748,ft2,0,False
100,3,101,20,204,31,probe_refit_fixedC,0.01,0.6227857542420288,ft2,0,
100,3,101,20,204,31,probe_refit_cvC,0.001,0.6334141338802909,ft2,0,False
100,3,101,20,204,31,cb_offset_cvC,0.01,0.6539250419541301,ft2,0,False
100,3,101,20,204,31,opq_offset_cvC,0.03,0.5966809621480516,ft2,0,False
100,4,100,16,205,35,cb_zero,,0.6867226890756303,ft2,0,
100,4,100,16,205,35,opq_zero,,0.6319327731092437,ft2,0,
100,4,100,16,205,35,cb_refit_fixedC,0.3,0.626218487394958,ft2,0,
100,4,100,16,205,35,cb_refit_cvC,0.001,0.635126050420168,ft2,0,False
100,4,100,16,205,35,opq_refit_fixedC,0.01,0.5776470588235294,ft2,0,
100,4,100,16,205,35,opq_refit_cvC,0.001,0.5709243697478992,ft2,0,False
100,4,100,16,205,35,probe_refit_fixedC,0.01,0.6211764705882352,ft2,0,
100,4,100,16,205,35,probe_refit_cvC,10.0,0.6235294117647058,ft2,0,False
100,4,100,16,205,35,cb_offset_cvC,0.001,0.6863865546218487,ft2,0,False
100,4,100,16,205,35,opq_offset_cvC,0.001,0.5942857142857143,ft2,0,False
100,5,101,18,204,33,cb_zero,,0.7051213893319156,ft2,0,
100,5,101,18,204,33,opq_zero,,0.6041112883218147,ft2,0,
100,5,101,18,204,33,cb_refit_fixedC,0.3,0.7813219918483076,ft2,0,
100,5,101,18,204,33,cb_refit_cvC,10.0,0.6640085061137693,ft2,0,False
100,5,101,18,204,33,opq_refit_fixedC,0.01,0.6588693957115009,ft2,0,
100,5,101,18,204,33,opq_refit_cvC,0.001,0.6399078504341663,ft2,0,False
100,5,101,18,204,33,probe_refit_fixedC,0.01,0.5762892078681552,ft2,0,
100,5,101,18,204,33,probe_refit_cvC,0.001,0.6314017366648945,ft2,0,False
100,5,101,18,204,33,cb_offset_cvC,0.001,0.7054758107389686,ft2,0,False
100,5,101,18,204,33,opq_offset_cvC,0.001,0.6136806663122453,ft2,0,False
100,6,101,18,204,33,cb_zero,,0.6712741449583555,ft2,0,
100,6,101,18,204,33,opq_zero,,0.5521885521885521,ft2,0,
100,6,101,18,204,33,cb_refit_fixedC,0.3,0.6849193691298955,ft2,0,
100,6,101,18,204,33,cb_refit_cvC,1.0,0.6755272018429913,ft2,0,False
100,6,101,18,204,33,opq_refit_fixedC,0.01,0.5695552011341484,ft2,0,
100,6,101,18,204,33,opq_refit_cvC,0.003,0.5616693248272197,ft2,0,False
100,6,101,18,204,33,probe_refit_fixedC,0.01,0.597022860180755,ft2,0,
100,6,101,18,204,33,probe_refit_cvC,0.001,0.5957823852560695,ft2,0,False
100,6,101,18,204,33,cb_offset_cvC,0.3,0.6944887471203262,ft2,0,False
100,6,101,18,204,33,opq_offset_cvC,0.03,0.5743398901293638,ft2,0,False
100,7,100,15,205,36,cb_zero,,0.660913872452334,ft2,0,
100,7,100,15,205,36,opq_zero,,0.5350098619329389,ft2,0,
100,7,100,15,205,36,cb_refit_fixedC,0.3,0.6689677843523998,ft2,0,
100,7,100,15,205,36,cb_refit_cvC,3.0,0.6719263642340566,ft2,0,False
100,7,100,15,205,36,opq_refit_fixedC,0.01,0.6221236028928336,ft2,0,
100,7,100,15,205,36,opq_refit_cvC,10.0,0.5614727153188692,ft2,0,False
100,7,100,15,205,36,probe_refit_fixedC,0.01,0.6342866535174227,ft2,0,
100,7,100,15,205,36,probe_refit_cvC,0.001,0.6410256410256411,ft2,0,False
100,7,100,15,205,36,cb_offset_cvC,10.0,0.6834319526627219,ft2,0,False
100,7,100,15,205,36,opq_offset_cvC,0.001,0.5290927021696252,ft2,0,False
100,8,101,18,204,33,cb_zero,,0.672160198475988,ft2,0,
100,8,101,18,204,33,opq_zero,,0.5800106326422116,ft2,0,
100,8,101,18,204,33,cb_refit_fixedC,0.3,0.6695020379230906,ft2,0,
100,8,101,18,204,33,cb_refit_cvC,0.003,0.7010455431508062,ft2,0,False
100,8,101,18,204,33,opq_refit_fixedC,0.01,0.5396065922381712,ft2,0,
100,8,101,18,204,33,opq_refit_cvC,0.1,0.556796030480241,ft2,0,False
100,8,101,18,204,33,probe_refit_fixedC,0.01,0.644515328725855,ft2,0,
100,8,101,18,204,33,probe_refit_cvC,0.001,0.645933014354067,ft2,0,False
100,8,101,18,204,33,cb_offset_cvC,1.0,0.6696792486266171,ft2,0,False
100,8,101,18,204,33,opq_offset_cvC,0.3,0.5621123515860358,ft2,0,False
100,9,100,20,205,31,cb_zero,,0.6264367816091954,ft2,0,
100,9,100,20,205,31,opq_zero,,0.5374490174267705,ft2,0,
100,9,100,20,205,31,cb_refit_fixedC,0.3,0.6737115313311086,ft2,0,
100,9,100,20,205,31,cb_refit_cvC,1.0,0.6792732665925101,ft2,0,False
100,9,100,20,205,31,opq_refit_fixedC,0.01,0.5372636262513905,ft2,0,
100,9,100,20,205,31,opq_refit_cvC,0.003,0.5100111234705228,ft2,0,False
100,9,100,20,205,31,probe_refit_fixedC,0.01,0.5350389321468298,ft2,0,
100,9,100,20,205,31,probe_refit_cvC,0.001,0.5406006674082314,ft2,0,False
100,9,100,20,205,31,cb_offset_cvC,1.0,0.6842788283277715,ft2,0,False
100,9,100,20,205,31,opq_offset_cvC,0.001,0.49962921764923995,ft2,0,False
100,10,101,14,204,37,cb_zero,,0.6488104871338405,ft2,0,
100,10,101,14,204,37,opq_zero,,0.5699951448454442,ft2,0,
100,10,101,14,204,37,cb_refit_fixedC,0.3,0.7030263796730863,ft2,0,
100,10,101,14,204,37,cb_refit_cvC,3.0,0.7133840427253602,ft2,0,False
100,10,101,14,204,37,opq_refit_fixedC,0.01,0.6238873604143065,ft2,0,
100,10,101,14,204,37,opq_refit_cvC,0.003,0.6075416734099369,ft2,0,False
100,10,101,14,204,37,probe_refit_fixedC,0.01,0.5924906942871015,ft2,0,
100,10,101,14,204,37,probe_refit_cvC,0.1,0.5816475157792523,ft2,0,False
100,10,101,14,204,37,cb_offset_cvC,0.003,0.6497815180449911,ft2,0,False
100,10,101,14,204,37,opq_offset_cvC,0.001,0.5533257808706912,ft2,0,False
100,11,100,12,205,39,cb_zero,,0.6801050355267222,ft2,0,
100,11,100,12,205,39,opq_zero,,0.6161569354340438,ft2,0,
100,11,100,12,205,39,cb_refit_fixedC,0.3,0.7035835650293482,ft2,0,
100,11,100,12,205,39,cb_refit_cvC,3.0,0.6777880753784368,ft2,0,False
100,11,100,12,205,39,opq_refit_fixedC,0.01,0.5979301822675318,ft2,0,
100,11,100,12,205,39,opq_refit_cvC,0.01,0.5979301822675318,ft2,0,False
100,11,100,12,205,39,probe_refit_fixedC,0.01,0.5725980846462774,ft2,0,
100,11,100,12,205,39,probe_refit_cvC,3.0,0.5590052517763361,ft2,0,False
100,11,100,12,205,39,cb_offset_cvC,0.001,0.6804139635464936,ft2,0,False
100,11,100,12,205,39,opq_offset_cvC,0.03,0.6053444547420451,ft2,0,False
100,12,101,14,204,37,cb_zero,,0.714193235151319,ft2,0,
100,12,101,14,204,37,opq_zero,,0.6274478070885257,ft2,0,
100,12,101,14,204,37,cb_refit_fixedC,0.3,0.5874737012461563,ft2,0,
100,12,101,14,204,37,cb_refit_cvC,0.1,0.5869881857905811,ft2,0,False
100,12,101,14,204,37,opq_refit_fixedC,0.01,0.5610940281598965,ft2,0,
100,12,101,14,204,37,opq_refit_cvC,0.003,0.5559151966337595,ft2,0,False
100,12,101,14,204,37,probe_refit_fixedC,0.01,0.42887198575821334,ft2,0,
100,12,101,14,204,37,probe_refit_cvC,1.0,0.4180288072503641,ft2,0,False
100,12,101,14,204,37,cb_offset_cvC,0.3,0.6764848681016346,ft2,0,False
100,12,101,14,204,37,opq_offset_cvC,0.1,0.54685224146302,ft2,0,False
100,13,100,17,205,34,cb_zero,,0.695562435500516,ft2,0,
100,13,100,17,205,34,opq_zero,,0.6338149294805642,ft2,0,
100,13,100,17,205,34,cb_refit_fixedC,0.3,0.717922256621947,ft2,0,
100,13,100,17,205,34,cb_refit_cvC,0.003,0.7069143446852425,ft2,0,False
100,13,100,17,205,34,opq_refit_fixedC,0.01,0.628826969384245,ft2,0,
100,13,100,17,205,34,opq_refit_cvC,0.01,0.628826969384245,ft2,0,False
100,13,100,17,205,34,probe_refit_fixedC,0.01,0.5385276917784658,ft2,0,
100,13,100,17,205,34,probe_refit_cvC,10.0,0.5192638458892329,ft2,0,False
100,13,100,17,205,34,cb_offset_cvC,0.001,0.695562435500516,ft2,0,False
100,13,100,17,205,34,opq_offset_cvC,10.0,0.6621947024423804,ft2,0,False
100,14,101,19,204,32,cb_zero,,0.6507994186046512,ft2,0,
100,14,101,19,204,32,opq_zero,,0.5999273255813953,ft2,0,
100,14,101,19,204,32,cb_refit_fixedC,0.3,0.700218023255814,ft2,0,
100,14,101,19,204,32,cb_refit_cvC,1.0,0.6940406976744187,ft2,0,False
100,14,101,19,204,32,opq_refit_fixedC,0.01,0.5721293604651162,ft2,0,
100,14,101,19,204,32,opq_refit_cvC,0.03,0.5815770348837209,ft2,0,False
100,14,101,19,204,32,probe_refit_fixedC,0.01,0.5924781976744187,ft2,0,
100,14,101,19,204,32,probe_refit_cvC,0.003,0.5962936046511628,ft2,0,False
100,14,101,19,204,32,cb_offset_cvC,3.0,0.6682412790697674,ft2,0,False
100,14,101,19,204,32,opq_offset_cvC,0.1,0.5872093023255814,ft2,0,False
100,15,100,16,205,35,cb_zero,,0.6882352941176471,ft2,0,
100,15,100,16,205,35,opq_zero,,0.579327731092437,ft2,0,
100,15,100,16,205,35,cb_refit_fixedC,0.3,0.7030252100840336,ft2,0,
100,15,100,16,205,35,cb_refit_cvC,0.1,0.7173109243697479,ft2,0,False
100,15,100,16,205,35,opq_refit_fixedC,0.01,0.5682352941176471,ft2,0,
100,15,100,16,205,35,opq_refit_cvC,3.0,0.5518487394957984,ft2,0,False
100,15,100,16,205,35,probe_refit_fixedC,0.01,0.5285714285714286,ft2,0,
100,15,100,16,205,35,probe_refit_cvC,0.003,0.5393277310924369,ft2,0,False
100,15,100,16,205,35,cb_offset_cvC,3.0,0.6941176470588234,ft2,0,False
100,15,100,16,205,35,opq_offset_cvC,10.0,0.5573109243697479,ft2,0,False
100,16,100,18,205,33,cb_zero,,0.6370683579985905,ft2,0,
100,16,100,18,205,33,opq_zero,,0.5435165609584214,ft2,0,
100,16,100,18,205,33,cb_refit_fixedC,0.3,0.6749471458773784,ft2,0,
100,16,100,18,205,33,cb_refit_cvC,1.0,0.6728329809725159,ft2,0,False
100,16,100,18,205,33,opq_refit_fixedC,0.01,0.615398167723749,ft2,0,
100,16,100,18,205,33,opq_refit_cvC,0.01,0.615398167723749,ft2,0,False
100,16,100,18,205,33,probe_refit_fixedC,0.01,0.6125792811839323,ft2,0,
100,16,100,18,205,33,probe_refit_cvC,0.003,0.6173361522198731,ft2,0,False
100,16,100,18,205,33,cb_offset_cvC,3.0,0.6761804087385483,ft2,0,False
100,16,100,18,205,33,opq_offset_cvC,0.003,0.5243128964059197,ft2,0,False
100,17,100,19,205,32,cb_zero,,0.7279624277456647,ft2,0,
100,17,100,19,205,32,opq_zero,,0.6031430635838151,ft2,0,
100,17,100,19,205,32,cb_refit_fixedC,0.3,0.725614161849711,ft2,0,
100,17,100,19,205,32,cb_refit_cvC,0.01,0.7299494219653179,ft2,0,False
100,17,100,19,205,32,opq_refit_fixedC,0.01,0.6356575144508669,ft2,0,
100,17,100,19,205,32,opq_refit_cvC,0.001,0.6248193641618497,ft2,0,False
100,17,100,19,205,32,probe_refit_fixedC,0.01,0.5966401734104047,ft2,0,
100,17,100,19,205,32,probe_refit_cvC,1.0,0.5946531791907514,ft2,0,False
100,17,100,19,205,32,cb_offset_cvC,0.3,0.7671604046242775,ft2,0,False
100,17,100,19,205,32,opq_offset_cvC,0.001,0.5789378612716763,ft2,0,False
100,18,100,16,205,35,cb_zero,,0.6722689075630252,ft2,0,
100,18,100,16,205,35,opq_zero,,0.5791596638655462,ft2,0,
100,18,100,16,205,35,cb_refit_fixedC,0.3,0.6710924369747899,ft2,0,
100,18,100,16,205,35,cb_refit_cvC,0.003,0.6789915966386555,ft2,0,False
100,18,100,16,205,35,opq_refit_fixedC,0.01,0.5847058823529412,ft2,0,
100,18,100,16,205,35,opq_refit_cvC,10.0,0.5247058823529412,ft2,0,False
100,18,100,16,205,35,probe_refit_fixedC,0.01,0.5203361344537816,ft2,0,
100,18,100,16,205,35,probe_refit_cvC,10.0,0.5346218487394958,ft2,0,False
100,18,100,16,205,35,cb_offset_cvC,10.0,0.6297478991596638,ft2,0,False
100,18,100,16,205,35,opq_offset_cvC,10.0,0.5445378151260504,ft2,0,False
100,19,100,16,205,35,cb_zero,,0.6914285714285714,ft2,0,
100,19,100,16,205,35,opq_zero,,0.5862184873949579,ft2,0,
100,19,100,16,205,35,cb_refit_fixedC,0.3,0.5752941176470588,ft2,0,
100,19,100,16,205,35,cb_refit_cvC,0.003,0.5820168067226891,ft2,0,False
100,19,100,16,205,35,opq_refit_fixedC,0.01,0.5865546218487395,ft2,0,
100,19,100,16,205,35,opq_refit_cvC,0.001,0.5536134453781513,ft2,0,False
100,19,100,16,205,35,probe_refit_fixedC,0.01,0.49411764705882344,ft2,0,
100,19,100,16,205,35,probe_refit_cvC,0.001,0.49176470588235294,ft2,0,False
100,19,100,16,205,35,cb_offset_cvC,0.3,0.6228571428571429,ft2,0,False
100,19,100,16,205,35,opq_offset_cvC,0.003,0.5707563025210084,ft2,0,False
100,20,101,17,204,34,cb_zero,,0.6664359861591695,ft2,0,
100,20,101,17,204,34,opq_zero,,0.5581314878892734,ft2,0,
100,20,101,17,204,34,cb_refit_fixedC,0.3,0.7098615916955018,ft2,0,
100,20,101,17,204,34,cb_refit_cvC,0.1,0.6955017301038061,ft2,0,False
100,20,101,17,204,34,opq_refit_fixedC,0.01,0.5998269896193772,ft2,0,
100,20,101,17,204,34,opq_refit_cvC,0.001,0.5933391003460208,ft2,0,False
100,20,101,17,204,34,probe_refit_fixedC,0.01,0.6164359861591695,ft2,0,
100,20,101,17,204,34,probe_refit_cvC,10.0,0.6252595155709342,ft2,0,False
100,20,101,17,204,34,cb_offset_cvC,0.1,0.6835640138408303,ft2,0,False
100,20,101,17,204,34,opq_offset_cvC,0.001,0.528719723183391,ft2,0,False
100,21,100,17,205,34,cb_zero,,0.6694186446508428,ft2,0,
100,21,100,17,205,34,opq_zero,,0.6038871689026488,ft2,0,
100,21,100,17,205,34,cb_refit_fixedC,0.3,0.6596147230822154,ft2,0,
100,21,100,17,205,34,cb_refit_cvC,0.3,0.6596147230822154,ft2,0,False
100,21,100,17,205,34,opq_refit_fixedC,0.01,0.610251117991056,ft2,0,
100,21,100,17,205,34,opq_refit_cvC,10.0,0.6052631578947367,ft2,0,False
100,21,100,17,205,34,probe_refit_fixedC,0.01,0.6202270381836946,ft2,0,
100,21,100,17,205,34,probe_refit_cvC,0.001,0.6437908496732027,ft2,0,False
100,21,100,17,205,34,cb_offset_cvC,1.0,0.6761265909872721,ft2,0,False
100,21,100,17,205,34,opq_offset_cvC,10.0,0.608703130374957,ft2,0,False
100,22,100,10,205,41,cb_zero,,0.7061273051754908,ft2,0,
100,22,100,10,205,41,opq_zero,,0.6168947055324212,ft2,0,
100,22,100,10,205,41,cb_refit_fixedC,0.3,0.5727245687091018,ft2,0,
100,22,100,10,205,41,cb_refit_cvC,10.0,0.5422367638310529,ft2,0,False
100,22,100,10,205,41,opq_refit_fixedC,0.01,0.5725758477096966,ft2,0,
100,22,100,10,205,41,opq_refit_cvC,0.01,0.5725758477096966,ft2,0,False
100,22,100,10,205,41,probe_refit_fixedC,0.01,0.5095181439619274,ft2,0,
100,22,100,10,205,41,probe_refit_cvC,3.0,0.5118976799524093,ft2,0,False
100,22,100,10,205,41,cb_offset_cvC,0.001,0.7055324211778702,ft2,0,False
100,22,100,10,205,41,opq_offset_cvC,0.03,0.5324211778703153,ft2,0,False
100,23,100,18,205,33,cb_zero,,0.7267441860465116,ft2,0,
100,23,100,18,205,33,opq_zero,,0.6506342494714588,ft2,0,
100,23,100,18,205,33,cb_refit_fixedC,0.3,0.7524665257223397,ft2,0,
100,23,100,18,205,33,cb_refit_cvC,10.0,0.6575052854122622,ft2,0,False
100,23,100,18,205,33,opq_refit_fixedC,0.01,0.545630725863284,ft2,0,
100,23,100,18,205,33,opq_refit_cvC,3.0,0.5611346018322763,ft2,0,False
100,23,100,18,205,33,probe_refit_fixedC,0.01,0.5750528541226215,ft2,0,
100,23,100,18,205,33,probe_refit_cvC,0.001,0.570648343904158,ft2,0,False
100,23,100,18,205,33,cb_offset_cvC,0.001,0.7269203664552502,ft2,0,False
100,23,100,18,205,33,opq_offset_cvC,10.0,0.55461592670895,ft2,0,False
100,24,101,16,204,35,cb_zero,,0.673541842772612,ft2,0,
100,24,101,16,204,35,opq_zero,,0.5240912933220625,ft2,0,
100,24,101,16,204,35,cb_refit_fixedC,0.3,0.707861369399831,ft2,0,
100,24,101,16,204,35,cb_refit_cvC,3.0,0.6718512256973794,ft2,0,False
100,24,101,16,204,35,opq_refit_fixedC,0.01,0.5732882502113271,ft2,0,
100,24,101,16,204,35,opq_refit_cvC,0.001,0.5577345731191885,ft2,0,False
100,24,101,16,204,35,probe_refit_fixedC,0.01,0.5978021978021979,ft2,0,
100,24,101,16,204,35,probe_refit_cvC,0.001,0.6016906170752324,ft2,0,False
100,24,101,16,204,35,cb_offset_cvC,10.0,0.6331360946745562,ft2,0,False
100,24,101,16,204,35,opq_offset_cvC,0.003,0.5164835164835165,ft2,0,False
100,25,100,26,205,25,cb_zero,,0.6399999999999999,ft2,0,
100,25,100,26,205,25,opq_zero,,0.552,ft2,0,
100,25,100,26,205,25,cb_refit_fixedC,0.3,0.6831111111111111,ft2,0,
100,25,100,26,205,25,cb_refit_cvC,1.0,0.6613333333333333,ft2,0,False
100,25,100,26,205,25,opq_refit_fixedC,0.01,0.6048888888888888,ft2,0,
100,25,100,26,205,25,opq_refit_cvC,0.003,0.6008888888888889,ft2,0,False
100,25,100,26,205,25,probe_refit_fixedC,0.01,0.5591111111111111,ft2,0,
100,25,100,26,205,25,probe_refit_cvC,0.001,0.5877777777777777,ft2,0,False
100,25,100,26,205,25,cb_offset_cvC,3.0,0.624,ft2,0,False
100,25,100,26,205,25,opq_offset_cvC,0.003,0.548,ft2,0,False
100,26,101,22,204,29,cb_zero,,0.6679802955665025,ft2,0,
100,26,101,22,204,29,opq_zero,,0.5783251231527093,ft2,0,
100,26,101,22,204,29,cb_refit_fixedC,0.3,0.7087684729064039,ft2,0,
100,26,101,22,204,29,cb_refit_cvC,0.003,0.6624630541871921,ft2,0,False
100,26,101,22,204,29,opq_refit_fixedC,0.01,0.5852216748768473,ft2,0,
100,26,101,22,204,29,opq_refit_cvC,10.0,0.5201970443349754,ft2,0,False
100,26,101,22,204,29,probe_refit_fixedC,0.01,0.625024630541872,ft2,0,
100,26,101,22,204,29,probe_refit_cvC,0.001,0.6315270935960592,ft2,0,False
100,26,101,22,204,29,cb_offset_cvC,0.003,0.6691625615763547,ft2,0,False
100,26,101,22,204,29,opq_offset_cvC,0.001,0.5643349753694581,ft2,0,False
100,27,100,23,205,28,cb_zero,,0.7239709443099274,ft2,0,
100,27,100,23,205,28,opq_zero,,0.6325665859564165,ft2,0,
100,27,100,23,205,28,cb_refit_fixedC,0.3,0.6840193704600485,ft2,0,
100,27,100,23,205,28,cb_refit_cvC,1.0,0.6616222760290555,ft2,0,False
100,27,100,23,205,28,opq_refit_fixedC,0.01,0.626412429378531,ft2,0,
100,27,100,23,205,28,opq_refit_cvC,0.03,0.6095641646489104,ft2,0,False
100,27,100,23,205,28,probe_refit_fixedC,0.01,0.5627522195318805,ft2,0,
100,27,100,23,205,28,probe_refit_cvC,0.001,0.5821226795803066,ft2,0,False
100,27,100,23,205,28,cb_offset_cvC,3.0,0.6448748991121872,ft2,0,False
100,27,100,23,205,28,opq_offset_cvC,10.0,0.5813155770782888,ft2,0,False
100,28,100,16,205,35,cb_zero,,0.6739495798319327,ft2,0,
100,28,100,16,205,35,opq_zero,,0.5808403361344538,ft2,0,
100,28,100,16,205,35,cb_refit_fixedC,0.3,0.7097478991596639,ft2,0,
100,28,100,16,205,35,cb_refit_cvC,3.0,0.6652100840336134,ft2,0,False
100,28,100,16,205,35,opq_refit_fixedC,0.01,0.6591596638655463,ft2,0,
100,28,100,16,205,35,opq_refit_cvC,0.03,0.6499159663865547,ft2,0,False
100,28,100,16,205,35,probe_refit_fixedC,0.01,0.610420168067227,ft2,0,
100,28,100,16,205,35,probe_refit_cvC,0.001,0.6458823529411766,ft2,0,False
100,28,100,16,205,35,cb_offset_cvC,0.003,0.673781512605042,ft2,0,False
100,28,100,16,205,35,opq_offset_cvC,0.001,0.5742857142857143,ft2,0,False
100,29,100,20,205,31,cb_zero,,0.6735261401557286,ft2,0,
100,29,100,20,205,31,opq_zero,,0.5431961438635522,ft2,0,
100,29,100,20,205,31,cb_refit_fixedC,0.3,0.6831664812754913,ft2,0,
100,29,100,20,205,31,cb_refit_cvC,0.03,0.6585094549499444,ft2,0,False
100,29,100,20,205,31,opq_refit_fixedC,0.01,0.5153874675565443,ft2,0,
100,29,100,20,205,31,opq_refit_cvC,10.0,0.4123099740452354,ft2,0,False
100,29,100,20,205,31,probe_refit_fixedC,0.01,0.542825361512792,ft2,0,
100,29,100,20,205,31,probe_refit_cvC,0.1,0.5365220615498703,ft2,0,False
100,29,100,20,205,31,cb_offset_cvC,0.001,0.6735261401557285,ft2,0,False
100,29,100,20,205,31,opq_offset_cvC,0.001,0.5305895439377086,ft2,0,False
10,0,10,2,295,49,cb_zero,,0.6107516177202589,ft2,1,
10,0,10,2,295,49,opq_zero,,0.6065206570433052,ft2,1,
10,0,10,2,295,49,cb_refit_fixedC,0.3,0.44259167081466727,ft2,1,
10,0,10,2,295,49,cb_refit_cvC,0.001,0.44010287041645924,ft2,1,False
10,0,10,2,295,49,opq_refit_fixedC,0.01,0.5350920856147338,ft2,1,
10,0,10,2,295,49,opq_refit_cvC,0.001,0.5382445661191306,ft2,1,False
10,0,10,2,295,49,probe_refit_fixedC,0.01,0.3685913389746142,ft2,1,
10,0,10,2,295,49,probe_refit_cvC,0.001,0.3603782976605276,ft2,1,False
10,0,10,2,295,49,cb_offset_cvC,0.001,0.6105856976937116,ft2,1,False
10,0,10,2,295,49,opq_offset_cvC,1.0,0.5247220839555334,ft2,1,False
10,1,10,3,295,48,cb_zero,,0.6012145748987854,ft2,1,
10,1,10,3,295,48,opq_zero,,0.6008771929824562,ft2,1,
10,1,10,3,295,48,cb_refit_fixedC,0.3,0.6270242914979757,ft2,1,
10,1,10,3,295,48,cb_refit_cvC,0.003,0.6300607287449393,ft2,1,False
10,1,10,3,295,48,opq_refit_fixedC,0.01,0.5529689608636977,ft2,1,
10,1,10,3,295,48,opq_refit_cvC,1.0,0.5405701754385965,ft2,1,False
10,1,10,3,295,48,probe_refit_fixedC,0.01,0.6471828609986503,ft2,1,
10,1,10,3,295,48,probe_refit_cvC,0.001,0.6352901484480431,ft2,1,False
10,1,10,3,295,48,cb_offset_cvC,0.001,0.6011302294197031,ft2,1,False
10,1,10,3,295,48,opq_offset_cvC,0.03,0.5706815114709852,ft2,1,False
10,2,10,1,295,50,cb_zero,,0.606938775510204,ft2,1,
10,2,10,1,295,50,opq_zero,,0.5972244897959184,ft2,1,
10,2,10,1,295,50,cb_refit_fixedC,0.3,0.40897959183673477,ft2,1,
10,2,10,1,295,50,cb_refit_cvC,0.3,0.40897959183673477,ft2,1,True
10,2,10,1,295,50,opq_refit_fixedC,0.01,0.5868571428571429,ft2,1,
10,2,10,1,295,50,opq_refit_cvC,0.01,0.5868571428571429,ft2,1,True
10,2,10,1,295,50,probe_refit_fixedC,0.01,0.4028571428571429,ft2,1,
10,2,10,1,295,50,probe_refit_cvC,0.01,0.4028571428571429,ft2,1,True
10,2,10,1,295,50,cb_offset_cvC,0.001,0.6068571428571429,ft2,1,True
10,2,10,1,295,50,opq_offset_cvC,0.001,0.5941224489795918,ft2,1,True
10,3,10,1,295,50,cb_zero,,0.6080816326530613,ft2,1,
10,3,10,1,295,50,opq_zero,,0.5893061224489796,ft2,1,
10,3,10,1,295,50,cb_refit_fixedC,0.3,0.45061224489795915,ft2,1,
10,3,10,1,295,50,cb_refit_cvC,0.3,0.45061224489795915,ft2,1,True
10,3,10,1,295,50,opq_refit_fixedC,0.01,0.542734693877551,ft2,1,
10,3,10,1,295,50,opq_refit_cvC,0.01,0.542734693877551,ft2,1,True
10,3,10,1,295,50,probe_refit_fixedC,0.01,0.5008163265306123,ft2,1,
10,3,10,1,295,50,probe_refit_cvC,0.01,0.5008163265306123,ft2,1,True
10,3,10,1,295,50,cb_offset_cvC,0.001,0.6077551020408163,ft2,1,True
10,3,10,1,295,50,opq_offset_cvC,0.001,0.5741224489795919,ft2,1,True
10,4,10,1,295,50,cb_zero,,0.6070204081632654,ft2,1,
10,4,10,1,295,50,opq_zero,,0.583265306122449,ft2,1,
10,4,10,1,295,50,cb_refit_fixedC,0.3,0.5245714285714286,ft2,1,
10,4,10,1,295,50,cb_refit_cvC,0.3,0.5245714285714286,ft2,1,True
10,4,10,1,295,50,opq_refit_fixedC,0.01,0.5324081632653062,ft2,1,
10,4,10,1,295,50,opq_refit_cvC,0.01,0.5324081632653062,ft2,1,True
10,4,10,1,295,50,probe_refit_fixedC,0.01,0.582204081632653,ft2,1,
10,4,10,1,295,50,probe_refit_cvC,0.01,0.582204081632653,ft2,1,True
10,4,10,1,295,50,cb_offset_cvC,0.001,0.6069387755102041,ft2,1,True
10,4,10,1,295,50,opq_offset_cvC,0.001,0.5875102040816327,ft2,1,True
10,5,10,1,295,50,cb_zero,,0.6121632653061224,ft2,1,
10,5,10,1,295,50,opq_zero,,0.6030204081632653,ft2,1,
10,5,10,1,295,50,cb_refit_fixedC,0.3,0.3431020408163265,ft2,1,
10,5,10,1,295,50,cb_refit_cvC,0.3,0.3431020408163265,ft2,1,True
10,5,10,1,295,50,opq_refit_fixedC,0.01,0.5733469387755102,ft2,1,
10,5,10,1,295,50,opq_refit_cvC,0.01,0.5733469387755102,ft2,1,True
10,5,10,1,295,50,probe_refit_fixedC,0.01,0.40171428571428575,ft2,1,
10,5,10,1,295,50,probe_refit_cvC,0.01,0.40171428571428575,ft2,1,True
10,5,10,1,295,50,cb_offset_cvC,0.001,0.6120816326530611,ft2,1,True
10,5,10,1,295,50,opq_offset_cvC,0.001,0.5709387755102041,ft2,1,True
10,6,10,1,295,50,cb_zero,,0.6128979591836735,ft2,1,
10,6,10,1,295,50,opq_zero,,0.604326530612245,ft2,1,
10,6,10,1,295,50,cb_refit_fixedC,0.3,0.46416326530612245,ft2,1,
10,6,10,1,295,50,cb_refit_cvC,0.3,0.46416326530612245,ft2,1,True
10,6,10,1,295,50,opq_refit_fixedC,0.01,0.4766530612244898,ft2,1,
10,6,10,1,295,50,opq_refit_cvC,0.01,0.4766530612244898,ft2,1,True
10,6,10,1,295,50,probe_refit_fixedC,0.01,0.3824489795918368,ft2,1,
10,6,10,1,295,50,probe_refit_cvC,0.01,0.3824489795918368,ft2,1,True
10,6,10,1,295,50,cb_offset_cvC,0.001,0.6128163265306122,ft2,1,True
10,6,10,1,295,50,opq_offset_cvC,0.001,0.5889795918367347,ft2,1,True
10,7,10,2,295,49,cb_zero,,0.6066036170565786,ft2,1,
10,7,10,2,295,49,opq_zero,,0.5870250539240086,ft2,1,
10,7,10,2,295,49,cb_refit_fixedC,0.3,0.6651733864277418,ft2,1,
10,7,10,2,295,49,cb_refit_cvC,10.0,0.650738344118135,ft2,1,False
10,7,10,2,295,49,opq_refit_fixedC,0.01,0.5785216525634644,ft2,1,
10,7,10,2,295,49,opq_refit_cvC,0.001,0.5911730545876887,ft2,1,False
10,7,10,2,295,49,probe_refit_fixedC,0.01,0.6331508213041315,ft2,1,
10,7,10,2,295,49,probe_refit_cvC,1.0,0.6297494607599137,ft2,1,False
10,7,10,2,295,49,cb_offset_cvC,0.001,0.606520657043305,ft2,1,False
10,7,10,2,295,49,opq_offset_cvC,0.001,0.5905093744814998,ft2,1,False
10,8,10,1,295,50,cb_zero,,0.6015510204081632,ft2,1,
10,8,10,1,295,50,opq_zero,,0.5875102040816327,ft2,1,
10,8,10,1,295,50,cb_refit_fixedC,0.3,0.5724081632653061,ft2,1,
10,8,10,1,295,50,cb_refit_cvC,0.3,0.5724081632653061,ft2,1,True
10,8,10,1,295,50,opq_refit_fixedC,0.01,0.518530612244898,ft2,1,
10,8,10,1,295,50,opq_refit_cvC,0.01,0.518530612244898,ft2,1,True
10,8,10,1,295,50,probe_refit_fixedC,0.01,0.5562448979591836,ft2,1,
10,8,10,1,295,50,probe_refit_cvC,0.01,0.5562448979591836,ft2,1,True
10,8,10,1,295,50,cb_offset_cvC,0.001,0.6015510204081633,ft2,1,True
10,8,10,1,295,50,opq_offset_cvC,0.001,0.593469387755102,ft2,1,True
10,9,10,3,295,48,cb_zero,,0.6138663967611336,ft2,1,
10,9,10,3,295,48,opq_zero,,0.5917678812415654,ft2,1,
10,9,10,3,295,48,cb_refit_fixedC,0.3,0.4944331983805668,ft2,1,
10,9,10,3,295,48,cb_refit_cvC,3.0,0.5429318488529015,ft2,1,False
10,9,10,3,295,48,opq_refit_fixedC,0.01,0.512609649122807,ft2,1,
10,9,10,3,295,48,opq_refit_cvC,0.03,0.5027412280701755,ft2,1,False
10,9,10,3,295,48,probe_refit_fixedC,0.01,0.6196018893387314,ft2,1,
10,9,10,3,295,48,probe_refit_cvC,0.1,0.6213731443994602,ft2,1,False
10,9,10,3,295,48,cb_offset_cvC,10.0,0.5964912280701754,ft2,1,False
10,9,10,3,295,48,opq_offset_cvC,0.03,0.5273279352226721,ft2,1,False
10,10,10,2,295,49,cb_zero,,0.6095072175211548,ft2,1,
10,10,10,2,295,49,opq_zero,,0.597146175543388,ft2,1,
10,10,10,2,295,49,cb_refit_fixedC,0.3,0.5000829600132735,ft2,1,
10,10,10,2,295,49,cb_refit_cvC,0.001,0.4862286377965821,ft2,1,False
10,10,10,2,295,49,opq_refit_fixedC,0.01,0.5276671644267463,ft2,1,
10,10,10,2,295,49,opq_refit_cvC,0.3,0.5382030861124938,ft2,1,False
10,10,10,2,295,49,probe_refit_fixedC,0.01,0.5241413638626182,ft2,1,
10,10,10,2,295,49,probe_refit_cvC,0.001,0.5241413638626182,ft2,1,False
10,10,10,2,295,49,cb_offset_cvC,10.0,0.5437199269951883,ft2,1,False
10,10,10,2,295,49,opq_offset_cvC,0.03,0.5343454454952713,ft2,1,False
10,11,10,2,295,49,cb_zero,,0.5997179359548698,ft2,1,
10,11,10,2,295,49,opq_zero,,0.5851999336319893,ft2,1,
10,11,10,2,295,49,cb_refit_fixedC,0.3,0.5920856147336983,ft2,1,
10,11,10,2,295,49,cb_refit_cvC,0.001,0.5915878546540567,ft2,1,False
10,11,10,2,295,49,opq_refit_fixedC,0.01,0.5210718433714949,ft2,1,
10,11,10,2,295,49,opq_refit_cvC,0.001,0.526090924174548,ft2,1,False
10,11,10,2,295,49,probe_refit_fixedC,0.01,0.5813008130081301,ft2,1,
10,11,10,2,295,49,probe_refit_cvC,0.01,0.5813008130081301,ft2,1,False
10,11,10,2,295,49,cb_offset_cvC,0.001,0.5997179359548698,ft2,1,False
10,11,10,2,295,49,opq_offset_cvC,0.003,0.5506056080968973,ft2,1,False
10,12,10,1,295,50,cb_zero,,0.6031836734693878,ft2,1,
10,12,10,1,295,50,opq_zero,,0.5994285714285714,ft2,1,
10,12,10,1,295,50,cb_refit_fixedC,0.3,0.6505306122448979,ft2,1,
10,12,10,1,295,50,cb_refit_cvC,0.3,0.6505306122448979,ft2,1,True
10,12,10,1,295,50,opq_refit_fixedC,0.01,0.537469387755102,ft2,1,
10,12,10,1,295,50,opq_refit_cvC,0.01,0.537469387755102,ft2,1,True
10,12,10,1,295,50,probe_refit_fixedC,0.01,0.6151020408163265,ft2,1,
10,12,10,1,295,50,probe_refit_cvC,0.01,0.6151020408163265,ft2,1,True
10,12,10,1,295,50,cb_offset_cvC,0.001,0.6031836734693878,ft2,1,True
10,12,10,1,295,50,opq_offset_cvC,0.001,0.6196734693877551,ft2,1,True
10,13,10,2,295,49,cb_zero,,0.6215364194458272,ft2,1,
10,13,10,2,295,49,opq_zero,,0.5970632155301145,ft2,1,
10,13,10,2,295,49,cb_refit_fixedC,0.3,0.42898622863779656,ft2,1,
10,13,10,2,295,49,cb_refit_cvC,0.001,0.4201924672307948,ft2,1,False
10,13,10,2,295,49,opq_refit_fixedC,0.01,0.6123278579724574,ft2,1,
10,13,10,2,295,49,opq_refit_cvC,0.001,0.6068524970963994,ft2,1,False
10,13,10,2,295,49,probe_refit_fixedC,0.01,0.4978430396548864,ft2,1,
10,13,10,2,295,49,probe_refit_cvC,0.001,0.48722415795586527,ft2,1,False
10,13,10,2,295,49,cb_offset_cvC,3.0,0.5806371329019413,ft2,1,False
10,13,10,2,295,49,opq_offset_cvC,0.003,0.4605110336817654,ft2,1,False
10,14,10,1,295,50,cb_zero,,0.615673469387755,ft2,1,
10,14,10,1,295,50,opq_zero,,0.5968163265306123,ft2,1,
10,14,10,1,295,50,cb_refit_fixedC,0.3,0.44971428571428573,ft2,1,
10,14,10,1,295,50,cb_refit_cvC,0.3,0.44971428571428573,ft2,1,True
10,14,10,1,295,50,opq_refit_fixedC,0.01,0.5520816326530612,ft2,1,
10,14,10,1,295,50,opq_refit_cvC,0.01,0.5520816326530612,ft2,1,True
10,14,10,1,295,50,probe_refit_fixedC,0.01,0.49428571428571433,ft2,1,
10,14,10,1,295,50,probe_refit_cvC,0.01,0.49428571428571433,ft2,1,True
10,14,10,1,295,50,cb_offset_cvC,0.001,0.6153469387755102,ft2,1,True
10,14,10,1,295,50,opq_offset_cvC,0.001,0.567265306122449,ft2,1,True
10,15,10,2,295,49,cb_zero,,0.6142359382777501,ft2,1,
10,15,10,2,295,49,opq_zero,,0.5909241745478679,ft2,1,
10,15,10,2,295,49,cb_refit_fixedC,0.3,0.4580222332835573,ft2,1,
10,15,10,2,295,49,cb_refit_cvC,0.001,0.45752447320391565,ft2,1,False
10,15,10,2,295,49,opq_refit_fixedC,0.01,0.546913887506222,ft2,1,
10,15,10,2,295,49,opq_refit_cvC,0.001,0.5438443670150986,ft2,1,False
10,15,10,2,295,49,probe_refit_fixedC,0.01,0.47776671644267465,ft2,1,
10,15,10,2,295,49,probe_refit_cvC,0.001,0.49858967977434876,ft2,1,False
10,15,10,2,295,49,cb_offset_cvC,0.001,0.6141529782644765,ft2,1,False
10,15,10,2,295,49,opq_offset_cvC,0.001,0.5444665671146508,ft2,1,False
10,16,10,2,295,49,cb_zero,,0.6196283391405343,ft2,1,
10,16,10,2,295,49,opq_zero,,0.5963165754106521,ft2,1,
10,16,10,2,295,49,cb_refit_fixedC,0.3,0.4236767877882861,ft2,1,
10,16,10,2,295,49,cb_refit_cvC,0.001,0.4273270283723245,ft2,1,False
10,16,10,2,295,49,opq_refit_fixedC,0.01,0.5539654886344783,ft2,1,
10,16,10,2,295,49,opq_refit_cvC,0.001,0.5484486477517837,ft2,1,False
10,16,10,2,295,49,probe_refit_fixedC,0.01,0.5079641612742658,ft2,1,
10,16,10,2,295,49,probe_refit_cvC,1.0,0.5115314418450307,ft2,1,False
10,16,10,2,295,49,cb_offset_cvC,10.0,0.4377799900447984,ft2,1,False
10,16,10,2,295,49,opq_offset_cvC,0.03,0.5392400862784138,ft2,1,False
10,17,10,2,295,49,cb_zero,,0.5965654554504728,ft2,1,
10,17,10,2,295,49,opq_zero,,0.5823792931806869,ft2,1,
10,17,10,2,295,49,cb_refit_fixedC,0.3,0.5616392898622864,ft2,1,
10,17,10,2,295,49,cb_refit_cvC,0.001,0.5577401692384271,ft2,1,False
10,17,10,2,295,49,opq_refit_fixedC,0.01,0.5166334826613572,ft2,1,
10,17,10,2,295,49,opq_refit_cvC,0.001,0.5231043636966981,ft2,1,False
10,17,10,2,295,49,probe_refit_fixedC,0.01,0.5172556827609093,ft2,1,
10,17,10,2,295,49,probe_refit_cvC,0.001,0.5268790443006471,ft2,1,False
10,17,10,2,295,49,cb_offset_cvC,10.0,0.5743321718931474,ft2,1,False
10,17,10,2,295,49,opq_offset_cvC,10.0,0.5141861622697859,ft2,1,False
10,18,10,3,295,48,cb_zero,,0.5952260458839406,ft2,1,
10,18,10,3,295,48,opq_zero,,0.5841767881241566,ft2,1,
10,18,10,3,295,48,cb_refit_fixedC,0.3,0.6109986504723347,ft2,1,
10,18,10,3,295,48,cb_refit_cvC,0.001,0.6118421052631579,ft2,1,False
10,18,10,3,295,48,opq_refit_fixedC,0.01,0.5373650472334682,ft2,1,
10,18,10,3,295,48,opq_refit_cvC,0.001,0.536268556005398,ft2,1,False
10,18,10,3,295,48,probe_refit_fixedC,0.01,0.569585020242915,ft2,1,
10,18,10,3,295,48,probe_refit_cvC,0.001,0.5871288798920378,ft2,1,False
10,18,10,3,295,48,cb_offset_cvC,0.001,0.5951417004048583,ft2,1,False
10,18,10,3,295,48,opq_offset_cvC,0.01,0.5656207827260459,ft2,1,False
10,19,10,1,295,50,cb_zero,,0.6097142857142857,ft2,1,
10,19,10,1,295,50,opq_zero,,0.5997551020408164,ft2,1,
10,19,10,1,295,50,cb_refit_fixedC,0.3,0.4932244897959184,ft2,1,
10,19,10,1,295,50,cb_refit_cvC,0.3,0.4932244897959184,ft2,1,True
10,19,10,1,295,50,opq_refit_fixedC,0.01,0.4928979591836735,ft2,1,
10,19,10,1,295,50,opq_refit_cvC,0.01,0.4928979591836735,ft2,1,True
10,19,10,1,295,50,probe_refit_fixedC,0.01,0.5553469387755102,ft2,1,
10,19,10,1,295,50,probe_refit_cvC,0.01,0.5553469387755102,ft2,1,True
10,19,10,1,295,50,cb_offset_cvC,0.001,0.6096326530612244,ft2,1,True
10,19,10,1,295,50,opq_offset_cvC,0.001,0.5606530612244898,ft2,1,True
10,20,10,3,295,48,cb_zero,,0.6048414304993253,ft2,1,
10,20,10,3,295,48,opq_zero,,0.5893218623481782,ft2,1,
10,20,10,3,295,48,cb_refit_fixedC,0.3,0.47014170040485825,ft2,1,
10,20,10,3,295,48,cb_refit_cvC,0.001,0.4787449392712551,ft2,1,False
10,20,10,3,295,48,opq_refit_fixedC,0.01,0.5550775978407557,ft2,1,
10,20,10,3,295,48,opq_refit_cvC,0.001,0.5503120782726046,ft2,1,False
10,20,10,3,295,48,probe_refit_fixedC,0.01,0.481359649122807,ft2,1,
10,20,10,3,295,48,probe_refit_cvC,0.001,0.5024460188933874,ft2,1,False
10,20,10,3,295,48,cb_offset_cvC,0.001,0.6046727395411605,ft2,1,False
10,20,10,3,295,48,opq_offset_cvC,0.001,0.580887314439946,ft2,1,False
10,21,10,3,295,48,cb_zero,,0.5983468286099866,ft2,1,
10,21,10,3,295,48,opq_zero,,0.5891531713900136,ft2,1,
10,21,10,3,295,48,cb_refit_fixedC,0.3,0.594804318488529,ft2,1,
10,21,10,3,295,48,cb_refit_cvC,0.1,0.5940452091767882,ft2,1,False
10,21,10,3,295,48,opq_refit_fixedC,0.01,0.5399797570850202,ft2,1,
10,21,10,3,295,48,opq_refit_cvC,0.001,0.5713562753036437,ft2,1,False
10,21,10,3,295,48,probe_refit_fixedC,0.01,0.6169871794871795,ft2,1,
10,21,10,3,295,48,probe_refit_cvC,0.1,0.6150472334682862,ft2,1,False
10,21,10,3,295,48,cb_offset_cvC,10.0,0.595310391363023,ft2,1,False
10,21,10,3,295,48,opq_offset_cvC,0.001,0.5954790823211876,ft2,1,False
10,22,10,1,295,50,cb_zero,,0.6094693877551021,ft2,1,
10,22,10,1,295,50,opq_zero,,0.6038367346938776,ft2,1,
10,22,10,1,295,50,cb_refit_fixedC,0.3,0.49526530612244907,ft2,1,
10,22,10,1,295,50,cb_refit_cvC,0.3,0.49526530612244907,ft2,1,True
10,22,10,1,295,50,opq_refit_fixedC,0.01,0.4499183673469388,ft2,1,
10,22,10,1,295,50,opq_refit_cvC,0.01,0.4499183673469388,ft2,1,True
10,22,10,1,295,50,probe_refit_fixedC,0.01,0.4700408163265306,ft2,1,
10,22,10,1,295,50,probe_refit_cvC,0.01,0.4700408163265306,ft2,1,True
10,22,10,1,295,50,cb_offset_cvC,0.001,0.6095510204081633,ft2,1,True
10,22,10,1,295,50,opq_offset_cvC,0.001,0.5528163265306122,ft2,1,True
10,23,10,3,295,48,cb_zero,,0.5978407557354927,ft2,1,
10,23,10,3,295,48,opq_zero,,0.5812246963562753,ft2,1,
10,23,10,3,295,48,cb_refit_fixedC,0.3,0.6732456140350876,ft2,1,
10,23,10,3,295,48,cb_refit_cvC,0.001,0.6715587044534413,ft2,1,False
10,23,10,3,295,48,opq_refit_fixedC,0.01,0.6039558029689609,ft2,1,
10,23,10,3,295,48,opq_refit_cvC,0.03,0.6034075573549258,ft2,1,False
10,23,10,3,295,48,probe_refit_fixedC,0.01,0.6392543859649124,ft2,1,
10,23,10,3,295,48,probe_refit_cvC,0.03,0.636049257759784,ft2,1,False
10,23,10,3,295,48,cb_offset_cvC,0.001,0.5975877192982456,ft2,1,False
10,23,10,3,295,48,opq_offset_cvC,1.0,0.592189608636977,ft2,1,False
10,24,10,3,295,48,cb_zero,,0.5845985155195681,ft2,1,
10,24,10,3,295,48,opq_zero,,0.5765856950067476,ft2,1,
10,24,10,3,295,48,cb_refit_fixedC,0.3,0.6051788124156545,ft2,1,
10,24,10,3,295,48,cb_refit_cvC,0.001,0.6056005398110661,ft2,1,False
10,24,10,3,295,48,opq_refit_fixedC,0.01,0.4760458839406208,ft2,1,
10,24,10,3,295,48,opq_refit_cvC,0.1,0.48220310391363025,ft2,1,False
10,24,10,3,295,48,probe_refit_fixedC,0.01,0.5352564102564104,ft2,1,
10,24,10,3,295,48,probe_refit_cvC,0.03,0.5316295546558705,ft2,1,False
10,24,10,3,295,48,cb_offset_cvC,0.001,0.5845985155195681,ft2,1,False
10,24,10,3,295,48,opq_offset_cvC,0.001,0.48464912280701755,ft2,1,False
10,25,11,2,294,49,cb_zero,,0.6057476051645149,ft2,1,
10,25,11,2,294,49,opq_zero,,0.6006663890045814,ft2,1,
10,25,11,2,294,49,cb_refit_fixedC,0.3,0.6445647646813828,ft2,1,
10,25,11,2,294,49,cb_refit_cvC,0.001,0.638317367763432,ft2,1,False
10,25,11,2,294,49,opq_refit_fixedC,0.01,0.5443981674302374,ft2,1,
10,25,11,2,294,49,opq_refit_cvC,0.1,0.5331945022907123,ft2,1,False
10,25,11,2,294,49,probe_refit_fixedC,0.01,0.570012494793836,ft2,1,
10,25,11,2,294,49,probe_refit_cvC,0.001,0.6003331945022907,ft2,1,False
10,25,11,2,294,49,cb_offset_cvC,0.001,0.6056643065389421,ft2,1,False
10,25,11,2,294,49,opq_offset_cvC,0.001,0.5864223240316535,ft2,1,False
10,26,10,2,295,49,cb_zero,,0.5955699352911896,ft2,1,
10,26,10,2,295,49,opq_zero,,0.5817156130744982,ft2,1,
10,26,10,2,295,49,cb_refit_fixedC,0.3,0.6426082628173221,ft2,1,
10,26,10,2,295,49,cb_refit_cvC,3.0,0.6241081798573088,ft2,1,False
10,26,10,2,295,49,opq_refit_fixedC,0.01,0.5355898456943753,ft2,1,
10,26,10,2,295,49,opq_refit_cvC,3.0,0.5047287207565953,ft2,1,False
10,26,10,2,295,49,probe_refit_fixedC,0.01,0.6606935457109673,ft2,1,
10,26,10,2,295,49,probe_refit_cvC,0.001,0.6621868259498921,ft2,1,False
10,26,10,2,295,49,cb_offset_cvC,0.001,0.5955699352911896,ft2,1,False
10,26,10,2,295,49,opq_offset_cvC,0.003,0.5379956860793098,ft2,1,False
10,27,10,1,295,50,cb_zero,,0.6050612244897959,ft2,1,
10,27,10,1,295,50,opq_zero,,0.588,ft2,1,
10,27,10,1,295,50,cb_refit_fixedC,0.3,0.5537142857142857,ft2,1,
10,27,10,1,295,50,cb_refit_cvC,0.3,0.5537142857142857,ft2,1,True
10,27,10,1,295,50,opq_refit_fixedC,0.01,0.5897959183673469,ft2,1,
10,27,10,1,295,50,opq_refit_cvC,0.01,0.5897959183673469,ft2,1,True
10,27,10,1,295,50,probe_refit_fixedC,0.01,0.6478367346938775,ft2,1,
10,27,10,1,295,50,probe_refit_cvC,0.01,0.6478367346938775,ft2,1,True
10,27,10,1,295,50,cb_offset_cvC,0.001,0.6049795918367348,ft2,1,True
10,27,10,1,295,50,opq_offset_cvC,0.001,0.5935510204081632,ft2,1,True
10,28,10,2,295,49,cb_zero,,0.5923344947735192,ft2,1,
10,28,10,2,295,49,opq_zero,,0.5762402521984403,ft2,1,
10,28,10,2,295,49,cb_refit_fixedC,0.3,0.6046955367512858,ft2,1,
10,28,10,2,295,49,cb_refit_cvC,0.001,0.6054421768707484,ft2,1,False
10,28,10,2,295,49,opq_refit_fixedC,0.01,0.5233117637298822,ft2,1,
10,28,10,2,295,49,opq_refit_cvC,0.001,0.5185000829600133,ft2,1,False
10,28,10,2,295,49,probe_refit_fixedC,0.01,0.5932470549195288,ft2,1,
10,28,10,2,295,49,probe_refit_cvC,0.001,0.5905923344947736,ft2,1,False
10,28,10,2,295,49,cb_offset_cvC,0.001,0.5923344947735192,ft2,1,False
10,28,10,2,295,49,opq_offset_cvC,0.001,0.5756595321055251,ft2,1,False
10,29,10,2,295,49,cb_zero,,0.6090924174547867,ft2,1,
10,29,10,2,295,49,opq_zero,,0.59465737514518,ft2,1,
10,29,10,2,295,49,cb_refit_fixedC,0.3,0.6523975443836071,ft2,1,
10,29,10,2,295,49,cb_refit_cvC,3.0,0.6389580222332836,ft2,1,False
10,29,10,2,295,49,opq_refit_fixedC,0.01,0.5763232122117139,ft2,1,
10,29,10,2,295,49,opq_refit_cvC,0.001,0.5683590509374481,ft2,1,False
10,29,10,2,295,49,probe_refit_fixedC,0.01,0.6030363364858139,ft2,1,
10,29,10,2,295,49,probe_refit_cvC,0.001,0.6071013771362203,ft2,1,False
10,29,10,2,295,49,cb_offset_cvC,0.001,0.6089264974282396,ft2,1,False
10,29,10,2,295,49,opq_offset_cvC,0.003,0.5508544881367181,ft2,1,False
25,0,25,5,280,46,cb_zero,,0.6175213675213675,ft2,1,
25,0,25,5,280,46,opq_zero,,0.5864920104050539,ft2,1,
25,0,25,5,280,46,cb_refit_fixedC,0.3,0.5662393162393162,ft2,1,
25,0,25,5,280,46,cb_refit_cvC,3.0,0.5530471943515421,ft2,1,False
25,0,25,5,280,46,opq_refit_fixedC,0.01,0.5062709030100334,ft2,1,
25,0,25,5,280,46,opq_refit_cvC,1.0,0.4675306577480491,ft2,1,False
25,0,25,5,280,46,probe_refit_fixedC,0.01,0.5229468599033816,ft2,1,
25,0,25,5,280,46,probe_refit_cvC,3.0,0.5411557041991825,ft2,1,False
25,0,25,5,280,46,cb_offset_cvC,0.001,0.6174284652545523,ft2,1,False
25,0,25,5,280,46,opq_offset_cvC,10.0,0.45754366406540314,ft2,1,False
25,1,25,4,280,47,cb_zero,,0.5952881015432381,ft2,1,
25,1,25,4,280,47,opq_zero,,0.6022281070221898,ft2,1,
25,1,25,4,280,47,cb_refit_fixedC,0.3,0.563236234133869,ft2,1,
25,1,25,4,280,47,cb_refit_cvC,0.1,0.556661492101178,ft2,1,False
25,1,25,4,280,47,opq_refit_fixedC,0.01,0.5486256962834444,ft2,1,
25,1,25,4,280,47,opq_refit_cvC,0.001,0.5351109487718017,ft2,1,False
25,1,25,4,280,47,probe_refit_fixedC,0.01,0.5947402063738472,ft2,1,
25,1,25,4,280,47,probe_refit_cvC,0.001,0.5855173043557667,ft2,1,False
25,1,25,4,280,47,cb_offset_cvC,0.001,0.595196785681673,ft2,1,False
25,1,25,4,280,47,opq_offset_cvC,0.003,0.567984658935257,ft2,1,False
25,2,25,7,280,44,cb_zero,,0.6067989214175655,ft2,1,
25,2,25,7,280,44,opq_zero,,0.5915832049306625,ft2,1,
25,2,25,7,280,44,cb_refit_fixedC,0.3,0.6108436055469953,ft2,1,
25,2,25,7,280,44,cb_refit_cvC,0.001,0.6315485362095531,ft2,1,False
25,2,25,7,280,44,opq_refit_fixedC,0.01,0.5092449922958397,ft2,1,
25,2,25,7,280,44,opq_refit_cvC,0.03,0.5139156394453004,ft2,1,False
25,2,25,7,280,44,probe_refit_fixedC,0.01,0.5295647149460708,ft2,1,
25,2,25,7,280,44,probe_refit_cvC,0.003,0.5420839753466872,ft2,1,False
25,2,25,7,280,44,cb_offset_cvC,0.001,0.6065100154083204,ft2,1,False
25,2,25,7,280,44,opq_offset_cvC,1.0,0.5220531587057011,ft2,1,False
25,3,25,2,280,49,cb_zero,,0.5898047530700592,ft2,1,
25,3,25,2,280,49,opq_zero,,0.5849456665783197,ft2,1,
25,3,25,2,280,49,cb_refit_fixedC,0.3,0.6241717466207262,ft2,1,
25,3,25,2,280,49,cb_refit_cvC,10.0,0.6439614806961746,ft2,1,False
25,3,25,2,280,49,opq_refit_fixedC,0.01,0.5676738227758635,ft2,1,
25,3,25,2,280,49,opq_refit_cvC,0.001,0.5684247725064051,ft2,1,False
25,3,25,2,280,49,probe_refit_fixedC,0.01,0.6397208233942927,ft2,1,
25,3,25,2,280,49,probe_refit_cvC,0.003,0.6396324763671702,ft2,1,False
25,3,25,2,280,49,cb_offset_cvC,0.1,0.5996112730806608,ft2,1,False
25,3,25,2,280,49,opq_offset_cvC,0.03,0.5784079865712518,ft2,1,False
25,4,25,4,280,47,cb_zero,,0.6170212765957447,ft2,1,
25,4,25,4,280,47,opq_zero,,0.5902657291571546,ft2,1,
25,4,25,4,280,47,cb_refit_fixedC,0.3,0.48625696283444436,ft2,1,
25,4,25,4,280,47,cb_refit_cvC,3.0,0.4289106017715277,ft2,1,False
25,4,25,4,280,47,opq_refit_fixedC,0.01,0.5520043831613551,ft2,1,
25,4,25,4,280,47,opq_refit_cvC,0.03,0.5524609624691809,ft2,1,False
25,4,25,4,280,47,probe_refit_fixedC,0.01,0.4997717103460871,ft2,1,
25,4,25,4,280,47,probe_refit_cvC,10.0,0.5548351748698749,ft2,1,False
25,4,25,4,280,47,cb_offset_cvC,0.001,0.6168386448726144,ft2,1,False
25,4,25,4,280,47,opq_offset_cvC,0.3,0.5709980823669071,ft2,1,False
25,5,26,4,279,47,cb_zero,,0.6051907556859868,ft2,1,
25,5,26,4,279,47,opq_zero,,0.6065663976522377,ft2,1,
25,5,26,4,279,47,cb_refit_fixedC,0.3,0.6083088774761555,ft2,1,
25,5,26,4,279,47,cb_refit_cvC,1.0,0.5984959647835656,ft2,1,False
25,5,26,4,279,47,opq_refit_fixedC,0.01,0.5473220836390316,ft2,1,
25,5,26,4,279,47,opq_refit_cvC,1.0,0.5495231107850331,ft2,1,False
25,5,26,4,279,47,probe_refit_fixedC,0.01,0.6074834922964051,ft2,1,
25,5,26,4,279,47,probe_refit_cvC,0.03,0.6015223771093177,ft2,1,False
25,5,26,4,279,47,cb_offset_cvC,0.1,0.611518708730741,ft2,1,False
25,5,26,4,279,47,opq_offset_cvC,10.0,0.5788701393983858,ft2,1,False
25,6,25,3,280,48,cb_zero,,0.6218570402298851,ft2,1,
25,6,25,3,280,48,opq_zero,,0.5980603448275862,ft2,1,
25,6,25,3,280,48,cb_refit_fixedC,0.3,0.6578663793103446,ft2,1,
25,6,25,3,280,48,cb_refit_cvC,10.0,0.5765086206896551,ft2,1,False
25,6,25,3,280,48,opq_refit_fixedC,0.01,0.4883710488505747,ft2,1,
25,6,25,3,280,48,opq_refit_cvC,0.1,0.4761584051724137,ft2,1,False
25,6,25,3,280,48,probe_refit_fixedC,0.01,0.5066451149425288,ft2,1,
25,6,25,3,280,48,probe_refit_cvC,10.0,0.47063577586206895,ft2,1,False
25,6,25,3,280,48,cb_offset_cvC,0.001,0.6217672413793103,ft2,1,False
25,6,25,3,280,48,opq_offset_cvC,10.0,0.4849137931034483,ft2,1,False
25,7,25,7,280,44,cb_zero,,0.6013097072419107,ft2,1,
25,7,25,7,280,44,opq_zero,,0.6056432973805855,ft2,1,
25,7,25,7,280,44,cb_refit_fixedC,0.3,0.6382896764252697,ft2,1,
25,7,25,7,280,44,cb_refit_cvC,0.3,0.6382896764252697,ft2,1,False
25,7,25,7,280,44,opq_refit_fixedC,0.01,0.5797862095531587,ft2,1,
25,7,25,7,280,44,opq_refit_cvC,0.001,0.5611517719568567,ft2,1,False
25,7,25,7,280,44,probe_refit_fixedC,0.01,0.6033320493066255,ft2,1,
25,7,25,7,280,44,probe_refit_cvC,0.3,0.5995762711864407,ft2,1,False
25,7,25,7,280,44,cb_offset_cvC,1.0,0.6186440677966102,ft2,1,False
25,7,25,7,280,44,opq_offset_cvC,0.001,0.5980354391371341,ft2,1,False
25,8,25,6,280,45,cb_zero,,0.5960283687943262,ft2,1,
25,8,25,6,280,45,opq_zero,,0.581371158392435,ft2,1,
25,8,25,6,280,45,cb_refit_fixedC,0.3,0.6764066193853429,ft2,1,
25,8,25,6,280,45,cb_refit_cvC,10.0,0.6329078014184397,ft2,1,False
25,8,25,6,280,45,opq_refit_fixedC,0.01,0.5836406619385344,ft2,1,
25,8,25,6,280,45,opq_refit_cvC,0.03,0.5735224586288417,ft2,1,False
25,8,25,6,280,45,probe_refit_fixedC,0.01,0.5819385342789598,ft2,1,
25,8,25,6,280,45,probe_refit_cvC,0.03,0.5799527186761229,ft2,1,False
25,8,25,6,280,45,cb_offset_cvC,1.0,0.6401891252955083,ft2,1,False
25,8,25,6,280,45,opq_offset_cvC,0.001,0.5840189125295508,ft2,1,False
25,9,25,4,280,47,cb_zero,,0.6033238973609717,ft2,1,
25,9,25,4,280,47,opq_zero,,0.6019541594374942,ft2,1,
25,9,25,4,280,47,cb_refit_fixedC,0.3,0.6181170669345265,ft2,1,
25,9,25,4,280,47,cb_refit_cvC,1.0,0.6210391745046115,ft2,1,False
25,9,25,4,280,47,opq_refit_fixedC,0.01,0.4700483974066295,ft2,1,
25,9,25,4,280,47,opq_refit_cvC,3.0,0.4892703862660944,ft2,1,False
25,9,25,4,280,47,probe_refit_fixedC,0.01,0.5837823029860287,ft2,1,
25,9,25,4,280,47,probe_refit_cvC,0.3,0.5886220436489819,ft2,1,False
25,9,25,4,280,47,cb_offset_cvC,0.1,0.6102639028399233,ft2,1,False
25,9,25,4,280,47,opq_offset_cvC,0.01,0.5533741210848324,ft2,1,False
25,10,25,2,280,49,cb_zero,,0.5921901228023677,ft2,1,
25,10,25,2,280,49,opq_zero,,0.5811467444120505,ft2,1,
25,10,25,2,280,49,cb_refit_fixedC,0.3,0.5914833465853874,ft2,1,
25,10,25,2,280,49,cb_refit_cvC,0.3,0.5914833465853874,ft2,1,False
25,10,25,2,280,49,opq_refit_fixedC,0.01,0.5665253114232707,ft2,1,
25,10,25,2,280,49,opq_refit_cvC,10.0,0.5260181994875873,ft2,1,False
25,10,25,2,280,49,probe_refit_fixedC,0.01,0.5198339075890097,ft2,1,
25,10,25,2,280,49,probe_refit_cvC,0.001,0.5148864740701474,ft2,1,False
25,10,25,2,280,49,cb_offset_cvC,0.001,0.5920134287481227,ft2,1,False
25,10,25,2,280,49,opq_offset_cvC,0.001,0.5887445887445887,ft2,1,False
25,11,25,7,280,44,cb_zero,,0.6046802773497689,ft2,1,
25,11,25,7,280,44,opq_zero,,0.5761748844375962,ft2,1,
25,11,25,7,280,44,cb_refit_fixedC,0.3,0.6233628659476116,ft2,1,
25,11,25,7,280,44,cb_refit_cvC,10.0,0.6064137134052389,ft2,1,False
25,11,25,7,280,44,opq_refit_fixedC,0.01,0.5099191063174114,ft2,1,
25,11,25,7,280,44,opq_refit_cvC,3.0,0.5399653312788906,ft2,1,False
25,11,25,7,280,44,probe_refit_fixedC,0.01,0.6243258859784283,ft2,1,
25,11,25,7,280,44,probe_refit_cvC,0.001,0.6271186440677966,ft2,1,False
25,11,25,7,280,44,cb_offset_cvC,0.001,0.6044876733436055,ft2,1,False
25,11,25,7,280,44,opq_offset_cvC,0.001,0.5875385208012327,ft2,1,False
25,12,25,5,280,46,cb_zero,,0.6148272017837234,ft2,1,
25,12,25,5,280,46,opq_zero,,0.592809364548495,ft2,1,
25,12,25,5,280,46,cb_refit_fixedC,0.3,0.3458751393534002,ft2,1,
25,12,25,5,280,46,cb_refit_cvC,10.0,0.3999442586399108,ft2,1,False
25,12,25,5,280,46,opq_refit_fixedC,0.01,0.5125882571534746,ft2,1,
25,12,25,5,280,46,opq_refit_cvC,0.1,0.4580081753994798,ft2,1,False
25,12,25,5,280,46,probe_refit_fixedC,0.01,0.5426421404682273,ft2,1,
25,12,25,5,280,46,probe_refit_cvC,3.0,0.5371609067261242,ft2,1,False
25,12,25,5,280,46,cb_offset_cvC,0.001,0.6148272017837234,ft2,1,False
25,12,25,5,280,46,opq_offset_cvC,0.001,0.5792456335934597,ft2,1,False
25,13,25,2,280,49,cb_zero,,0.6068557293047089,ft2,1,
25,13,25,2,280,49,opq_zero,,0.5893630179344465,ft2,1,
25,13,25,2,280,49,cb_refit_fixedC,0.3,0.6061489530877285,ft2,1,
25,13,25,2,280,49,cb_refit_cvC,0.001,0.6342433077126954,ft2,1,False
25,13,25,2,280,49,opq_refit_fixedC,0.01,0.6048237476808906,ft2,1,
25,13,25,2,280,49,opq_refit_cvC,0.03,0.6015107341637953,ft2,1,False
25,13,25,2,280,49,probe_refit_fixedC,0.01,0.5825602968460112,ft2,1,
25,13,25,2,280,49,probe_refit_cvC,0.001,0.6097711811997526,ft2,1,False
25,13,25,2,280,49,cb_offset_cvC,0.001,0.6067673822775864,ft2,1,False
25,13,25,2,280,49,opq_offset_cvC,0.001,0.5890979768530789,ft2,1,False
25,14,25,6,280,45,cb_zero,,0.6305437352245862,ft2,1,
25,14,25,6,280,45,opq_zero,,0.6033096926713948,ft2,1,
25,14,25,6,280,45,cb_refit_fixedC,0.3,0.5403309692671395,ft2,1,
25,14,25,6,280,45,cb_refit_cvC,0.3,0.5403309692671395,ft2,1,False
25,14,25,6,280,45,opq_refit_fixedC,0.01,0.4962647754137116,ft2,1,
25,14,25,6,280,45,opq_refit_cvC,10.0,0.44756501182033104,ft2,1,False
25,14,25,6,280,45,probe_refit_fixedC,0.01,0.5171631205673759,ft2,1,
25,14,25,6,280,45,probe_refit_cvC,0.01,0.5171631205673759,ft2,1,False
25,14,25,6,280,45,cb_offset_cvC,10.0,0.5578250591016548,ft2,1,False
25,14,25,6,280,45,opq_offset_cvC,3.0,0.4755555555555555,ft2,1,False
25,15,25,4,280,47,cb_zero,,0.6078896904392292,ft2,1,
25,15,25,4,280,47,opq_zero,,0.6048762670075792,ft2,1,
25,15,25,4,280,47,cb_refit_fixedC,0.3,0.6334581316774723,ft2,1,
25,15,25,4,280,47,cb_refit_cvC,1.0,0.629714181353301,ft2,1,False
25,15,25,4,280,47,opq_refit_fixedC,0.01,0.5680303168660397,ft2,1,
25,15,25,4,280,47,opq_refit_cvC,0.001,0.5544242534928318,ft2,1,False
25,15,25,4,280,47,probe_refit_fixedC,0.01,0.5531914893617021,ft2,1,
25,15,25,4,280,47,probe_refit_cvC,0.001,0.5614099169025659,ft2,1,False
25,15,25,4,280,47,cb_offset_cvC,10.0,0.6142818007487901,ft2,1,False
25,15,25,4,280,47,opq_offset_cvC,3.0,0.5324627887864122,ft2,1,False
25,16,25,5,280,46,cb_zero,,0.6017279821627647,ft2,1,
25,16,25,5,280,46,opq_zero,,0.5717205499814195,ft2,1,
25,16,25,5,280,46,cb_refit_fixedC,0.3,0.6213303604607953,ft2,1,
25,16,25,5,280,46,cb_refit_cvC,10.0,0.627554812337421,ft2,1,False
25,16,25,5,280,46,opq_refit_fixedC,0.01,0.5221107395020439,ft2,1,
25,16,25,5,280,46,opq_refit_cvC,0.001,0.5265700483091788,ft2,1,False
25,16,25,5,280,46,probe_refit_fixedC,0.01,0.5551839464882943,ft2,1,
25,16,25,5,280,46,probe_refit_cvC,3.0,0.538647342995169,ft2,1,False
25,16,25,5,280,46,cb_offset_cvC,0.001,0.6015421776291341,ft2,1,False
25,16,25,5,280,46,opq_offset_cvC,0.01,0.5532329988851727,ft2,1,False
25,17,25,1,280,50,cb_zero,,0.5999130434782609,ft2,1,
25,17,25,1,280,50,opq_zero,,0.5872173913043479,ft2,1,
25,17,25,1,280,50,cb_refit_fixedC,0.3,0.4830434782608695,ft2,1,
25,17,25,1,280,50,cb_refit_cvC,0.3,0.4830434782608695,ft2,1,True
25,17,25,1,280,50,opq_refit_fixedC,0.01,0.5167826086956521,ft2,1,
25,17,25,1,280,50,opq_refit_cvC,0.01,0.5167826086956521,ft2,1,True
25,17,25,1,280,50,probe_refit_fixedC,0.01,0.5165217391304349,ft2,1,
25,17,25,1,280,50,probe_refit_cvC,0.01,0.5165217391304349,ft2,1,True
25,17,25,1,280,50,cb_offset_cvC,0.001,0.5996521739130435,ft2,1,True
25,17,25,1,280,50,opq_offset_cvC,0.001,0.6217391304347827,ft2,1,True
25,18,25,5,280,46,cb_zero,,0.6127833519137867,ft2,1,
25,18,25,5,280,46,opq_zero,,0.6097175771088814,ft2,1,
25,18,25,5,280,46,cb_refit_fixedC,0.3,0.544314381270903,ft2,1,
25,18,25,5,280,46,cb_refit_cvC,10.0,0.5667038275733928,ft2,1,False
25,18,25,5,280,46,opq_refit_fixedC,0.01,0.5770159791898922,ft2,1,
25,18,25,5,280,46,opq_refit_cvC,0.001,0.5966183574879226,ft2,1,False
25,18,25,5,280,46,probe_refit_fixedC,0.01,0.6238387216648087,ft2,1,
25,18,25,5,280,46,probe_refit_cvC,0.001,0.6240245261984392,ft2,1,False
25,18,25,5,280,46,cb_offset_cvC,3.0,0.572463768115942,ft2,1,False
25,18,25,5,280,46,opq_offset_cvC,0.03,0.5964325529542921,ft2,1,False
25,19,25,2,280,49,cb_zero,,0.5992578849721707,ft2,1,
25,19,25,2,280,49,opq_zero,,0.5882145065818536,ft2,1,
25,19,25,2,280,49,cb_refit_fixedC,0.3,0.6445799098860323,ft2,1,
25,19,25,2,280,49,cb_refit_cvC,10.0,0.6596872515239862,ft2,1,False
25,19,25,2,280,49,opq_refit_fixedC,0.01,0.5738581146744411,ft2,1,
25,19,25,2,280,49,opq_refit_cvC,0.001,0.5612244897959184,ft2,1,False
25,19,25,2,280,49,probe_refit_fixedC,0.01,0.6313278558176517,ft2,1,
25,19,25,2,280,49,probe_refit_cvC,0.001,0.6326530612244897,ft2,1,False
25,19,25,2,280,49,cb_offset_cvC,1.0,0.6280590158141178,ft2,1,False
25,19,25,2,280,49,opq_offset_cvC,0.1,0.6148953087728598,ft2,1,False
25,20,25,5,280,46,cb_zero,,0.6129691564474173,ft2,1,
25,20,25,5,280,46,opq_zero,,0.5922519509476031,ft2,1,
25,20,25,5,280,46,cb_refit_fixedC,0.3,0.6724266072092159,ft2,1,
25,20,25,5,280,46,cb_refit_cvC,3.0,0.6658305462653289,ft2,1,False
25,20,25,5,280,46,opq_refit_fixedC,0.01,0.5920196952805649,ft2,1,
25,20,25,5,280,46,opq_refit_cvC,3.0,0.46316425120772947,ft2,1,False
25,20,25,5,280,46,probe_refit_fixedC,0.01,0.6480862133036046,ft2,1,
25,20,25,5,280,46,probe_refit_cvC,0.003,0.6460423634336678,ft2,1,False
25,20,25,5,280,46,cb_offset_cvC,10.0,0.6538461538461539,ft2,1,False
25,20,25,5,280,46,opq_offset_cvC,0.001,0.6195652173913043,ft2,1,False
25,21,26,4,279,47,cb_zero,,0.6075752017608217,ft2,1,
25,21,26,4,279,47,opq_zero,,0.60986793837124,ft2,1,
25,21,26,4,279,47,cb_refit_fixedC,0.3,0.5390682318415261,ft2,1,
25,21,26,4,279,47,cb_refit_cvC,1.0,0.5311812179016875,ft2,1,False
25,21,26,4,279,47,opq_refit_fixedC,0.01,0.5514490095377843,ft2,1,
25,21,26,4,279,47,opq_refit_cvC,0.3,0.5014673514306677,ft2,1,False
25,21,26,4,279,47,probe_refit_fixedC,0.01,0.5921680117388115,ft2,1,
25,21,26,4,279,47,probe_refit_cvC,10.0,0.5769442406456347,ft2,1,False
25,21,26,4,279,47,cb_offset_cvC,1.0,0.5721753484959647,ft2,1,False
25,21,26,4,279,47,opq_offset_cvC,1.0,0.5189838591342626,ft2,1,False
25,22,25,3,280,48,cb_zero,,0.6038074712643678,ft2,1,
25,22,25,3,280,48,opq_zero,,0.586566091954023,ft2,1,
25,22,25,3,280,48,cb_refit_fixedC,0.3,0.4719827586206896,ft2,1,
25,22,25,3,280,48,cb_refit_cvC,10.0,0.4603987068965517,ft2,1,False
25,22,25,3,280,48,opq_refit_fixedC,0.01,0.5533405172413793,ft2,1,
25,22,25,3,280,48,opq_refit_cvC,0.001,0.5597162356321839,ft2,1,False
25,22,25,3,280,48,probe_refit_fixedC,0.01,0.5033225574712643,ft2,1,
25,22,25,3,280,48,probe_refit_cvC,0.01,0.5033225574712643,ft2,1,False
25,22,25,3,280,48,cb_offset_cvC,10.0,0.4603987068965517,ft2,1,False
25,22,25,3,280,48,opq_offset_cvC,0.001,0.5719288793103449,ft2,1,False
25,23,25,4,280,47,cb_zero,,0.6151949593644417,ft2,1,
25,23,25,4,280,47,opq_zero,,0.585791251940462,ft2,1,
25,23,25,4,280,47,cb_refit_fixedC,0.3,0.4056250570724135,ft2,1,
25,23,25,4,280,47,cb_refit_cvC,10.0,0.40425531914893614,ft2,1,False
25,23,25,4,280,47,opq_refit_fixedC,0.01,0.5398593735731896,ft2,1,
25,23,25,4,280,47,opq_refit_cvC,1.0,0.5415030590813624,ft2,1,False
25,23,25,4,280,47,probe_refit_fixedC,0.01,0.49968039448452195,ft2,1,
25,23,25,4,280,47,probe_refit_cvC,10.0,0.518674093690074,ft2,1,False
25,23,25,4,280,47,cb_offset_cvC,0.001,0.6150123276413113,ft2,1,False
25,23,25,4,280,47,opq_offset_cvC,0.03,0.5694457127202995,ft2,1,False
25,24,25,1,280,50,cb_zero,,0.5932173913043478,ft2,1,
25,24,25,1,280,50,opq_zero,,0.5778260869565217,ft2,1,
25,24,25,1,280,50,cb_refit_fixedC,0.3,0.6521739130434783,ft2,1,
25,24,25,1,280,50,cb_refit_cvC,0.3,0.6521739130434783,ft2,1,True
25,24,25,1,280,50,opq_refit_fixedC,0.01,0.5724782608695652,ft2,1,
25,24,25,1,280,50,opq_refit_cvC,0.01,0.5724782608695652,ft2,1,True
25,24,25,1,280,50,probe_refit_fixedC,0.01,0.5578260869565217,ft2,1,
25,24,25,1,280,50,probe_refit_cvC,0.01,0.5578260869565217,ft2,1,True
25,24,25,1,280,50,cb_offset_cvC,0.001,0.5929565217391305,ft2,1,True
25,24,25,1,280,50,opq_offset_cvC,0.001,0.565913043478261,ft2,1,True
25,25,25,2,280,49,cb_zero,,0.5825602968460111,ft2,1,
25,25,25,2,280,49,opq_zero,,0.583532114144359,ft2,1,
25,25,25,2,280,49,cb_refit_fixedC,0.3,0.6290308331124659,ft2,1,
25,25,25,2,280,49,cb_refit_cvC,3.0,0.6400742115027829,ft2,1,False
25,25,25,2,280,49,opq_refit_fixedC,0.01,0.6071207703860766,ft2,1,
25,25,25,2,280,49,opq_refit_cvC,0.001,0.6089318844420886,ft2,1,False
25,25,25,2,280,49,probe_refit_fixedC,0.01,0.6521777542185706,ft2,1,
25,25,25,2,280,49,probe_refit_cvC,0.03,0.6510292428659775,ft2,1,False
25,25,25,2,280,49,cb_offset_cvC,1.0,0.6193126601289867,ft2,1,False
25,25,25,2,280,49,opq_offset_cvC,0.1,0.6148069617457372,ft2,1,False
25,26,25,4,280,47,cb_zero,,0.6086202173317505,ft2,1,
25,26,25,4,280,47,opq_zero,,0.576842297507077,ft2,1,
25,26,25,4,280,47,cb_refit_fixedC,0.3,0.553739384531093,ft2,1,
25,26,25,4,280,47,cb_refit_cvC,10.0,0.47940827321705787,ft2,1,False
25,26,25,4,280,47,opq_refit_fixedC,0.01,0.5613186010410008,ft2,1,
25,26,25,4,280,47,opq_refit_cvC,10.0,0.5435120080357958,ft2,1,False
25,26,25,4,280,47,probe_refit_fixedC,0.01,0.49137065108209294,ft2,1,
25,26,25,4,280,47,probe_refit_cvC,0.001,0.4982193406994795,ft2,1,False
25,26,25,4,280,47,cb_offset_cvC,0.3,0.6076157428545338,ft2,1,False
25,26,25,4,280,47,opq_offset_cvC,0.3,0.5722765044288193,ft2,1,False
25,27,25,6,280,45,cb_zero,,0.5982978723404255,ft2,1,
25,27,25,6,280,45,opq_zero,,0.5971631205673759,ft2,1,
25,27,25,6,280,45,cb_refit_fixedC,0.3,0.6604255319148936,ft2,1,
25,27,25,6,280,45,cb_refit_cvC,1.0,0.6642080378250591,ft2,1,False
25,27,25,6,280,45,opq_refit_fixedC,0.01,0.45900709219858155,ft2,1,
25,27,25,6,280,45,opq_refit_cvC,0.001,0.4847754137115839,ft2,1,False
25,27,25,6,280,45,probe_refit_fixedC,0.01,0.6066193853427896,ft2,1,
25,27,25,6,280,45,probe_refit_cvC,0.001,0.6120094562647754,ft2,1,False
25,27,25,6,280,45,cb_offset_cvC,3.0,0.6461465721040188,ft2,1,False
25,27,25,6,280,45,opq_offset_cvC,0.003,0.5625531914893618,ft2,1,False
25,28,25,3,280,48,cb_zero,,0.6004849137931034,ft2,1,
25,28,25,3,280,48,opq_zero,,0.5902478448275862,ft2,1,
25,28,25,3,280,48,cb_refit_fixedC,0.3,0.6420617816091952,ft2,1,
25,28,25,3,280,48,cb_refit_cvC,3.0,0.649066091954023,ft2,1,False
25,28,25,3,280,48,opq_refit_fixedC,0.01,0.587823275862069,ft2,1,
25,28,25,3,280,48,opq_refit_cvC,10.0,0.5542385057471264,ft2,1,False
25,28,25,3,280,48,probe_refit_fixedC,0.01,0.5939295977011494,ft2,1,
25,28,25,3,280,48,probe_refit_cvC,0.001,0.608117816091954,ft2,1,False
25,28,25,3,280,48,cb_offset_cvC,0.001,0.6005747126436782,ft2,1,False
25,28,25,3,280,48,opq_offset_cvC,0.001,0.5995869252873564,ft2,1,False
25,29,25,4,280,47,cb_zero,,0.592822573280979,ft2,1,
25,29,25,4,280,47,opq_zero,,0.5832344078166378,ft2,1,
25,29,25,4,280,47,cb_refit_fixedC,0.3,0.535932791525888,ft2,1,
25,29,25,4,280,47,cb_refit_cvC,0.001,0.5326454205095424,ft2,1,False
25,29,25,4,280,47,opq_refit_fixedC,0.01,0.5073509268559948,ft2,1,
25,29,25,4,280,47,opq_refit_cvC,0.001,0.5073052689252123,ft2,1,False
25,29,25,4,280,47,probe_refit_fixedC,0.01,0.5004109213770431,ft2,1,
25,29,25,4,280,47,probe_refit_cvC,10.0,0.4590448360880285,ft2,1,False
25,29,25,4,280,47,cb_offset_cvC,0.001,0.592822573280979,ft2,1,False
25,29,25,4,280,47,opq_offset_cvC,1.0,0.5045201351474751,ft2,1,False
50,0,50,6,255,45,cb_zero,,0.5933333333333333,ft2,1,
50,0,50,6,255,45,opq_zero,,0.56994708994709,ft2,1,
50,0,50,6,255,45,cb_refit_fixedC,0.3,0.5435978835978836,ft2,1,
50,0,50,6,255,45,cb_refit_cvC,0.003,0.5321693121693122,ft2,1,False
50,0,50,6,255,45,opq_refit_fixedC,0.01,0.45597883597883593,ft2,1,
50,0,50,6,255,45,opq_refit_cvC,0.1,0.45063492063492067,ft2,1,False
50,0,50,6,255,45,probe_refit_fixedC,0.01,0.49534391534391525,ft2,1,
50,0,50,6,255,45,probe_refit_cvC,3.0,0.49502645502645504,ft2,1,False
50,0,50,6,255,45,cb_offset_cvC,0.001,0.5933333333333333,ft2,1,False
50,0,50,6,255,45,opq_offset_cvC,0.1,0.46412698412698405,ft2,1,False
50,1,50,5,255,46,cb_zero,,0.5943415851882672,ft2,1,
50,1,50,5,255,46,opq_zero,,0.5873725816517579,ft2,1,
50,1,50,5,255,46,cb_refit_fixedC,0.3,0.6134803411691283,ft2,1,
50,1,50,5,255,46,cb_refit_cvC,10.0,0.6095277719991677,ft2,1,False
50,1,50,5,255,46,opq_refit_fixedC,0.01,0.5343769502808404,ft2,1,
50,1,50,5,255,46,opq_refit_cvC,10.0,0.47045974620345327,ft2,1,False
50,1,50,5,255,46,probe_refit_fixedC,0.01,0.5820678177657582,ft2,1,
50,1,50,5,255,46,probe_refit_cvC,10.0,0.5873725816517579,ft2,1,False
50,1,50,5,255,46,cb_offset_cvC,10.0,0.6011025587684626,ft2,1,False
50,1,50,5,255,46,opq_offset_cvC,0.001,0.606511337632619,ft2,1,False
50,2,50,11,255,40,cb_zero,,0.6404651162790698,ft2,1,
50,2,50,11,255,40,opq_zero,,0.641860465116279,ft2,1,
50,2,50,11,255,40,cb_refit_fixedC,0.3,0.7022093023255814,ft2,1,
50,2,50,11,255,40,cb_refit_cvC,0.003,0.6994186046511628,ft2,1,False
50,2,50,11,255,40,opq_refit_fixedC,0.01,0.5180232558139535,ft2,1,
50,2,50,11,255,40,opq_refit_cvC,0.001,0.4525581395348837,ft2,1,False
50,2,50,11,255,40,probe_refit_fixedC,0.01,0.5348837209302325,ft2,1,
50,2,50,11,255,40,probe_refit_cvC,0.03,0.5391860465116278,ft2,1,False
50,2,50,11,255,40,cb_offset_cvC,0.001,0.6404651162790698,ft2,1,False
50,2,50,11,255,40,opq_offset_cvC,0.003,0.6319767441860464,ft2,1,False
50,3,50,6,255,45,cb_zero,,0.6358730158730159,ft2,1,
50,3,50,6,255,45,opq_zero,,0.6014814814814815,ft2,1,
50,3,50,6,255,45,cb_refit_fixedC,0.3,0.4073015873015873,ft2,1,
50,3,50,6,255,45,cb_refit_cvC,10.0,0.4055026455026455,ft2,1,False
50,3,50,6,255,45,opq_refit_fixedC,0.01,0.5246560846560846,ft2,1,
50,3,50,6,255,45,opq_refit_cvC,10.0,0.494973544973545,ft2,1,False
50,3,50,6,255,45,probe_refit_fixedC,0.01,0.44888888888888884,ft2,1,
50,3,50,6,255,45,probe_refit_cvC,0.001,0.5062433862433863,ft2,1,False
50,3,50,6,255,45,cb_offset_cvC,10.0,0.42455026455026457,ft2,1,False
50,3,50,6,255,45,opq_offset_cvC,0.001,0.6045502645502645,ft2,1,False
50,4,50,7,255,44,cb_zero,,0.5981258078414476,ft2,1,
50,4,50,7,255,44,opq_zero,,0.5979103834554071,ft2,1,
50,4,50,7,255,44,cb_refit_fixedC,0.3,0.6088970271434727,ft2,1,
50,4,50,7,255,44,cb_refit_cvC,0.001,0.6271003877638949,ft2,1,False
50,4,50,7,255,44,opq_refit_fixedC,0.01,0.4700560103403706,ft2,1,
50,4,50,7,255,44,opq_refit_cvC,10.0,0.4177617406290392,ft2,1,False
50,4,50,7,255,44,probe_refit_fixedC,0.01,0.5702283498492029,ft2,1,
50,4,50,7,255,44,probe_refit_cvC,10.0,0.5603188280913399,ft2,1,False
50,4,50,7,255,44,cb_offset_cvC,0.1,0.6068504954760878,ft2,1,False
50,4,50,7,255,44,opq_offset_cvC,10.0,0.41566135286514433,ft2,1,False
50,5,50,8,255,43,cb_zero,,0.6240675734971479,ft2,1,
50,5,50,8,255,43,opq_zero,,0.5782141290039491,ft2,1,
50,5,50,8,255,43,cb_refit_fixedC,0.3,0.6349275998244843,ft2,1,
50,5,50,8,255,43,cb_refit_cvC,3.0,0.6424967090829311,ft2,1,False
50,5,50,8,255,43,opq_refit_fixedC,0.01,0.5575910487055726,ft2,1,
50,5,50,8,255,43,opq_refit_cvC,0.03,0.5571522597630539,ft2,1,False
50,5,50,8,255,43,probe_refit_fixedC,0.01,0.5396007020623081,ft2,1,
50,5,50,8,255,43,probe_refit_cvC,10.0,0.5189776217639315,ft2,1,False
50,5,50,8,255,43,cb_offset_cvC,0.001,0.6238481790258885,ft2,1,False
50,5,50,8,255,43,opq_offset_cvC,0.03,0.6462264150943396,ft2,1,False
50,6,51,8,254,43,cb_zero,,0.5920864102281495,ft2,1,
50,6,51,8,254,43,opq_zero,,0.5928579301223409,ft2,1,
50,6,51,8,254,43,cb_refit_fixedC,0.3,0.6464234542047833,ft2,1,
50,6,51,8,254,43,cb_refit_cvC,1.0,0.6438884602667255,ft2,1,False
50,6,51,8,254,43,opq_refit_fixedC,0.01,0.5499283588669679,ft2,1,
50,6,51,8,254,43,opq_refit_cvC,0.1,0.5597927917998458,ft2,1,False
50,6,51,8,254,43,probe_refit_fixedC,0.01,0.6020059517248981,ft2,1,
50,6,51,8,254,43,probe_refit_cvC,3.0,0.572026892979169,ft2,1,False
50,6,51,8,254,43,cb_offset_cvC,0.3,0.6122561446048715,ft2,1,False
50,6,51,8,254,43,opq_offset_cvC,0.03,0.5894411991623498,ft2,1,False
50,7,50,12,255,39,cb_zero,,0.5887939221272553,ft2,1,
50,7,50,12,255,39,opq_zero,,0.5903371320037987,ft2,1,
50,7,50,12,255,39,cb_refit_fixedC,0.3,0.6215574548907882,ft2,1,
50,7,50,12,255,39,cb_refit_cvC,3.0,0.6202516619183286,ft2,1,False
50,7,50,12,255,39,opq_refit_fixedC,0.01,0.5219017094017093,ft2,1,
50,7,50,12,255,39,opq_refit_cvC,0.001,0.5135327635327636,ft2,1,False
50,7,50,12,255,39,probe_refit_fixedC,0.01,0.6067188983855651,ft2,1,
50,7,50,12,255,39,probe_refit_cvC,0.001,0.590693257359924,ft2,1,False
50,7,50,12,255,39,cb_offset_cvC,3.0,0.6055318138651472,ft2,1,False
50,7,50,12,255,39,opq_offset_cvC,0.03,0.5557929724596392,ft2,1,False
50,8,50,7,255,44,cb_zero,,0.5758293838862559,ft2,1,
50,8,50,7,255,44,opq_zero,,0.5607496768634209,ft2,1,
50,8,50,7,255,44,cb_refit_fixedC,0.3,0.6328091339939681,ft2,1,
50,8,50,7,255,44,cb_refit_cvC,0.1,0.6265618267987936,ft2,1,False
50,8,50,7,255,44,opq_refit_fixedC,0.01,0.6219302024989228,ft2,1,
50,8,50,7,255,44,opq_refit_cvC,0.3,0.610728134424817,ft2,1,False
50,8,50,7,255,44,probe_refit_fixedC,0.01,0.5881085738905645,ft2,1,
50,8,50,7,255,44,probe_refit_cvC,0.001,0.6065273588970271,ft2,1,False
50,8,50,7,255,44,cb_offset_cvC,0.001,0.5753985351141749,ft2,1,False
50,8,50,7,255,44,opq_offset_cvC,0.3,0.6044808272296424,ft2,1,False
50,9,51,9,254,42,cb_zero,,0.6178122192273136,ft2,1,
50,9,51,9,254,42,opq_zero,,0.5873764600179694,ft2,1,
50,9,51,9,254,42,cb_refit_fixedC,0.3,0.5786163522012578,ft2,1,
50,9,51,9,254,42,cb_refit_cvC,3.0,0.5540206648697215,ft2,1,False
50,9,51,9,254,42,opq_refit_fixedC,0.01,0.5394766397124887,ft2,1,
50,9,51,9,254,42,opq_refit_cvC,1.0,0.4258760107816712,ft2,1,False
50,9,51,9,254,42,probe_refit_fixedC,0.01,0.5604222821203954,ft2,1,
50,9,51,9,254,42,probe_refit_cvC,10.0,0.5438005390835579,ft2,1,False
50,9,51,9,254,42,cb_offset_cvC,3.0,0.5759209344115004,ft2,1,False
50,9,51,9,254,42,opq_offset_cvC,0.003,0.6174752920035939,ft2,1,False
50,10,50,7,255,44,cb_zero,,0.5890779836277467,ft2,1,
50,10,50,7,255,44,opq_zero,,0.5910168031021111,ft2,1,
50,10,50,7,255,44,cb_refit_fixedC,0.3,0.5900473933649288,ft2,1,
50,10,50,7,255,44,cb_refit_cvC,0.1,0.6012494614390349,ft2,1,False
50,10,50,7,255,44,opq_refit_fixedC,0.01,0.5822382593709609,ft2,1,
50,10,50,7,255,44,opq_refit_cvC,0.001,0.5611266695389918,ft2,1,False
50,10,50,7,255,44,probe_refit_fixedC,0.01,0.5753985351141748,ft2,1,
50,10,50,7,255,44,probe_refit_cvC,1.0,0.5666738474795346,ft2,1,False
50,10,50,7,255,44,cb_offset_cvC,0.001,0.5887548470486859,ft2,1,False
50,10,50,7,255,44,opq_offset_cvC,0.001,0.5743214131839725,ft2,1,False
50,11,50,9,255,42,cb_zero,,0.6150234741784038,ft2,1,
50,11,50,9,255,42,opq_zero,,0.6001564945226918,ft2,1,
50,11,50,9,255,42,cb_refit_fixedC,0.3,0.5739995528727924,ft2,1,
50,11,50,9,255,42,cb_refit_cvC,10.0,0.5780236977420076,ft2,1,False
50,11,50,9,255,42,opq_refit_fixedC,0.01,0.5506371562709591,ft2,1,
50,11,50,9,255,42,opq_refit_cvC,0.1,0.5413592667113793,ft2,1,False
50,11,50,9,255,42,probe_refit_fixedC,0.01,0.5465012295998212,ft2,1,
50,11,50,9,255,42,probe_refit_cvC,1.0,0.5310753409344958,ft2,1,False
50,11,50,9,255,42,cb_offset_cvC,3.0,0.582942097026604,ft2,1,False
50,11,50,9,255,42,opq_offset_cvC,0.001,0.6127878381399509,ft2,1,False
50,12,50,9,255,42,cb_zero,,0.5720992622401073,ft2,1,
50,12,50,9,255,42,opq_zero,,0.5558909009613235,ft2,1,
50,12,50,9,255,42,cb_refit_fixedC,0.3,0.6250838363514419,ft2,1,
50,12,50,9,255,42,cb_refit_cvC,10.0,0.6167002012072434,ft2,1,False
50,12,50,9,255,42,opq_refit_fixedC,0.01,0.5738877710708696,ft2,1,
50,12,50,9,255,42,opq_refit_cvC,0.1,0.5617035546613011,ft2,1,False
50,12,50,9,255,42,probe_refit_fixedC,0.01,0.5879722781131231,ft2,1,
50,12,50,9,255,42,probe_refit_cvC,3.0,0.5846188240554437,ft2,1,False
50,12,50,9,255,42,cb_offset_cvC,0.1,0.5795886429689248,ft2,1,False
50,12,50,9,255,42,opq_offset_cvC,0.001,0.5470601386094344,ft2,1,False
50,13,50,10,255,41,cb_zero,,0.596991110098017,ft2,1,
50,13,50,10,255,41,opq_zero,,0.6273079553225439,ft2,1,
50,13,50,10,255,41,cb_refit_fixedC,0.3,0.5877592888078413,ft2,1,
50,13,50,10,255,41,cb_refit_cvC,0.003,0.6124914520173239,ft2,1,False
50,13,50,10,255,41,opq_refit_fixedC,0.01,0.6287326191018919,ft2,1,
50,13,50,10,255,41,opq_refit_cvC,0.003,0.6214383405516298,ft2,1,False
50,13,50,10,255,41,probe_refit_fixedC,0.01,0.5523136539776612,ft2,1,
50,13,50,10,255,41,probe_refit_cvC,0.3,0.5331661727832232,ft2,1,False
50,13,50,10,255,41,cb_offset_cvC,0.003,0.5972190563027127,ft2,1,False
50,13,50,10,255,41,opq_offset_cvC,0.003,0.6192158650558468,ft2,1,False
50,14,50,10,255,41,cb_zero,,0.6038294962388876,ft2,1,
50,14,50,10,255,41,opq_zero,,0.6164805105994986,ft2,1,
50,14,50,10,255,41,cb_refit_fixedC,0.3,0.6347162069751539,ft2,1,
50,14,50,10,255,41,cb_refit_cvC,10.0,0.6040574424435833,ft2,1,False
50,14,50,10,255,41,opq_refit_fixedC,0.01,0.5212559835878733,ft2,1,
50,14,50,10,255,41,opq_refit_cvC,0.001,0.5352176886254845,ft2,1,False
50,14,50,10,255,41,probe_refit_fixedC,0.01,0.5994985183496695,ft2,1,
50,14,50,10,255,41,probe_refit_cvC,0.3,0.5859357191702758,ft2,1,False
50,14,50,10,255,41,cb_offset_cvC,0.001,0.6036015500341919,ft2,1,False
50,14,50,10,255,41,opq_offset_cvC,0.001,0.6334625028493277,ft2,1,False
50,15,50,12,255,39,cb_zero,,0.6418566001899335,ft2,1,
50,15,50,12,255,39,opq_zero,,0.613366571699905,ft2,1,
50,15,50,12,255,39,cb_refit_fixedC,0.3,0.5707502374169041,ft2,1,
50,15,50,12,255,39,cb_refit_cvC,1.0,0.5963912630579297,ft2,1,False
50,15,50,12,255,39,opq_refit_fixedC,0.01,0.4986942070275404,ft2,1,
50,15,50,12,255,39,opq_refit_cvC,0.001,0.49228395061728397,ft2,1,False
50,15,50,12,255,39,probe_refit_fixedC,0.01,0.5180436847103514,ft2,1,
50,15,50,12,255,39,probe_refit_cvC,0.001,0.5414292497625831,ft2,1,False
50,15,50,12,255,39,cb_offset_cvC,3.0,0.5895061728395061,ft2,1,False
50,15,50,12,255,39,opq_offset_cvC,3.0,0.47970085470085466,ft2,1,False
50,16,50,5,255,46,cb_zero,,0.5941335552319534,ft2,1,
50,16,50,5,255,46,opq_zero,,0.5755148741418764,ft2,1,
50,16,50,5,255,46,cb_refit_fixedC,0.3,0.5536717287289371,ft2,1,
50,16,50,5,255,46,cb_refit_cvC,1.0,0.5443103806948201,ft2,1,False
50,16,50,5,255,46,opq_refit_fixedC,0.01,0.5031724568337841,ft2,1,
50,16,50,5,255,46,opq_refit_cvC,0.001,0.5163303515706261,ft2,1,False
50,16,50,5,255,46,probe_refit_fixedC,0.01,0.5180986061992927,ft2,1,
50,16,50,5,255,46,probe_refit_cvC,10.0,0.5160183066361557,ft2,1,False
50,16,50,5,255,46,cb_offset_cvC,3.0,0.5510713542750155,ft2,1,False
50,16,50,5,255,46,opq_offset_cvC,0.001,0.545142500520075,ft2,1,False
50,17,50,8,255,43,cb_zero,,0.6218736287845545,ft2,1,
50,17,50,8,255,43,opq_zero,,0.6163887670030714,ft2,1,
50,17,50,8,255,43,cb_refit_fixedC,0.3,0.6092584466871435,ft2,1,
50,17,50,8,255,43,cb_refit_cvC,3.0,0.5122860903905222,ft2,1,False
50,17,50,8,255,43,opq_refit_fixedC,0.01,0.4747696358051777,ft2,1,
50,17,50,8,255,43,opq_refit_cvC,0.3,0.4267770952172005,ft2,1,False
50,17,50,8,255,43,probe_refit_fixedC,0.01,0.5606625713032031,ft2,1,
50,17,50,8,255,43,probe_refit_cvC,0.1,0.550680122860904,ft2,1,False
50,17,50,8,255,43,cb_offset_cvC,0.001,0.6218736287845545,ft2,1,False
50,17,50,8,255,43,opq_offset_cvC,1.0,0.43440105309346205,ft2,1,False
50,18,50,6,255,45,cb_zero,,0.6275132275132275,ft2,1,
50,18,50,6,255,45,opq_zero,,0.5920634920634921,ft2,1,
50,18,50,6,255,45,cb_refit_fixedC,0.3,0.5689947089947089,ft2,1,
50,18,50,6,255,45,cb_refit_cvC,3.0,0.5812698412698413,ft2,1,False
50,18,50,6,255,45,opq_refit_fixedC,0.01,0.5608994708994709,ft2,1,
50,18,50,6,255,45,opq_refit_cvC,0.01,0.5608994708994709,ft2,1,False
50,18,50,6,255,45,probe_refit_fixedC,0.01,0.467089947089947,ft2,1,
50,18,50,6,255,45,probe_refit_cvC,10.0,0.42423280423280424,ft2,1,False
50,18,50,6,255,45,cb_offset_cvC,0.1,0.6233862433862435,ft2,1,False
50,18,50,6,255,45,opq_offset_cvC,0.01,0.5886772486772487,ft2,1,False
50,19,50,9,255,42,cb_zero,,0.6386094343840822,ft2,1,
50,19,50,9,255,42,opq_zero,,0.6229599821149117,ft2,1,
50,19,50,9,255,42,cb_refit_fixedC,0.3,0.51520232506148,ft2,1,
50,19,50,9,255,42,cb_refit_cvC,3.0,0.5700871898054997,ft2,1,False
50,19,50,9,255,42,opq_refit_fixedC,0.01,0.5425329756315672,ft2,1,
50,19,50,9,255,42,opq_refit_cvC,3.0,0.4446121171473284,ft2,1,False
50,19,50,9,255,42,probe_refit_fixedC,0.01,0.5359937402190924,ft2,1,
50,19,50,9,255,42,probe_refit_cvC,0.01,0.5359937402190924,ft2,1,False
50,19,50,9,255,42,cb_offset_cvC,0.001,0.6384976525821596,ft2,1,False
50,19,50,9,255,42,opq_offset_cvC,1.0,0.47809076682316115,ft2,1,False
50,20,50,15,255,36,cb_zero,,0.6221461187214612,ft2,1,
50,20,50,15,255,36,opq_zero,,0.6249365804160325,ft2,1,
50,20,50,15,255,36,cb_refit_fixedC,0.3,0.6232876712328768,ft2,1,
50,20,50,15,255,36,cb_refit_cvC,3.0,0.6111111111111112,ft2,1,False
50,20,50,15,255,36,opq_refit_fixedC,0.01,0.5369101978691019,ft2,1,
50,20,50,15,255,36,opq_refit_cvC,3.0,0.5389396245560629,ft2,1,False
50,20,50,15,255,36,probe_refit_fixedC,0.01,0.5379249112125825,ft2,1,
50,20,50,15,255,36,probe_refit_cvC,0.03,0.5418569254185692,ft2,1,False
50,20,50,15,255,36,cb_offset_cvC,3.0,0.6130136986301369,ft2,1,False
50,20,50,15,255,36,opq_offset_cvC,0.03,0.541222729578894,ft2,1,False
50,21,50,8,255,43,cb_zero,,0.6160596752961824,ft2,1,
50,21,50,8,255,43,opq_zero,,0.6083808688021062,ft2,1,
50,21,50,8,255,43,cb_refit_fixedC,0.3,0.6374506362439666,ft2,1,
50,21,50,8,255,43,cb_refit_cvC,10.0,0.6105748135146994,ft2,1,False
50,21,50,8,255,43,opq_refit_fixedC,0.01,0.5553971039929794,ft2,1,
50,21,50,8,255,43,opq_refit_cvC,0.001,0.5592913558578323,ft2,1,False
50,21,50,8,255,43,probe_refit_fixedC,0.01,0.5770074594120229,ft2,1,
50,21,50,8,255,43,probe_refit_cvC,0.01,0.5770074594120229,ft2,1,False
50,21,50,8,255,43,cb_offset_cvC,0.03,0.620776656428258,ft2,1,False
50,21,50,8,255,43,opq_offset_cvC,0.01,0.5897323387450637,ft2,1,False
50,22,50,5,255,46,cb_zero,,0.600166423965051,ft2,1,
50,22,50,5,255,46,opq_zero,,0.5770750988142292,ft2,1,
50,22,50,5,255,46,cb_refit_fixedC,0.3,0.5761389640108175,ft2,1,
50,22,50,5,255,46,cb_refit_cvC,0.001,0.5744747243603079,ft2,1,False
50,22,50,5,255,46,opq_refit_fixedC,0.01,0.5775951737050135,ft2,1,
50,22,50,5,255,46,opq_refit_cvC,0.001,0.5787393384647388,ft2,1,False
50,22,50,5,255,46,probe_refit_fixedC,0.01,0.5670896609111712,ft2,1,
50,22,50,5,255,46,probe_refit_cvC,0.001,0.5856043270230914,ft2,1,False
50,22,50,5,255,46,cb_offset_cvC,0.001,0.6000624089868942,ft2,1,False
50,22,50,5,255,46,opq_offset_cvC,0.001,0.5744747243603079,ft2,1,False
50,23,51,11,254,40,cb_zero,,0.5744158878504673,ft2,1,
50,23,51,11,254,40,opq_zero,,0.5726635514018692,ft2,1,
50,23,51,11,254,40,cb_refit_fixedC,0.3,0.6087616822429907,ft2,1,
50,23,51,11,254,40,cb_refit_cvC,1.0,0.6126168224299067,ft2,1,False
50,23,51,11,254,40,opq_refit_fixedC,0.01,0.6517523364485982,ft2,1,
50,23,51,11,254,40,opq_refit_cvC,0.01,0.6517523364485982,ft2,1,False
50,23,51,11,254,40,probe_refit_fixedC,0.01,0.6217289719626169,ft2,1,
50,23,51,11,254,40,probe_refit_cvC,10.0,0.6195093457943925,ft2,1,False
50,23,51,11,254,40,cb_offset_cvC,0.001,0.5742990654205609,ft2,1,False
50,23,51,11,254,40,opq_offset_cvC,0.001,0.609696261682243,ft2,1,False
50,24,50,5,255,46,cb_zero,,0.5953817349698356,ft2,1,
50,24,50,5,255,46,opq_zero,,0.5830039525691699,ft2,1,
50,24,50,5,255,46,cb_refit_fixedC,0.3,0.5208029956313709,ft2,1,
50,24,50,5,255,46,cb_refit_cvC,0.001,0.5341169128354484,ft2,1,False
50,24,50,5,255,46,opq_refit_fixedC,0.01,0.6116080715623049,ft2,1,
50,24,50,5,255,46,opq_refit_cvC,0.01,0.6116080715623049,ft2,1,False
50,24,50,5,255,46,probe_refit_fixedC,0.01,0.4793010193467859,ft2,1,
50,24,50,5,255,46,probe_refit_cvC,0.001,0.48314957353858956,ft2,1,False
50,24,50,5,255,46,cb_offset_cvC,0.03,0.5914291657998751,ft2,1,False
50,24,50,5,255,46,opq_offset_cvC,1.0,0.5894528812148949,ft2,1,False
50,25,50,9,255,42,cb_zero,,0.6065280572322825,ft2,1,
50,25,50,9,255,42,opq_zero,,0.5685222445785827,ft2,1,
50,25,50,9,255,42,cb_refit_fixedC,0.3,0.5833892242342947,ft2,1,
50,25,50,9,255,42,cb_refit_cvC,0.3,0.5833892242342947,ft2,1,False
50,25,50,9,255,42,opq_refit_fixedC,0.01,0.48848647440196735,ft2,1,
50,25,50,9,255,42,opq_refit_cvC,0.03,0.4986586183769283,ft2,1,False
50,25,50,9,255,42,probe_refit_fixedC,0.01,0.5503018108651911,ft2,1,
50,25,50,9,255,42,probe_refit_cvC,0.001,0.5475072658171249,ft2,1,False
50,25,50,9,255,42,cb_offset_cvC,0.001,0.6063044936284373,ft2,1,False
50,25,50,9,255,42,opq_offset_cvC,0.01,0.5210149787614576,ft2,1,False
50,26,51,11,254,40,cb_zero,,0.595911214953271,ft2,1,
50,26,51,11,254,40,opq_zero,,0.5619158878504673,ft2,1,
50,26,51,11,254,40,cb_refit_fixedC,0.3,0.6039719626168225,ft2,1,
50,26,51,11,254,40,cb_refit_cvC,10.0,0.6107476635514019,ft2,1,False
50,26,51,11,254,40,opq_refit_fixedC,0.01,0.592231308411215,ft2,1,
50,26,51,11,254,40,opq_refit_cvC,0.003,0.5834696261682243,ft2,1,False
50,26,51,11,254,40,probe_refit_fixedC,0.01,0.6619158878504673,ft2,1,
50,26,51,11,254,40,probe_refit_cvC,0.001,0.6408878504672897,ft2,1,False
50,26,51,11,254,40,cb_offset_cvC,10.0,0.6105140186915887,ft2,1,False
50,26,51,11,254,40,opq_offset_cvC,0.01,0.591588785046729,ft2,1,False
50,27,51,8,254,43,cb_zero,,0.6169954810977626,ft2,1,
50,27,51,8,254,43,opq_zero,,0.5843712112862338,ft2,1,
50,27,51,8,254,43,cb_refit_fixedC,0.3,0.5311363385870164,ft2,1,
50,27,51,8,254,43,cb_refit_cvC,0.001,0.5673977736140197,ft2,1,False
50,27,51,8,254,43,opq_refit_fixedC,0.01,0.6015099746500607,ft2,1,
50,27,51,8,254,43,opq_refit_cvC,0.003,0.6133032073184174,ft2,1,False
50,27,51,8,254,43,probe_refit_fixedC,0.01,0.574231235534002,ft2,1,
50,27,51,8,254,43,probe_refit_cvC,0.003,0.5787501377714097,ft2,1,False
50,27,51,8,254,43,cb_offset_cvC,0.001,0.6169954810977625,ft2,1,False
50,27,51,8,254,43,opq_offset_cvC,0.001,0.5773173151107682,ft2,1,False
50,28,50,5,255,46,cb_zero,,0.5896609111712087,ft2,1,
50,28,50,5,255,46,opq_zero,,0.5799875182026212,ft2,1,
50,28,50,5,255,46,cb_refit_fixedC,0.3,0.6308508425213231,ft2,1,
50,28,50,5,255,46,cb_refit_cvC,0.001,0.6222175993343042,ft2,1,False
50,28,50,5,255,46,opq_refit_fixedC,0.01,0.5564801331391721,ft2,1,
50,28,50,5,255,46,opq_refit_cvC,0.01,0.5564801331391721,ft2,1,False
50,28,50,5,255,46,probe_refit_fixedC,0.01,0.582171832743915,ft2,1,
50,28,50,5,255,46,probe_refit_cvC,10.0,0.5899729561056792,ft2,1,False
50,28,50,5,255,46,cb_offset_cvC,0.01,0.5908050759309341,ft2,1,False
50,28,50,5,255,46,opq_offset_cvC,0.001,0.5775951737050136,ft2,1,False
50,29,51,11,254,40,cb_zero,,0.5963785046728972,ft2,1,
50,29,51,11,254,40,opq_zero,,0.6018691588785047,ft2,1,
50,29,51,11,254,40,cb_refit_fixedC,0.3,0.6149532710280374,ft2,1,
50,29,51,11,254,40,cb_refit_cvC,1.0,0.6135514018691589,ft2,1,False
50,29,51,11,254,40,opq_refit_fixedC,0.01,0.5966121495327104,ft2,1,
50,29,51,11,254,40,opq_refit_cvC,0.01,0.5966121495327104,ft2,1,False
50,29,51,11,254,40,probe_refit_fixedC,0.01,0.6051401869158879,ft2,1,
50,29,51,11,254,40,probe_refit_cvC,10.0,0.6067757009345794,ft2,1,False
50,29,51,11,254,40,cb_offset_cvC,1.0,0.6033878504672896,ft2,1,False
50,29,51,11,254,40,opq_offset_cvC,10.0,0.47091121495327104,ft2,1,False
100,0,100,18,205,33,cb_zero,,0.6002466525722341,ft2,1,
100,0,100,18,205,33,opq_zero,,0.5836856941508105,ft2,1,
100,0,100,18,205,33,cb_refit_fixedC,0.3,0.6686046511627907,ft2,1,
100,0,100,18,205,33,cb_refit_cvC,1.0,0.6603241719520789,ft2,1,False
100,0,100,18,205,33,opq_refit_fixedC,0.01,0.5496828752642706,ft2,1,
100,0,100,18,205,33,opq_refit_cvC,0.1,0.538231148696265,ft2,1,False
100,0,100,18,205,33,probe_refit_fixedC,0.01,0.6613812544045102,ft2,1,
100,0,100,18,205,33,probe_refit_cvC,0.001,0.6312544045102185,ft2,1,False
100,0,100,18,205,33,cb_offset_cvC,0.001,0.6002466525722341,ft2,1,False
100,0,100,18,205,33,opq_offset_cvC,0.1,0.5269556025369979,ft2,1,False
100,1,100,18,205,33,cb_zero,,0.6035940803382664,ft2,1,
100,1,100,18,205,33,opq_zero,,0.583861874559549,ft2,1,
100,1,100,18,205,33,cb_refit_fixedC,0.3,0.6749471458773785,ft2,1,
100,1,100,18,205,33,cb_refit_cvC,0.01,0.6444679351656096,ft2,1,False
100,1,100,18,205,33,opq_refit_fixedC,0.01,0.5917899929527837,ft2,1,
100,1,100,18,205,33,opq_refit_cvC,0.001,0.5989252995066948,ft2,1,False
100,1,100,18,205,33,probe_refit_fixedC,0.01,0.5958421423537702,ft2,1,
100,1,100,18,205,33,probe_refit_cvC,0.001,0.6247357293868921,ft2,1,False
100,1,100,18,205,33,cb_offset_cvC,0.1,0.6157505285412262,ft2,1,False
100,1,100,18,205,33,opq_offset_cvC,0.001,0.5584918957011981,ft2,1,False
100,2,100,18,205,33,cb_zero,,0.6675475687103594,ft2,1,
100,2,100,18,205,33,opq_zero,,0.6391825229034531,ft2,1,
100,2,100,18,205,33,cb_refit_fixedC,0.3,0.5711768851303736,ft2,1,
100,2,100,18,205,33,cb_refit_cvC,0.1,0.5699436222692037,ft2,1,False
100,2,100,18,205,33,opq_refit_fixedC,0.01,0.572938689217759,ft2,1,
100,2,100,18,205,33,opq_refit_cvC,0.001,0.5660676532769556,ft2,1,False
100,2,100,18,205,33,probe_refit_fixedC,0.01,0.4867864693446089,ft2,1,
100,2,100,18,205,33,probe_refit_cvC,0.3,0.5044045102184637,ft2,1,False
100,2,100,18,205,33,cb_offset_cvC,1.0,0.5577871740662438,ft2,1,False
100,2,100,18,205,33,opq_offset_cvC,0.001,0.6254404510218464,ft2,1,False
100,3,100,15,205,36,cb_zero,,0.5749506903353058,ft2,1,
100,3,100,15,205,36,opq_zero,,0.5583497698882314,ft2,1,
100,3,100,15,205,36,cb_refit_fixedC,0.3,0.6033859303090072,ft2,1,
100,3,100,15,205,36,cb_refit_cvC,10.0,0.6119329388560157,ft2,1,False
100,3,100,15,205,36,opq_refit_fixedC,0.01,0.5769230769230769,ft2,1,
100,3,100,15,205,36,opq_refit_cvC,0.001,0.5410913872452334,ft2,1,False
100,3,100,15,205,36,probe_refit_fixedC,0.01,0.626397107166338,ft2,1,
100,3,100,15,205,36,probe_refit_cvC,0.001,0.6224523339907955,ft2,1,False
100,3,100,15,205,36,cb_offset_cvC,10.0,0.6097961867192637,ft2,1,False
100,3,100,15,205,36,opq_offset_cvC,0.003,0.5613083497698883,ft2,1,False
100,4,100,20,205,31,cb_zero,,0.6119762699295513,ft2,1,
100,4,100,20,205,31,opq_zero,,0.6019651464590285,ft2,1,
100,4,100,20,205,31,cb_refit_fixedC,0.3,0.6792732665925102,ft2,1,
100,4,100,20,205,31,cb_refit_cvC,0.001,0.6737115313311086,ft2,1,False
100,4,100,20,205,31,opq_refit_fixedC,0.01,0.617908787541713,ft2,1,
100,4,100,20,205,31,opq_refit_cvC,0.001,0.6119762699295513,ft2,1,False
100,4,100,20,205,31,probe_refit_fixedC,0.01,0.5774935113088616,ft2,1,
100,4,100,20,205,31,probe_refit_cvC,3.0,0.5765665554319614,ft2,1,False
100,4,100,20,205,31,cb_offset_cvC,0.001,0.6116054875787912,ft2,1,False
100,4,100,20,205,31,opq_offset_cvC,0.001,0.6043752317389692,ft2,1,False
100,5,100,17,205,34,cb_zero,,0.6348469212246302,ft2,1,
100,5,100,17,205,34,opq_zero,,0.6136910904712762,ft2,1,
100,5,100,17,205,34,cb_refit_fixedC,0.3,0.5801513587891297,ft2,1,
100,5,100,17,205,34,cb_refit_cvC,0.003,0.5705194358445131,ft2,1,False
100,5,100,17,205,34,opq_refit_fixedC,0.01,0.5661334709322325,ft2,1,
100,5,100,17,205,34,opq_refit_cvC,0.03,0.5736154110767114,ft2,1,False
100,5,100,17,205,34,probe_refit_fixedC,0.01,0.5877192982456141,ft2,1,
100,5,100,17,205,34,probe_refit_cvC,10.0,0.5777433780529756,ft2,1,False
100,5,100,17,205,34,cb_offset_cvC,0.003,0.6346749226006192,ft2,1,False
100,5,100,17,205,34,opq_offset_cvC,0.01,0.566219470244238,ft2,1,False
100,6,100,18,205,33,cb_zero,,0.6074700493305144,ft2,1,
100,6,100,18,205,33,opq_zero,,0.5954897815362932,ft2,1,
100,6,100,18,205,33,cb_refit_fixedC,0.3,0.5981324876673714,ft2,1,
100,6,100,18,205,33,cb_refit_cvC,10.0,0.5688865398167724,ft2,1,False
100,6,100,18,205,33,opq_refit_fixedC,0.01,0.5523255813953489,ft2,1,
100,6,100,18,205,33,opq_refit_cvC,0.001,0.56553911205074,ft2,1,False
100,6,100,18,205,33,probe_refit_fixedC,0.01,0.5103946441155743,ft2,1,
100,6,100,18,205,33,probe_refit_cvC,0.003,0.5276603241719521,ft2,1,False
100,6,100,18,205,33,cb_offset_cvC,10.0,0.5683579985905567,ft2,1,False
100,6,100,18,205,33,opq_offset_cvC,0.003,0.6101127554615927,ft2,1,False
100,7,100,12,205,39,cb_zero,,0.5974667902378745,ft2,1,
100,7,100,12,205,39,opq_zero,,0.5838739573679332,ft2,1,
100,7,100,12,205,39,cb_refit_fixedC,0.3,0.5801668211306765,ft2,1,
100,7,100,12,205,39,cb_refit_cvC,0.001,0.5807846771702193,ft2,1,False
100,7,100,12,205,39,opq_refit_fixedC,0.01,0.6107506950880445,ft2,1,
100,7,100,12,205,39,opq_refit_cvC,10.0,0.5766913809082485,ft2,1,False
100,7,100,12,205,39,probe_refit_fixedC,0.01,0.43836886005560705,ft2,1,
100,7,100,12,205,39,probe_refit_cvC,0.001,0.446555452579549,ft2,1,False
100,7,100,12,205,39,cb_offset_cvC,0.003,0.5974667902378745,ft2,1,False
100,7,100,12,205,39,opq_offset_cvC,10.0,0.5877355576150757,ft2,1,False
100,8,100,18,205,33,cb_zero,,0.6226215644820297,ft2,1,
100,8,100,18,205,33,opq_zero,,0.614693446088795,ft2,1,
100,8,100,18,205,33,cb_refit_fixedC,0.3,0.72815362931642,ft2,1,
100,8,100,18,205,33,cb_refit_cvC,0.001,0.70630725863284,ft2,1,False
100,8,100,18,205,33,opq_refit_fixedC,0.01,0.5441331923890064,ft2,1,
100,8,100,18,205,33,opq_refit_cvC,0.1,0.54853770260747,ft2,1,False
100,8,100,18,205,33,probe_refit_fixedC,0.01,0.4624735729386892,ft2,1,
100,8,100,18,205,33,probe_refit_cvC,0.001,0.5102184637068357,ft2,1,False
100,8,100,18,205,33,cb_offset_cvC,0.001,0.6226215644820297,ft2,1,False
100,8,100,18,205,33,opq_offset_cvC,0.1,0.549506694855532,ft2,1,False
100,9,100,11,205,40,cb_zero,,0.5819696969696969,ft2,1,
100,9,100,11,205,40,opq_zero,,0.594848484848485,ft2,1,
100,9,100,11,205,40,cb_refit_fixedC,0.3,0.6268181818181818,ft2,1,
100,9,100,11,205,40,cb_refit_cvC,0.01,0.630909090909091,ft2,1,False
100,9,100,11,205,40,opq_refit_fixedC,0.01,0.5623484848484849,ft2,1,
100,9,100,11,205,40,opq_refit_cvC,0.001,0.5586363636363637,ft2,1,False
100,9,100,11,205,40,probe_refit_fixedC,0.01,0.5486363636363636,ft2,1,
100,9,100,11,205,40,probe_refit_cvC,10.0,0.5536363636363637,ft2,1,False
100,9,100,11,205,40,cb_offset_cvC,0.01,0.5828787878787879,ft2,1,False
100,9,100,11,205,40,opq_offset_cvC,0.01,0.557878787878788,ft2,1,False
100,10,100,10,205,41,cb_zero,,0.629535990481856,ft2,1,
100,10,100,10,205,41,opq_zero,,0.5916121356335515,ft2,1,
100,10,100,10,205,41,cb_refit_fixedC,0.3,0.6676085663295657,ft2,1,
100,10,100,10,205,41,cb_refit_cvC,10.0,0.6418798334324808,ft2,1,False
100,10,100,10,205,41,opq_refit_fixedC,0.01,0.49226650803093397,ft2,1,
100,10,100,10,205,41,opq_refit_cvC,10.0,0.3655562165377751,ft2,1,False
100,10,100,10,205,41,probe_refit_fixedC,0.01,0.5287031528851873,ft2,1,
100,10,100,10,205,41,probe_refit_cvC,10.0,0.4955383700178465,ft2,1,False
100,10,100,10,205,41,cb_offset_cvC,0.001,0.6292385484830458,ft2,1,False
100,10,100,10,205,41,opq_offset_cvC,0.001,0.5954788816180845,ft2,1,False
100,11,101,21,204,30,cb_zero,,0.5710727969348659,ft2,1,
100,11,101,21,204,30,opq_zero,,0.5653256704980842,ft2,1,
100,11,101,21,204,30,cb_refit_fixedC,0.3,0.6385057471264368,ft2,1,
100,11,101,21,204,30,cb_refit_cvC,0.03,0.6103448275862069,ft2,1,False
100,11,101,21,204,30,opq_refit_fixedC,0.01,0.5621647509578545,ft2,1,
100,11,101,21,204,30,opq_refit_cvC,10.0,0.5256704980842912,ft2,1,False
100,11,101,21,204,30,probe_refit_fixedC,0.01,0.4863984674329501,ft2,1,
100,11,101,21,204,30,probe_refit_cvC,1.0,0.48850574712643674,ft2,1,False
100,11,101,21,204,30,cb_offset_cvC,0.001,0.5710727969348659,ft2,1,False
100,11,101,21,204,30,opq_offset_cvC,0.001,0.5689655172413793,ft2,1,False
100,12,101,18,204,33,cb_zero,,0.5518341307814992,ft2,1,
100,12,101,18,204,33,opq_zero,,0.5419103313840157,ft2,1,
100,12,101,18,204,33,cb_refit_fixedC,0.3,0.6057061846535531,ft2,1,
100,12,101,18,204,33,cb_refit_cvC,0.001,0.5787701577175262,ft2,1,False
100,12,101,18,204,33,opq_refit_fixedC,0.01,0.5171894382420699,ft2,1,
100,12,101,18,204,33,opq_refit_cvC,0.003,0.520822257664363,ft2,1,False
100,12,101,18,204,33,probe_refit_fixedC,0.01,0.5495303916356548,ft2,1,
100,12,101,18,204,33,probe_refit_cvC,10.0,0.5397838029416978,ft2,1,False
100,12,101,18,204,33,cb_offset_cvC,0.001,0.5514797093744462,ft2,1,False
100,12,101,18,204,33,opq_offset_cvC,3.0,0.5015062909799752,ft2,1,False
100,13,101,19,204,32,cb_zero,,0.6473473837209303,ft2,1,
100,13,101,19,204,32,opq_zero,,0.6208212209302326,ft2,1,
100,13,101,19,204,32,cb_refit_fixedC,0.3,0.6446220930232558,ft2,1,
100,13,101,19,204,32,cb_refit_cvC,10.0,0.4747456395348837,ft2,1,False
100,13,101,19,204,32,opq_refit_fixedC,0.01,0.5256177325581396,ft2,1,
100,13,101,19,204,32,opq_refit_cvC,0.1,0.48800872093023256,ft2,1,False
100,13,101,19,204,32,probe_refit_fixedC,0.01,0.5058139534883721,ft2,1,
100,13,101,19,204,32,probe_refit_cvC,0.001,0.5176235465116279,ft2,1,False
100,13,101,19,204,32,cb_offset_cvC,0.001,0.6471656976744187,ft2,1,False
100,13,101,19,204,32,opq_offset_cvC,0.003,0.6159156976744186,ft2,1,False
100,14,100,17,205,34,cb_zero,,0.607327141382869,ft2,1,
100,14,100,17,205,34,opq_zero,,0.5755073959408326,ft2,1,
100,14,100,17,205,34,cb_refit_fixedC,0.3,0.6441348469212247,ft2,1,
100,14,100,17,205,34,cb_refit_cvC,0.003,0.631062951496388,ft2,1,False
100,14,100,17,205,34,opq_refit_fixedC,0.01,0.6026831785345718,ft2,1,
100,14,100,17,205,34,opq_refit_cvC,0.001,0.5810113519091847,ft2,1,False
100,14,100,17,205,34,probe_refit_fixedC,0.01,0.6040591675266598,ft2,1,
100,14,100,17,205,34,probe_refit_cvC,0.001,0.607671138630891,ft2,1,False
100,14,100,17,205,34,cb_offset_cvC,0.001,0.607327141382869,ft2,1,False
100,14,100,17,205,34,opq_offset_cvC,0.01,0.6138630890952872,ft2,1,False
100,15,100,18,205,33,cb_zero,,0.6501057082452432,ft2,1,
100,15,100,18,205,33,opq_zero,,0.611169837914024,ft2,1,
100,15,100,18,205,33,cb_refit_fixedC,0.3,0.653276955602537,ft2,1,
100,15,100,18,205,33,cb_refit_cvC,0.3,0.653276955602537,ft2,1,False
100,15,100,18,205,33,opq_refit_fixedC,0.01,0.553030303030303,ft2,1,
100,15,100,18,205,33,opq_refit_cvC,0.03,0.5618393234672304,ft2,1,False
100,15,100,18,205,33,probe_refit_fixedC,0.01,0.6287878787878787,ft2,1,
100,15,100,18,205,33,probe_refit_cvC,0.001,0.6397110641296688,ft2,1,False
100,15,100,18,205,33,cb_offset_cvC,3.0,0.6314305849189571,ft2,1,False
100,15,100,18,205,33,opq_offset_cvC,0.01,0.5773431994362227,ft2,1,False
100,16,100,12,205,39,cb_zero,,0.6218721037998147,ft2,1,
100,16,100,12,205,39,opq_zero,,0.6008649984553599,ft2,1,
100,16,100,12,205,39,cb_refit_fixedC,0.3,0.6116774791473587,ft2,1,
100,16,100,12,205,39,cb_refit_cvC,0.001,0.622181031819586,ft2,1,False
100,16,100,12,205,39,opq_refit_fixedC,0.01,0.6363917207290701,ft2,1,
100,16,100,12,205,39,opq_refit_cvC,0.001,0.6139944392956441,ft2,1,False
100,16,100,12,205,39,probe_refit_fixedC,0.01,0.5571516836577078,ft2,1,
100,16,100,12,205,39,probe_refit_cvC,3.0,0.5586963237565647,ft2,1,False
100,16,100,12,205,39,cb_offset_cvC,0.001,0.6214087117701576,ft2,1,False
100,16,100,12,205,39,opq_offset_cvC,0.001,0.6082792709298734,ft2,1,False
100,17,100,19,205,32,cb_zero,,0.5832731213872833,ft2,1,
100,17,100,19,205,32,opq_zero,,0.5816473988439306,ft2,1,
100,17,100,19,205,32,cb_refit_fixedC,0.3,0.6390895953757225,ft2,1,
100,17,100,19,205,32,cb_refit_cvC,10.0,0.6212066473988439,ft2,1,False
100,17,100,19,205,32,opq_refit_fixedC,0.01,0.5413656069364162,ft2,1,
100,17,100,19,205,32,opq_refit_cvC,0.001,0.5189667630057804,ft2,1,False
100,17,100,19,205,32,probe_refit_fixedC,0.01,0.508128612716763,ft2,1,
100,17,100,19,205,32,probe_refit_cvC,0.003,0.5305274566473988,ft2,1,False
100,17,100,19,205,32,cb_offset_cvC,10.0,0.6212066473988439,ft2,1,False
100,17,100,19,205,32,opq_offset_cvC,0.001,0.6026011560693642,ft2,1,False
100,18,100,17,205,34,cb_zero,,0.5816993464052288,ft2,1,
100,18,100,17,205,34,opq_zero,,0.5767113863089095,ft2,1,
100,18,100,17,205,34,cb_refit_fixedC,0.3,0.6011351909184727,ft2,1,
100,18,100,17,205,34,cb_refit_cvC,10.0,0.6013071895424837,ft2,1,False
100,18,100,17,205,34,opq_refit_fixedC,0.01,0.5560715514275886,ft2,1,
100,18,100,17,205,34,opq_refit_cvC,0.3,0.554437564499484,ft2,1,False
100,18,100,17,205,34,probe_refit_fixedC,0.01,0.5323357413140695,ft2,1,
100,18,100,17,205,34,probe_refit_cvC,0.03,0.5263157894736842,ft2,1,False
100,18,100,17,205,34,cb_offset_cvC,10.0,0.605263157894737,ft2,1,False
100,18,100,17,205,34,opq_offset_cvC,0.003,0.5899552803577572,ft2,1,False
100,19,100,15,205,36,cb_zero,,0.6234385272846811,ft2,1,
100,19,100,15,205,36,opq_zero,,0.5984549638395792,ft2,1,
100,19,100,15,205,36,cb_refit_fixedC,0.3,0.6517094017094017,ft2,1,
100,19,100,15,205,36,cb_refit_cvC,10.0,0.5563773833004602,ft2,1,False
100,19,100,15,205,36,opq_refit_fixedC,0.01,0.6181788297172912,ft2,1,
100,19,100,15,205,36,opq_refit_cvC,0.3,0.6156311637080867,ft2,1,False
100,19,100,15,205,36,probe_refit_fixedC,0.01,0.5989480604865219,ft2,1,
100,19,100,15,205,36,probe_refit_cvC,3.0,0.5930309007232084,ft2,1,False
100,19,100,15,205,36,cb_offset_cvC,0.001,0.6232741617357002,ft2,1,False
100,19,100,15,205,36,opq_offset_cvC,0.03,0.6084812623274162,ft2,1,False
100,20,100,21,205,30,cb_zero,,0.6407619047619048,ft2,1,
100,20,100,21,205,30,opq_zero,,0.5620952380952381,ft2,1,
100,20,100,21,205,30,cb_refit_fixedC,0.3,0.6681904761904762,ft2,1,
100,20,100,21,205,30,cb_refit_cvC,10.0,0.6015238095238096,ft2,1,False
100,20,100,21,205,30,opq_refit_fixedC,0.01,0.5314285714285715,ft2,1,
100,20,100,21,205,30,opq_refit_cvC,0.001,0.5565714285714286,ft2,1,False
100,20,100,21,205,30,probe_refit_fixedC,0.01,0.5739047619047619,ft2,1,
100,20,100,21,205,30,probe_refit_cvC,10.0,0.576952380952381,ft2,1,False
100,20,100,21,205,30,cb_offset_cvC,10.0,0.5992380952380952,ft2,1,False
100,20,100,21,205,30,opq_offset_cvC,0.001,0.5706666666666667,ft2,1,False
100,21,100,21,205,30,cb_zero,,0.6125714285714285,ft2,1,
100,21,100,21,205,30,opq_zero,,0.5702857142857143,ft2,1,
100,21,100,21,205,30,cb_refit_fixedC,0.3,0.6474285714285715,ft2,1,
100,21,100,21,205,30,cb_refit_cvC,3.0,0.659047619047619,ft2,1,False
100,21,100,21,205,30,opq_refit_fixedC,0.01,0.6308571428571428,ft2,1,
100,21,100,21,205,30,opq_refit_cvC,3.0,0.5196190476190476,ft2,1,False
100,21,100,21,205,30,probe_refit_fixedC,0.01,0.6123809523809525,ft2,1,
100,21,100,21,205,30,probe_refit_cvC,0.001,0.6316190476190475,ft2,1,False
100,21,100,21,205,30,cb_offset_cvC,10.0,0.6478095238095238,ft2,1,False
100,21,100,21,205,30,opq_offset_cvC,0.003,0.5704761904761905,ft2,1,False
100,22,100,13,205,38,cb_zero,,0.6090450677592184,ft2,1,
100,22,100,13,205,38,opq_zero,,0.6047904191616766,ft2,1,
100,22,100,13,205,38,cb_refit_fixedC,0.3,0.6695556255909234,ft2,1,
100,22,100,13,205,38,cb_refit_cvC,1.0,0.6749133312322723,ft2,1,False
100,22,100,13,205,38,opq_refit_fixedC,0.01,0.5439647021745982,ft2,1,
100,22,100,13,205,38,opq_refit_cvC,0.1,0.5004727387330602,ft2,1,False
100,22,100,13,205,38,probe_refit_fixedC,0.01,0.542388906397731,ft2,1,
100,22,100,13,205,38,probe_refit_cvC,10.0,0.5258430507406241,ft2,1,False
100,22,100,13,205,38,cb_offset_cvC,0.3,0.6150330917113143,ft2,1,False
100,22,100,13,205,38,opq_offset_cvC,0.001,0.5835171761739678,ft2,1,False
100,23,100,20,205,31,cb_zero,,0.6238413051538747,ft2,1,
100,23,100,20,205,31,opq_zero,,0.6349647756766778,ft2,1,
100,23,100,20,205,31,cb_refit_fixedC,0.3,0.6438635520949202,ft2,1,
100,23,100,20,205,31,cb_refit_cvC,0.001,0.6421950315164998,ft2,1,False
100,23,100,20,205,31,opq_refit_fixedC,0.01,0.553207267334075,ft2,1,
100,23,100,20,205,31,opq_refit_cvC,0.01,0.553207267334075,ft2,1,False
100,23,100,20,205,31,probe_refit_fixedC,0.01,0.5413422321097515,ft2,1,
100,23,100,20,205,31,probe_refit_cvC,0.001,0.5680385613644789,ft2,1,False
100,23,100,20,205,31,cb_offset_cvC,1.0,0.5684093437152391,ft2,1,False
100,23,100,20,205,31,opq_offset_cvC,0.03,0.6529477196885428,ft2,1,False
100,24,100,15,205,36,cb_zero,,0.6232741617357002,ft2,1,
100,24,100,15,205,36,opq_zero,,0.6030571992110454,ft2,1,
100,24,100,15,205,36,cb_refit_fixedC,0.3,0.5958251150558842,ft2,1,
100,24,100,15,205,36,cb_refit_cvC,0.01,0.6323142669296515,ft2,1,False
100,24,100,15,205,36,opq_refit_fixedC,0.01,0.5954963839579224,ft2,1,
100,24,100,15,205,36,opq_refit_cvC,0.001,0.591387245233399,ft2,1,False
100,24,100,15,205,36,probe_refit_fixedC,0.01,0.47715318869165024,ft2,1,
100,24,100,15,205,36,probe_refit_cvC,0.003,0.5001643655489809,ft2,1,False
100,24,100,15,205,36,cb_offset_cvC,0.001,0.6232741617357002,ft2,1,False
100,24,100,15,205,36,opq_offset_cvC,0.03,0.6342866535174227,ft2,1,False
100,25,101,16,204,35,cb_zero,,0.6158918005071852,ft2,1,
100,25,101,16,204,35,opq_zero,,0.6561284868977176,ft2,1,
100,25,101,16,204,35,cb_refit_fixedC,0.3,0.6583262890955199,ft2,1,
100,25,101,16,204,35,cb_refit_cvC,10.0,0.5830938292476754,ft2,1,False
100,25,101,16,204,35,opq_refit_fixedC,0.01,0.5595097210481826,ft2,1,
100,25,101,16,204,35,opq_refit_cvC,0.001,0.5507185122569737,ft2,1,False
100,25,101,16,204,35,probe_refit_fixedC,0.01,0.5306846999154691,ft2,1,
100,25,101,16,204,35,probe_refit_cvC,10.0,0.5303465765004227,ft2,1,False
100,25,101,16,204,35,cb_offset_cvC,0.001,0.6155536770921387,ft2,1,False
100,25,101,16,204,35,opq_offset_cvC,0.001,0.665934065934066,ft2,1,False
100,26,100,13,205,38,cb_zero,,0.59691144027734,ft2,1,
100,26,100,13,205,38,opq_zero,,0.5718562874251497,ft2,1,
100,26,100,13,205,38,cb_refit_fixedC,0.3,0.6323668452568547,ft2,1,
100,26,100,13,205,38,cb_refit_cvC,3.0,0.6011660888748819,ft2,1,False
100,26,100,13,205,38,opq_refit_fixedC,0.01,0.42010715411282695,ft2,1,
100,26,100,13,205,38,opq_refit_cvC,1.0,0.4231011660888749,ft2,1,False
100,26,100,13,205,38,probe_refit_fixedC,0.01,0.595178064922786,ft2,1,
100,26,100,13,205,38,probe_refit_cvC,3.0,0.5942325874566656,ft2,1,False
100,26,100,13,205,38,cb_offset_cvC,3.0,0.595178064922786,ft2,1,False
100,26,100,13,205,38,opq_offset_cvC,0.003,0.4979514654900724,ft2,1,False
100,27,101,24,204,27,cb_zero,,0.5963590709353421,ft2,1,
100,27,101,24,204,27,opq_zero,,0.6246076585059637,ft2,1,
100,27,101,24,204,27,cb_refit_fixedC,0.3,0.5808746599707051,ft2,1,
100,27,101,24,204,27,cb_refit_cvC,1.0,0.5775266792215945,ft2,1,False
100,27,101,24,204,27,opq_refit_fixedC,0.01,0.5411173885750157,ft2,1,
100,27,101,24,204,27,opq_refit_cvC,0.003,0.5406988909813768,ft2,1,False
100,27,101,24,204,27,probe_refit_fixedC,0.01,0.5511613308223476,ft2,1,
100,27,101,24,204,27,probe_refit_cvC,10.0,0.5344214270767943,ft2,1,False
100,27,101,24,204,27,cb_offset_cvC,3.0,0.5524168236032643,ft2,1,False
100,27,101,24,204,27,opq_offset_cvC,0.03,0.6034735300272023,ft2,1,False
100,28,101,21,204,30,cb_zero,,0.6049808429118773,ft2,1,
100,28,101,21,204,30,opq_zero,,0.575287356321839,ft2,1,
100,28,101,21,204,30,cb_refit_fixedC,0.3,0.6655172413793103,ft2,1,
100,28,101,21,204,30,cb_refit_cvC,0.003,0.6365900383141763,ft2,1,False
100,28,101,21,204,30,opq_refit_fixedC,0.01,0.5252873563218391,ft2,1,
100,28,101,21,204,30,opq_refit_cvC,3.0,0.48429118773946356,ft2,1,False
100,28,101,21,204,30,probe_refit_fixedC,0.01,0.5888888888888889,ft2,1,
100,28,101,21,204,30,probe_refit_cvC,0.001,0.6136015325670499,ft2,1,False
100,28,101,21,204,30,cb_offset_cvC,0.003,0.6053639846743295,ft2,1,False
100,28,101,21,204,30,opq_offset_cvC,0.001,0.6189655172413793,ft2,1,False
100,29,100,13,205,38,cb_zero,,0.6192877403088559,ft2,1,
100,29,100,13,205,38,opq_zero,,0.5800504254648597,ft2,1,
100,29,100,13,205,38,cb_refit_fixedC,0.3,0.696816892530728,ft2,1,
100,29,100,13,205,38,cb_refit_cvC,10.0,0.6465490072486606,ft2,1,False
100,29,100,13,205,38,opq_refit_fixedC,0.01,0.5850929719508351,ft2,1,
100,29,100,13,205,38,opq_refit_cvC,0.1,0.6036873621178696,ft2,1,False
100,29,100,13,205,38,probe_refit_fixedC,0.01,0.5420737472423574,ft2,1,
100,29,100,13,205,38,probe_refit_cvC,0.003,0.5441222817522848,ft2,1,False
100,29,100,13,205,38,cb_offset_cvC,10.0,0.6328395839899149,ft2,1,False
100,29,100,13,205,38,opq_offset_cvC,0.003,0.5984872360542074,ft2,1,False
10,0,10,1,295,50,cb_zero,,0.5940408163265306,ft2,2,
10,0,10,1,295,50,opq_zero,,0.6073469387755102,ft2,2,
10,0,10,1,295,50,cb_refit_fixedC,0.3,0.4555102040816326,ft2,2,
10,0,10,1,295,50,cb_refit_cvC,0.3,0.4555102040816326,ft2,2,True
10,0,10,1,295,50,opq_refit_fixedC,0.01,0.5216326530612244,ft2,2,
10,0,10,1,295,50,opq_refit_cvC,0.01,0.5216326530612244,ft2,2,True
10,0,10,1,295,50,probe_refit_fixedC,0.01,0.5528979591836733,ft2,2,
10,0,10,1,295,50,probe_refit_cvC,0.01,0.5528979591836733,ft2,2,True
10,0,10,1,295,50,cb_offset_cvC,0.001,0.5941224489795919,ft2,2,True
10,0,10,1,295,50,opq_offset_cvC,0.001,0.5577959183673469,ft2,2,True
10,1,10,1,295,50,cb_zero,,0.5977959183673469,ft2,2,
10,1,10,1,295,50,opq_zero,,0.6151020408163266,ft2,2,
10,1,10,1,295,50,cb_refit_fixedC,0.3,0.4358367346938776,ft2,2,
10,1,10,1,295,50,cb_refit_cvC,0.3,0.4358367346938776,ft2,2,True
10,1,10,1,295,50,opq_refit_fixedC,0.01,0.6179183673469388,ft2,2,
10,1,10,1,295,50,opq_refit_cvC,0.01,0.6179183673469388,ft2,2,True
10,1,10,1,295,50,probe_refit_fixedC,0.01,0.5595102040816327,ft2,2,
10,1,10,1,295,50,probe_refit_cvC,0.01,0.5595102040816327,ft2,2,True
10,1,10,1,295,50,cb_offset_cvC,0.001,0.5977959183673469,ft2,2,True
10,1,10,1,295,50,opq_offset_cvC,0.001,0.6132244897959184,ft2,2,True
10,2,10,2,295,49,cb_zero,,0.6027044964327194,ft2,2,
10,2,10,2,295,49,opq_zero,,0.6171395387423262,ft2,2,
10,2,10,2,295,49,cb_refit_fixedC,0.3,0.34262485481997673,ft2,2,
10,2,10,2,295,49,cb_refit_cvC,0.001,0.3451136552181848,ft2,2,False
10,2,10,2,295,49,opq_refit_fixedC,0.01,0.5847436535589846,ft2,2,
10,2,10,2,295,49,opq_refit_cvC,0.03,0.5789364526298324,ft2,2,False
10,2,10,2,295,49,probe_refit_fixedC,0.01,0.36261821801891486,ft2,2,
10,2,10,2,295,49,probe_refit_cvC,0.003,0.35199933631989383,ft2,2,False
10,2,10,2,295,49,cb_offset_cvC,0.001,0.6026215364194458,ft2,2,False
10,2,10,2,295,49,opq_offset_cvC,1.0,0.5725900116144018,ft2,2,False
10,3,10,3,295,48,cb_zero,,0.5896592442645074,ft2,2,
10,3,10,3,295,48,opq_zero,,0.6054318488529014,ft2,2,
10,3,10,3,295,48,cb_refit_fixedC,0.3,0.627614709851552,ft2,2,
10,3,10,3,295,48,cb_refit_cvC,0.001,0.6207827260458839,ft2,2,False
10,3,10,3,295,48,opq_refit_fixedC,0.01,0.5554993252361674,ft2,2,
10,3,10,3,295,48,opq_refit_cvC,0.1,0.5495529689608637,ft2,2,False
10,3,10,3,295,48,probe_refit_fixedC,0.01,0.589827935222672,ft2,2,
10,3,10,3,295,48,probe_refit_cvC,0.001,0.6103238866396762,ft2,2,False
10,3,10,3,295,48,cb_offset_cvC,0.001,0.5897435897435898,ft2,2,False
10,3,10,3,295,48,opq_offset_cvC,3.0,0.5499325236167341,ft2,2,False
10,4,10,3,295,48,cb_zero,,0.5947199730094467,ft2,2,
10,4,10,3,295,48,opq_zero,,0.616312415654521,ft2,2,
10,4,10,3,295,48,cb_refit_fixedC,0.3,0.6185053981106613,ft2,2,
10,4,10,3,295,48,cb_refit_cvC,0.003,0.6171558704453441,ft2,2,False
10,4,10,3,295,48,opq_refit_fixedC,0.01,0.5676872469635628,ft2,2,
10,4,10,3,295,48,opq_refit_cvC,10.0,0.5755735492577598,ft2,2,False
10,4,10,3,295,48,probe_refit_fixedC,0.01,0.6120107962213226,ft2,2,
10,4,10,3,295,48,probe_refit_cvC,0.001,0.6204453441295545,ft2,2,False
10,4,10,3,295,48,cb_offset_cvC,0.001,0.594804318488529,ft2,2,False
10,4,10,3,295,48,opq_offset_cvC,0.003,0.5860323886639677,ft2,2,False
10,5,10,2,295,49,cb_zero,,0.5851999336319894,ft2,2,
10,5,10,2,295,49,opq_zero,,0.6116641778662684,ft2,2,
10,5,10,2,295,49,cb_refit_fixedC,0.3,0.5686908909905425,ft2,2,
10,5,10,2,295,49,cb_refit_cvC,0.1,0.5655384104861456,ft2,2,False
10,5,10,2,295,49,opq_refit_fixedC,0.01,0.6280902604944417,ft2,2,
10,5,10,2,295,49,opq_refit_cvC,0.003,0.6325701012112162,ft2,2,False
10,5,10,2,295,49,probe_refit_fixedC,0.01,0.4433383109341298,ft2,2,
10,5,10,2,295,49,probe_refit_cvC,0.1,0.4465737514518003,ft2,2,False
10,5,10,2,295,49,cb_offset_cvC,1.0,0.580056412809026,ft2,2,False
10,5,10,2,295,49,opq_offset_cvC,0.001,0.6191305790608927,ft2,2,False
10,6,10,2,295,49,cb_zero,,0.5810519329683093,ft2,2,
10,6,10,2,295,49,opq_zero,,0.5996349759415962,ft2,2,
10,6,10,2,295,49,cb_refit_fixedC,0.3,0.5848680935788949,ft2,2,
10,6,10,2,295,49,cb_refit_cvC,0.001,0.5875228140036501,ft2,2,False
10,6,10,2,295,49,opq_refit_fixedC,0.01,0.5944914551186328,ft2,2,
10,6,10,2,295,49,opq_refit_cvC,0.01,0.5944914551186328,ft2,2,False
10,6,10,2,295,49,probe_refit_fixedC,0.01,0.574249211879874,ft2,2,
10,6,10,2,295,49,probe_refit_cvC,0.001,0.588186494109839,ft2,2,False
10,6,10,2,295,49,cb_offset_cvC,0.001,0.5809689729550357,ft2,2,False
10,6,10,2,295,49,opq_offset_cvC,0.001,0.5739173718267795,ft2,2,False
10,7,10,2,295,49,cb_zero,,0.593412974946076,ft2,2,
10,7,10,2,295,49,opq_zero,,0.6220341795254687,ft2,2,
10,7,10,2,295,49,cb_refit_fixedC,0.3,0.6445993031358884,ft2,2,
10,7,10,2,295,49,cb_refit_cvC,3.0,0.6088435374149659,ft2,2,False
10,7,10,2,295,49,opq_refit_fixedC,0.01,0.4819976771196283,ft2,2,
10,7,10,2,295,49,opq_refit_cvC,0.001,0.48498423759747805,ft2,2,False
10,7,10,2,295,49,probe_refit_fixedC,0.01,0.6487473037995686,ft2,2,
10,7,10,2,295,49,probe_refit_cvC,0.001,0.6516509042641446,ft2,2,False
10,7,10,2,295,49,cb_offset_cvC,1.0,0.603202256512361,ft2,2,False
10,7,10,2,295,49,opq_offset_cvC,0.001,0.5296167247386759,ft2,2,False
10,8,10,2,295,49,cb_zero,,0.6001327360212377,ft2,2,
10,8,10,2,295,49,opq_zero,,0.6084287373485979,ft2,2,
10,8,10,2,295,49,cb_refit_fixedC,0.3,0.43089430894308944,ft2,2,
10,8,10,2,295,49,cb_refit_cvC,0.1,0.4259167081466733,ft2,2,False
10,8,10,2,295,49,opq_refit_fixedC,0.01,0.5327692052430728,ft2,2,
10,8,10,2,295,49,opq_refit_cvC,0.001,0.5375808860129417,ft2,2,False
10,8,10,2,295,49,probe_refit_fixedC,0.01,0.5598141695702671,ft2,2,
10,8,10,2,295,49,probe_refit_cvC,0.001,0.5676124108179856,ft2,2,False
10,8,10,2,295,49,cb_offset_cvC,10.0,0.43545710967313755,ft2,2,False
10,8,10,2,295,49,opq_offset_cvC,0.001,0.5716774514683922,ft2,2,False
10,9,10,4,295,47,cb_zero,,0.5945435827041867,ft2,2,
10,9,10,4,295,47,opq_zero,,0.6157343857240907,ft2,2,
10,9,10,4,295,47,cb_refit_fixedC,0.3,0.46962937542896366,ft2,2,
10,9,10,4,295,47,cb_refit_cvC,0.001,0.4876458476321207,ft2,2,False
10,9,10,4,295,47,opq_refit_fixedC,0.01,0.3979066575154427,ft2,2,
10,9,10,4,295,47,opq_refit_cvC,0.001,0.3804907343857241,ft2,2,False
10,9,10,4,295,47,probe_refit_fixedC,0.01,0.4776938915579959,ft2,2,
10,9,10,4,295,47,probe_refit_cvC,0.001,0.4946808510638298,ft2,2,False
10,9,10,4,295,47,cb_offset_cvC,1.0,0.5376630061770762,ft2,2,False
10,9,10,4,295,47,opq_offset_cvC,0.03,0.5453843514070007,ft2,2,False
10,10,10,1,295,50,cb_zero,,0.5893061224489796,ft2,2,
10,10,10,1,295,50,opq_zero,,0.6075102040816327,ft2,2,
10,10,10,1,295,50,cb_refit_fixedC,0.3,0.5186938775510204,ft2,2,
10,10,10,1,295,50,cb_refit_cvC,0.3,0.5186938775510204,ft2,2,True
10,10,10,1,295,50,opq_refit_fixedC,0.01,0.5435102040816325,ft2,2,
10,10,10,1,295,50,opq_refit_cvC,0.01,0.5435102040816325,ft2,2,True
10,10,10,1,295,50,probe_refit_fixedC,0.01,0.6208163265306124,ft2,2,
10,10,10,1,295,50,probe_refit_cvC,0.01,0.6208163265306124,ft2,2,True
10,10,10,1,295,50,cb_offset_cvC,0.001,0.5893061224489796,ft2,2,True
10,10,10,1,295,50,opq_offset_cvC,0.001,0.5491428571428572,ft2,2,True
10,11,10,2,295,49,cb_zero,,0.6046955367512858,ft2,2,
10,11,10,2,295,49,opq_zero,,0.6246059399369503,ft2,2,
10,11,10,2,295,49,cb_refit_fixedC,0.3,0.46125767380122784,ft2,2,
10,11,10,2,295,49,cb_refit_cvC,10.0,0.414302306288369,ft2,2,False
10,11,10,2,295,49,opq_refit_fixedC,0.01,0.46125767380122784,ft2,2,
10,11,10,2,295,49,opq_refit_cvC,0.001,0.4446241911398705,ft2,2,False
10,11,10,2,295,49,probe_refit_fixedC,0.01,0.49402687904430065,ft2,2,
10,11,10,2,295,49,probe_refit_cvC,0.001,0.46996847519495605,ft2,2,False
10,11,10,2,295,49,cb_offset_cvC,10.0,0.42575078812012607,ft2,2,False
10,11,10,2,295,49,opq_offset_cvC,0.01,0.5361705657872905,ft2,2,False
10,12,10,1,295,50,cb_zero,,0.5865306122448979,ft2,2,
10,12,10,1,295,50,opq_zero,,0.6057959183673469,ft2,2,
10,12,10,1,295,50,cb_refit_fixedC,0.3,0.5818775510204082,ft2,2,
10,12,10,1,295,50,cb_refit_cvC,0.3,0.5818775510204082,ft2,2,True
10,12,10,1,295,50,opq_refit_fixedC,0.01,0.5729387755102041,ft2,2,
10,12,10,1,295,50,opq_refit_cvC,0.01,0.5729387755102041,ft2,2,True
10,12,10,1,295,50,probe_refit_fixedC,0.01,0.5698775510204082,ft2,2,
10,12,10,1,295,50,probe_refit_cvC,0.01,0.5698775510204082,ft2,2,True
10,12,10,1,295,50,cb_offset_cvC,0.001,0.5866122448979592,ft2,2,True
10,12,10,1,295,50,opq_offset_cvC,0.001,0.6039183673469388,ft2,2,True
10,13,10,2,295,49,cb_zero,,0.5912560146009623,ft2,2,
10,13,10,2,295,49,opq_zero,,0.6185498589679774,ft2,2,
10,13,10,2,295,49,cb_refit_fixedC,0.3,0.5221503235440518,ft2,2,
10,13,10,2,295,49,cb_refit_cvC,0.001,0.5516011282561806,ft2,2,False
10,13,10,2,295,49,opq_refit_fixedC,0.01,0.5282478845196615,ft2,2,
10,13,10,2,295,49,opq_refit_cvC,0.001,0.5189148830263813,ft2,2,False
10,13,10,2,295,49,probe_refit_fixedC,0.01,0.41894806703169074,ft2,2,
10,13,10,2,295,49,probe_refit_cvC,10.0,0.43454454952712795,ft2,2,False
10,13,10,2,295,49,cb_offset_cvC,0.001,0.5910900945744151,ft2,2,False
10,13,10,2,295,49,opq_offset_cvC,0.001,0.5483656877385101,ft2,2,False
10,14,10,2,295,49,cb_zero,,0.5850340136054422,ft2,2,
10,14,10,2,295,49,opq_zero,,0.6163099386095902,ft2,2,
10,14,10,2,295,49,cb_refit_fixedC,0.3,0.5650406504065041,ft2,2,
10,14,10,2,295,49,cb_refit_cvC,0.001,0.5598971295835407,ft2,2,False
10,14,10,2,295,49,opq_refit_fixedC,0.01,0.5743321718931476,ft2,2,
10,14,10,2,295,49,opq_refit_cvC,0.001,0.5782312925170068,ft2,2,False
10,14,10,2,295,49,probe_refit_fixedC,0.01,0.5409822465571594,ft2,2,
10,14,10,2,295,49,probe_refit_cvC,0.001,0.537332005973121,ft2,2,False
10,14,10,2,295,49,cb_offset_cvC,0.001,0.585034013605442,ft2,2,False
10,14,10,2,295,49,opq_offset_cvC,0.01,0.5825452132072342,ft2,2,False
10,15,10,1,295,50,cb_zero,,0.5941224489795919,ft2,2,
10,15,10,1,295,50,opq_zero,,0.6203265306122449,ft2,2,
10,15,10,1,295,50,cb_refit_fixedC,0.3,0.5768163265306123,ft2,2,
10,15,10,1,295,50,cb_refit_cvC,0.3,0.5768163265306123,ft2,2,True
10,15,10,1,295,50,opq_refit_fixedC,0.01,0.6133877551020409,ft2,2,
10,15,10,1,295,50,opq_refit_cvC,0.01,0.6133877551020409,ft2,2,True
10,15,10,1,295,50,probe_refit_fixedC,0.01,0.6524897959183674,ft2,2,
10,15,10,1,295,50,probe_refit_cvC,0.01,0.6524897959183674,ft2,2,True
10,15,10,1,295,50,cb_offset_cvC,0.001,0.594530612244898,ft2,2,True
10,15,10,1,295,50,opq_offset_cvC,0.001,0.621061224489796,ft2,2,True
10,16,10,1,295,50,cb_zero,,0.5831020408163266,ft2,2,
10,16,10,1,295,50,opq_zero,,0.6131428571428572,ft2,2,
10,16,10,1,295,50,cb_refit_fixedC,0.3,0.6058775510204082,ft2,2,
10,16,10,1,295,50,cb_refit_cvC,0.3,0.6058775510204082,ft2,2,True
10,16,10,1,295,50,opq_refit_fixedC,0.01,0.5763673469387754,ft2,2,
10,16,10,1,295,50,opq_refit_cvC,0.01,0.5763673469387754,ft2,2,True
10,16,10,1,295,50,probe_refit_fixedC,0.01,0.4044081632653061,ft2,2,
10,16,10,1,295,50,probe_refit_cvC,0.01,0.4044081632653061,ft2,2,True
10,16,10,1,295,50,cb_offset_cvC,0.001,0.5831836734693878,ft2,2,True
10,16,10,1,295,50,opq_offset_cvC,0.001,0.5938775510204082,ft2,2,True
10,17,10,1,295,50,cb_zero,,0.5782857142857143,ft2,2,
10,17,10,1,295,50,opq_zero,,0.6010612244897959,ft2,2,
10,17,10,1,295,50,cb_refit_fixedC,0.3,0.6066122448979592,ft2,2,
10,17,10,1,295,50,cb_refit_cvC,0.3,0.6066122448979592,ft2,2,True
10,17,10,1,295,50,opq_refit_fixedC,0.01,0.5561632653061224,ft2,2,
10,17,10,1,295,50,opq_refit_cvC,0.01,0.5561632653061224,ft2,2,True
10,17,10,1,295,50,probe_refit_fixedC,0.01,0.5937142857142857,ft2,2,
10,17,10,1,295,50,probe_refit_cvC,0.01,0.5937142857142857,ft2,2,True
10,17,10,1,295,50,cb_offset_cvC,0.001,0.5783673469387756,ft2,2,True
10,17,10,1,295,50,opq_offset_cvC,0.001,0.5806530612244899,ft2,2,True
10,18,10,1,295,50,cb_zero,,0.5918367346938775,ft2,2,
10,18,10,1,295,50,opq_zero,,0.6042448979591837,ft2,2,
10,18,10,1,295,50,cb_refit_fixedC,0.3,0.4971428571428571,ft2,2,
10,18,10,1,295,50,cb_refit_cvC,0.3,0.4971428571428571,ft2,2,True
10,18,10,1,295,50,opq_refit_fixedC,0.01,0.530734693877551,ft2,2,
10,18,10,1,295,50,opq_refit_cvC,0.01,0.530734693877551,ft2,2,True
10,18,10,1,295,50,probe_refit_fixedC,0.01,0.5591836734693877,ft2,2,
10,18,10,1,295,50,probe_refit_cvC,0.01,0.5591836734693877,ft2,2,True
10,18,10,1,295,50,cb_offset_cvC,0.001,0.5918367346938775,ft2,2,True
10,18,10,1,295,50,opq_offset_cvC,0.001,0.5984489795918367,ft2,2,True
10,19,10,1,295,50,cb_zero,,0.5875918367346938,ft2,2,
10,19,10,1,295,50,opq_zero,,0.6119183673469387,ft2,2,
10,19,10,1,295,50,cb_refit_fixedC,0.3,0.5817959183673469,ft2,2,
10,19,10,1,295,50,cb_refit_cvC,0.3,0.5817959183673469,ft2,2,True
10,19,10,1,295,50,opq_refit_fixedC,0.01,0.5715102040816327,ft2,2,
10,19,10,1,295,50,opq_refit_cvC,0.01,0.5715102040816327,ft2,2,True
10,19,10,1,295,50,probe_refit_fixedC,0.01,0.5637551020408164,ft2,2,
10,19,10,1,295,50,probe_refit_cvC,0.01,0.5637551020408164,ft2,2,True
10,19,10,1,295,50,cb_offset_cvC,0.001,0.5875918367346938,ft2,2,True
10,19,10,1,295,50,opq_offset_cvC,0.001,0.5879183673469388,ft2,2,True
10,20,10,1,295,50,cb_zero,,0.5957551020408163,ft2,2,
10,20,10,1,295,50,opq_zero,,0.6222857142857143,ft2,2,
10,20,10,1,295,50,cb_refit_fixedC,0.3,0.42865306122448976,ft2,2,
10,20,10,1,295,50,cb_refit_cvC,0.3,0.42865306122448976,ft2,2,True
10,20,10,1,295,50,opq_refit_fixedC,0.01,0.5733469387755101,ft2,2,
10,20,10,1,295,50,opq_refit_cvC,0.01,0.5733469387755101,ft2,2,True
10,20,10,1,295,50,probe_refit_fixedC,0.01,0.5368163265306123,ft2,2,
10,20,10,1,295,50,probe_refit_cvC,0.01,0.5368163265306123,ft2,2,True
10,20,10,1,295,50,cb_offset_cvC,0.001,0.5957551020408164,ft2,2,True
10,20,10,1,295,50,opq_offset_cvC,0.001,0.5685714285714285,ft2,2,True
10,21,10,3,295,48,cb_zero,,0.6002867746288799,ft2,2,
10,21,10,3,295,48,opq_zero,,0.6099865047233468,ft2,2,
10,21,10,3,295,48,cb_refit_fixedC,0.3,0.5516194331983806,ft2,2,
10,21,10,3,295,48,cb_refit_cvC,0.001,0.5527159244264508,ft2,2,False
10,21,10,3,295,48,opq_refit_fixedC,0.01,0.5965334008097166,ft2,2,
10,21,10,3,295,48,opq_refit_cvC,3.0,0.5915991902834008,ft2,2,False
10,21,10,3,295,48,probe_refit_fixedC,0.01,0.43699392712550605,ft2,2,
10,21,10,3,295,48,probe_refit_cvC,0.003,0.4297402159244264,ft2,2,False
10,21,10,3,295,48,cb_offset_cvC,0.001,0.6002867746288799,ft2,2,False
10,21,10,3,295,48,opq_offset_cvC,1.0,0.6039136302294197,ft2,2,False
10,22,10,1,295,50,cb_zero,,0.5884897959183674,ft2,2,
10,22,10,1,295,50,opq_zero,,0.602204081632653,ft2,2,
10,22,10,1,295,50,cb_refit_fixedC,0.3,0.5978775510204082,ft2,2,
10,22,10,1,295,50,cb_refit_cvC,0.3,0.5978775510204082,ft2,2,True
10,22,10,1,295,50,opq_refit_fixedC,0.01,0.5064489795918368,ft2,2,
10,22,10,1,295,50,opq_refit_cvC,0.01,0.5064489795918368,ft2,2,True
10,22,10,1,295,50,probe_refit_fixedC,0.01,0.5486530612244898,ft2,2,
10,22,10,1,295,50,probe_refit_cvC,0.01,0.5486530612244898,ft2,2,True
10,22,10,1,295,50,cb_offset_cvC,0.001,0.5886530612244899,ft2,2,True
10,22,10,1,295,50,opq_offset_cvC,0.001,0.4936326530612245,ft2,2,True
10,23,10,3,295,48,cb_zero,,0.5892375168690959,ft2,2,
10,23,10,3,295,48,opq_zero,,0.6089743589743589,ft2,2,
10,23,10,3,295,48,cb_refit_fixedC,0.3,0.628964237516869,ft2,2,
10,23,10,3,295,48,cb_refit_cvC,3.0,0.6166497975708503,ft2,2,False
10,23,10,3,295,48,opq_refit_fixedC,0.01,0.4693825910931174,ft2,2,
10,23,10,3,295,48,opq_refit_cvC,10.0,0.4550016869095817,ft2,2,False
10,23,10,3,295,48,probe_refit_fixedC,0.01,0.6229757085020243,ft2,2,
10,23,10,3,295,48,probe_refit_cvC,0.001,0.6203609986504723,ft2,2,False
10,23,10,3,295,48,cb_offset_cvC,3.0,0.6278677462887989,ft2,2,False
10,23,10,3,295,48,opq_offset_cvC,0.001,0.5024460188933874,ft2,2,False
10,24,10,1,295,50,cb_zero,,0.5906938775510204,ft2,2,
10,24,10,1,295,50,opq_zero,,0.6131428571428571,ft2,2,
10,24,10,1,295,50,cb_refit_fixedC,0.3,0.5256326530612245,ft2,2,
10,24,10,1,295,50,cb_refit_cvC,0.3,0.5256326530612245,ft2,2,True
10,24,10,1,295,50,opq_refit_fixedC,0.01,0.5493469387755103,ft2,2,
10,24,10,1,295,50,opq_refit_cvC,0.01,0.5493469387755103,ft2,2,True
10,24,10,1,295,50,probe_refit_fixedC,0.01,0.6071836734693877,ft2,2,
10,24,10,1,295,50,probe_refit_cvC,0.01,0.6071836734693877,ft2,2,True
10,24,10,1,295,50,cb_offset_cvC,0.001,0.5906122448979592,ft2,2,True
10,24,10,1,295,50,opq_offset_cvC,0.001,0.578204081632653,ft2,2,True
10,25,10,1,295,50,cb_zero,,0.595591836734694,ft2,2,
10,25,10,1,295,50,opq_zero,,0.6103673469387755,ft2,2,
10,25,10,1,295,50,cb_refit_fixedC,0.3,0.4673469387755102,ft2,2,
10,25,10,1,295,50,cb_refit_cvC,0.3,0.4673469387755102,ft2,2,True
10,25,10,1,295,50,opq_refit_fixedC,0.01,0.5344897959183674,ft2,2,
10,25,10,1,295,50,opq_refit_cvC,0.01,0.5344897959183674,ft2,2,True
10,25,10,1,295,50,probe_refit_fixedC,0.01,0.49624489795918375,ft2,2,
10,25,10,1,295,50,probe_refit_cvC,0.01,0.49624489795918375,ft2,2,True
10,25,10,1,295,50,cb_offset_cvC,0.001,0.5955102040816327,ft2,2,True
10,25,10,1,295,50,opq_offset_cvC,0.001,0.5737959183673469,ft2,2,True
10,26,10,1,295,50,cb_zero,,0.5846530612244898,ft2,2,
10,26,10,1,295,50,opq_zero,,0.6051428571428572,ft2,2,
10,26,10,1,295,50,cb_refit_fixedC,0.3,0.6020408163265306,ft2,2,
10,26,10,1,295,50,cb_refit_cvC,0.3,0.6020408163265306,ft2,2,True
10,26,10,1,295,50,opq_refit_fixedC,0.01,0.5773061224489796,ft2,2,
10,26,10,1,295,50,opq_refit_cvC,0.01,0.5773061224489796,ft2,2,True
10,26,10,1,295,50,probe_refit_fixedC,0.01,0.5855510204081633,ft2,2,
10,26,10,1,295,50,probe_refit_cvC,0.01,0.5855510204081633,ft2,2,True
10,26,10,1,295,50,cb_offset_cvC,0.001,0.5848979591836735,ft2,2,True
10,26,10,1,295,50,opq_offset_cvC,0.001,0.5907755102040817,ft2,2,True
10,27,10,1,295,50,cb_zero,,0.5897959183673469,ft2,2,
10,27,10,1,295,50,opq_zero,,0.6100408163265306,ft2,2,
10,27,10,1,295,50,cb_refit_fixedC,0.3,0.587673469387755,ft2,2,
10,27,10,1,295,50,cb_refit_cvC,0.3,0.587673469387755,ft2,2,True
10,27,10,1,295,50,opq_refit_fixedC,0.01,0.5211836734693878,ft2,2,
10,27,10,1,295,50,opq_refit_cvC,0.01,0.5211836734693878,ft2,2,True
10,27,10,1,295,50,probe_refit_fixedC,0.01,0.462530612244898,ft2,2,
10,27,10,1,295,50,probe_refit_cvC,0.01,0.462530612244898,ft2,2,True
10,27,10,1,295,50,cb_offset_cvC,0.001,0.5898775510204082,ft2,2,True
10,27,10,1,295,50,opq_offset_cvC,0.001,0.5343673469387755,ft2,2,True
10,28,10,3,295,48,cb_zero,,0.5786943319838056,ft2,2,
10,28,10,3,295,48,opq_zero,,0.5991059379217274,ft2,2,
10,28,10,3,295,48,cb_refit_fixedC,0.3,0.616312415654521,ft2,2,
10,28,10,3,295,48,cb_refit_cvC,0.001,0.6141194331983806,ft2,2,False
10,28,10,3,295,48,opq_refit_fixedC,0.01,0.6193488529014844,ft2,2,
10,28,10,3,295,48,opq_refit_cvC,0.001,0.6192645074224021,ft2,2,False
10,28,10,3,295,48,probe_refit_fixedC,0.01,0.5343286099865047,ft2,2,
10,28,10,3,295,48,probe_refit_cvC,0.001,0.5575236167341431,ft2,2,False
10,28,10,3,295,48,cb_offset_cvC,0.03,0.5793690958164642,ft2,2,False
10,28,10,3,295,48,opq_offset_cvC,0.01,0.6307354925775979,ft2,2,False
10,29,10,3,295,48,cb_zero,,0.5938765182186235,ft2,2,
10,29,10,3,295,48,opq_zero,,0.6039979757085019,ft2,2,
10,29,10,3,295,48,cb_refit_fixedC,0.3,0.44854925775978405,ft2,2,
10,29,10,3,295,48,cb_refit_cvC,0.001,0.43446356275303644,ft2,2,False
10,29,10,3,295,48,opq_refit_fixedC,0.01,0.6144568151147098,ft2,2,
10,29,10,3,295,48,opq_refit_cvC,0.001,0.6127699055330635,ft2,2,False
10,29,10,3,295,48,probe_refit_fixedC,0.01,0.5188090418353577,ft2,2,
10,29,10,3,295,48,probe_refit_cvC,0.003,0.513663967611336,ft2,2,False
10,29,10,3,295,48,cb_offset_cvC,3.0,0.4704790823211876,ft2,2,False
10,29,10,3,295,48,opq_offset_cvC,0.001,0.601889338731444,ft2,2,False
25,0,25,5,280,46,cb_zero,,0.5834262356001486,ft2,2,
25,0,25,5,280,46,opq_zero,,0.6064659977703456,ft2,2,
25,0,25,5,280,46,cb_refit_fixedC,0.3,0.5721850613154961,ft2,2,
25,0,25,5,280,46,cb_refit_cvC,10.0,0.5343738387216649,ft2,2,False
25,0,25,5,280,46,opq_refit_fixedC,0.01,0.5235971757710889,ft2,2,
25,0,25,5,280,46,opq_refit_cvC,10.0,0.5444072835377183,ft2,2,False
25,0,25,5,280,46,probe_refit_fixedC,0.01,0.5702341137123746,ft2,2,
25,0,25,5,280,46,probe_refit_cvC,10.0,0.5464511334076552,ft2,2,False
25,0,25,5,280,46,cb_offset_cvC,10.0,0.51347082868822,ft2,2,False
25,0,25,5,280,46,opq_offset_cvC,10.0,0.5458937198067633,ft2,2,False
25,1,25,3,280,48,cb_zero,,0.5824353448275862,ft2,2,
25,1,25,3,280,48,opq_zero,,0.6038074712643678,ft2,2,
25,1,25,3,280,48,cb_refit_fixedC,0.3,0.641612787356322,ft2,2,
25,1,25,3,280,48,cb_refit_cvC,10.0,0.5660021551724138,ft2,2,False
25,1,25,3,280,48,opq_refit_fixedC,0.01,0.6098239942528736,ft2,2,
25,1,25,3,280,48,opq_refit_cvC,0.001,0.6183548850574714,ft2,2,False
25,1,25,3,280,48,probe_refit_fixedC,0.01,0.6044360632183908,ft2,2,
25,1,25,3,280,48,probe_refit_cvC,0.001,0.6166487068965517,ft2,2,False
25,1,25,3,280,48,cb_offset_cvC,10.0,0.5681573275862069,ft2,2,False
25,1,25,3,280,48,opq_offset_cvC,0.001,0.5866558908045977,ft2,2,False
25,2,25,4,280,47,cb_zero,,0.573920189936992,ft2,2,
25,2,25,4,280,47,opq_zero,,0.5975709980823669,ft2,2,
25,2,25,4,280,47,cb_refit_fixedC,0.3,0.6086202173317505,ft2,2,
25,2,25,4,280,47,cb_refit_cvC,0.001,0.6041457401150581,ft2,2,False
25,2,25,4,280,47,opq_refit_fixedC,0.01,0.5712720299516025,ft2,2,
25,2,25,4,280,47,opq_refit_cvC,0.1,0.5912245457035887,ft2,2,False
25,2,25,4,280,47,probe_refit_fixedC,0.01,0.6056067939001004,ft2,2,
25,2,25,4,280,47,probe_refit_cvC,0.001,0.6068852159620126,ft2,2,False
25,2,25,4,280,47,cb_offset_cvC,0.001,0.5742854533832527,ft2,2,False
25,2,25,4,280,47,opq_offset_cvC,0.3,0.6079810063007944,ft2,2,False
25,3,26,4,279,47,cb_zero,,0.6072083639031548,ft2,2,
25,3,26,4,279,47,opq_zero,,0.6422413793103449,ft2,2,
25,3,26,4,279,47,cb_refit_fixedC,0.3,0.49147101980924435,ft2,2,
25,3,26,4,279,47,cb_refit_cvC,10.0,0.5105465884079238,ft2,2,False
25,3,26,4,279,47,opq_refit_fixedC,0.01,0.5236610418195158,ft2,2,
25,3,26,4,279,47,opq_refit_cvC,0.003,0.5265957446808511,ft2,2,False
25,3,26,4,279,47,probe_refit_fixedC,0.01,0.6097762289068231,ft2,2,
25,3,26,4,279,47,probe_refit_cvC,10.0,0.6052824651504034,ft2,2,False
25,3,26,4,279,47,cb_offset_cvC,10.0,0.5181584739545122,ft2,2,False
25,3,26,4,279,47,opq_offset_cvC,10.0,0.4781731474688188,ft2,2,False
25,4,25,2,280,49,cb_zero,,0.5836204611714816,ft2,2,
25,4,25,2,280,49,opq_zero,,0.6028801130841948,ft2,2,
25,4,25,2,280,49,cb_refit_fixedC,0.3,0.6034985422740524,ft2,2,
25,4,25,2,280,49,cb_refit_cvC,0.001,0.6023500309214596,ft2,2,False
25,4,25,2,280,49,opq_refit_fixedC,0.01,0.545542892481668,ft2,2,
25,4,25,2,280,49,opq_refit_cvC,1.0,0.5384751303118651,ft2,2,False
25,4,25,2,280,49,probe_refit_fixedC,0.01,0.5733722060252673,ft2,2,
25,4,25,2,280,49,probe_refit_cvC,10.0,0.5309656330064494,ft2,2,False
25,4,25,2,280,49,cb_offset_cvC,1.0,0.5876844244191183,ft2,2,False
25,4,25,2,280,49,opq_offset_cvC,0.003,0.61560208498984,ft2,2,False
25,5,25,3,280,48,cb_zero,,0.5970725574712644,ft2,2,
25,5,25,3,280,48,opq_zero,,0.6161997126436781,ft2,2,
25,5,25,3,280,48,cb_refit_fixedC,0.3,0.45052083333333337,ft2,2,
25,5,25,3,280,48,cb_refit_cvC,10.0,0.47108477011494254,ft2,2,False
25,5,25,3,280,48,opq_refit_fixedC,0.01,0.5499281609195401,ft2,2,
25,5,25,3,280,48,opq_refit_cvC,0.001,0.5453035201149425,ft2,2,False
25,5,25,3,280,48,probe_refit_fixedC,0.01,0.5003591954022988,ft2,2,
25,5,25,3,280,48,probe_refit_cvC,0.001,0.5361889367816092,ft2,2,False
25,5,25,3,280,48,cb_offset_cvC,0.001,0.5970725574712644,ft2,2,False
25,5,25,3,280,48,opq_offset_cvC,0.001,0.5882722701149425,ft2,2,False
25,6,25,2,280,49,cb_zero,,0.5936036752363283,ft2,2,
25,6,25,2,280,49,opq_zero,,0.615425390935595,ft2,2,
25,6,25,2,280,49,cb_refit_fixedC,0.3,0.4659422210442618,ft2,2,
25,6,25,2,280,49,cb_refit_cvC,0.001,0.45322024913861647,ft2,2,False
25,6,25,2,280,49,opq_refit_fixedC,0.01,0.524162911918014,ft2,2,
25,6,25,2,280,49,opq_refit_cvC,0.001,0.481093736195777,ft2,2,False
25,6,25,2,280,49,probe_refit_fixedC,0.01,0.5297287746267338,ft2,2,
25,6,25,2,280,49,probe_refit_cvC,0.001,0.512677798392084,ft2,2,False
25,6,25,2,280,49,cb_offset_cvC,0.001,0.5936036752363283,ft2,2,False
25,6,25,2,280,49,opq_offset_cvC,0.001,0.622493153105398,ft2,2,False
25,7,25,1,280,50,cb_zero,,0.5844347826086957,ft2,2,
25,7,25,1,280,50,opq_zero,,0.6060869565217392,ft2,2,
25,7,25,1,280,50,cb_refit_fixedC,0.3,0.5986086956521739,ft2,2,
25,7,25,1,280,50,cb_refit_cvC,0.3,0.5986086956521739,ft2,2,True
25,7,25,1,280,50,opq_refit_fixedC,0.01,0.5456521739130435,ft2,2,
25,7,25,1,280,50,opq_refit_cvC,0.01,0.5456521739130435,ft2,2,True
25,7,25,1,280,50,probe_refit_fixedC,0.01,0.5257391304347825,ft2,2,
25,7,25,1,280,50,probe_refit_cvC,0.01,0.5257391304347825,ft2,2,True
25,7,25,1,280,50,cb_offset_cvC,0.001,0.5844347826086956,ft2,2,True
25,7,25,1,280,50,opq_offset_cvC,0.001,0.5698260869565217,ft2,2,True
25,8,26,2,279,49,cb_zero,,0.5968944099378881,ft2,2,
25,8,26,2,279,49,opq_zero,,0.608695652173913,ft2,2,
25,8,26,2,279,49,cb_refit_fixedC,0.3,0.4937888198757764,ft2,2,
25,8,26,2,279,49,cb_refit_cvC,3.0,0.45226264418811,ft2,2,False
25,8,26,2,279,49,opq_refit_fixedC,0.01,0.4875776397515528,ft2,2,
25,8,26,2,279,49,opq_refit_cvC,3.0,0.469299023957409,ft2,2,False
25,8,26,2,279,49,probe_refit_fixedC,0.01,0.5507542147293701,ft2,2,
25,8,26,2,279,49,probe_refit_cvC,0.001,0.5601597160603372,ft2,2,False
25,8,26,2,279,49,cb_offset_cvC,0.3,0.556078083407276,ft2,2,False
25,8,26,2,279,49,opq_offset_cvC,0.001,0.5362023070097605,ft2,2,False
25,9,25,6,280,45,cb_zero,,0.5860047281323877,ft2,2,
25,9,25,6,280,45,opq_zero,,0.6248699763593379,ft2,2,
25,9,25,6,280,45,cb_refit_fixedC,0.3,0.5816548463356974,ft2,2,
25,9,25,6,280,45,cb_refit_cvC,0.001,0.5909219858156028,ft2,2,False
25,9,25,6,280,45,opq_refit_fixedC,0.01,0.531678486997636,ft2,2,
25,9,25,6,280,45,opq_refit_cvC,0.001,0.5143262411347518,ft2,2,False
25,9,25,6,280,45,probe_refit_fixedC,0.01,0.5864775413711584,ft2,2,
25,9,25,6,280,45,probe_refit_cvC,0.1,0.5838297872340427,ft2,2,False
25,9,25,6,280,45,cb_offset_cvC,0.03,0.5855319148936171,ft2,2,False
25,9,25,6,280,45,opq_offset_cvC,0.003,0.5612293144208037,ft2,2,False
25,10,25,4,280,47,cb_zero,,0.5690804492740389,ft2,2,
25,10,25,4,280,47,opq_zero,,0.6078896904392292,ft2,2,
25,10,25,4,280,47,cb_refit_fixedC,0.3,0.6066112683773172,ft2,2,
25,10,25,4,280,47,cb_refit_cvC,3.0,0.6062460049310565,ft2,2,False
25,10,25,4,280,47,opq_refit_fixedC,0.01,0.5463427997443157,ft2,2,
25,10,25,4,280,47,opq_refit_cvC,0.001,0.5390375308191033,ft2,2,False
25,10,25,4,280,47,probe_refit_fixedC,0.01,0.5553830700392658,ft2,2,
25,10,25,4,280,47,probe_refit_cvC,3.0,0.5430554287279701,ft2,2,False
25,10,25,4,280,47,cb_offset_cvC,0.001,0.5690804492740389,ft2,2,False
25,10,25,4,280,47,opq_offset_cvC,0.001,0.5532828052232672,ft2,2,False
25,11,25,3,280,48,cb_zero,,0.587194683908046,ft2,2,
25,11,25,3,280,48,opq_zero,,0.6147629310344828,ft2,2,
25,11,25,3,280,48,cb_refit_fixedC,0.3,0.6909123563218391,ft2,2,
25,11,25,3,280,48,cb_refit_cvC,10.0,0.6857938218390804,ft2,2,False
25,11,25,3,280,48,opq_refit_fixedC,0.01,0.5097880747126436,ft2,2,
25,11,25,3,280,48,opq_refit_cvC,10.0,0.5229885057471266,ft2,2,False
25,11,25,3,280,48,probe_refit_fixedC,0.01,0.5926724137931035,ft2,2,
25,11,25,3,280,48,probe_refit_cvC,0.003,0.6025502873563219,ft2,2,False
25,11,25,3,280,48,cb_offset_cvC,0.1,0.5889906609195402,ft2,2,False
25,11,25,3,280,48,opq_offset_cvC,0.01,0.5609734195402298,ft2,2,False
25,12,25,2,280,49,cb_zero,,0.582030214683276,ft2,2,
25,12,25,2,280,49,opq_zero,,0.6023500309214594,ft2,2,
25,12,25,2,280,49,cb_refit_fixedC,0.3,0.6382189239332097,ft2,2,
25,12,25,2,280,49,cb_refit_cvC,0.001,0.6186058839120063,ft2,2,False
25,12,25,2,280,49,opq_refit_fixedC,0.01,0.5368407103100981,ft2,2,
25,12,25,2,280,49,opq_refit_cvC,10.0,0.6348617369025533,ft2,2,False
25,12,25,2,280,49,probe_refit_fixedC,0.01,0.6184291898577613,ft2,2,
25,12,25,2,280,49,probe_refit_cvC,3.0,0.6075625055216892,ft2,2,False
25,12,25,2,280,49,cb_offset_cvC,0.001,0.5820302146832759,ft2,2,False
25,12,25,2,280,49,opq_offset_cvC,0.001,0.5873310363106282,ft2,2,False
25,13,25,2,280,49,cb_zero,,0.5929852460464705,ft2,2,
25,13,25,2,280,49,opq_zero,,0.616573902288188,ft2,2,
25,13,25,2,280,49,cb_refit_fixedC,0.3,0.47292163618694233,ft2,2,
25,13,25,2,280,49,cb_refit_cvC,0.3,0.47292163618694233,ft2,2,False
25,13,25,2,280,49,opq_refit_fixedC,0.01,0.44509232264334303,ft2,2,
25,13,25,2,280,49,opq_refit_cvC,0.001,0.46196660482374763,ft2,2,False
25,13,25,2,280,49,probe_refit_fixedC,0.01,0.5861825249580351,ft2,2,
25,13,25,2,280,49,probe_refit_cvC,0.03,0.5816768265747857,ft2,2,False
25,13,25,2,280,49,cb_offset_cvC,0.001,0.5928085519922255,ft2,2,False
25,13,25,2,280,49,opq_offset_cvC,0.001,0.5981093736195776,ft2,2,False
25,14,25,5,280,46,cb_zero,,0.5844481605351171,ft2,2,
25,14,25,5,280,46,opq_zero,,0.6059085841694536,ft2,2,
25,14,25,5,280,46,cb_refit_fixedC,0.3,0.6201226309921961,ft2,2,
25,14,25,5,280,46,cb_refit_cvC,0.001,0.6204942400594575,ft2,2,False
25,14,25,5,280,46,opq_refit_fixedC,0.01,0.5431531029357116,ft2,2,
25,14,25,5,280,46,opq_refit_cvC,0.003,0.5438963210702341,ft2,2,False
25,14,25,5,280,46,probe_refit_fixedC,0.01,0.650315867707172,ft2,2,
25,14,25,5,280,46,probe_refit_cvC,0.03,0.6522668153102936,ft2,2,False
25,14,25,5,280,46,cb_offset_cvC,0.001,0.5845410628019324,ft2,2,False
25,14,25,5,280,46,opq_offset_cvC,0.003,0.5376254180602007,ft2,2,False
25,15,25,8,280,43,cb_zero,,0.5882641546462565,ft2,2,
25,15,25,8,280,43,opq_zero,,0.5965067216171132,ft2,2,
25,15,25,8,280,43,cb_refit_fixedC,0.3,0.5814934746344813,ft2,2,
25,15,25,8,280,43,cb_refit_cvC,0.001,0.5823766068099303,ft2,2,False
25,15,25,8,280,43,opq_refit_fixedC,0.01,0.5548523206751055,ft2,2,
25,15,25,8,280,43,opq_refit_cvC,0.003,0.5487685212442351,ft2,2,False
25,15,25,8,280,43,probe_refit_fixedC,0.01,0.5445000490628986,ft2,2,
25,15,25,8,280,43,probe_refit_cvC,0.001,0.5773721911490531,ft2,2,False
25,15,25,8,280,43,cb_offset_cvC,0.001,0.5882641546462565,ft2,2,False
25,15,25,8,280,43,opq_offset_cvC,0.001,0.5283092925130017,ft2,2,False
25,16,26,4,279,47,cb_zero,,0.5962949376375642,ft2,2,
25,16,26,4,279,47,opq_zero,,0.6185803374908292,ft2,2,
25,16,26,4,279,47,cb_refit_fixedC,0.3,0.5957446808510639,ft2,2,
25,16,26,4,279,47,cb_refit_cvC,1.0,0.5838224504768892,ft2,2,False
25,16,26,4,279,47,opq_refit_fixedC,0.01,0.4924798239178283,ft2,2,
25,16,26,4,279,47,opq_refit_cvC,0.1,0.47895267791636104,ft2,2,False
25,16,26,4,279,47,probe_refit_fixedC,0.01,0.5244864269992664,ft2,2,
25,16,26,4,279,47,probe_refit_cvC,0.3,0.5244864269992664,ft2,2,False
25,16,26,4,279,47,cb_offset_cvC,1.0,0.5723587674247983,ft2,2,False
25,16,26,4,279,47,opq_offset_cvC,0.03,0.5220102714600147,ft2,2,False
25,17,25,6,280,45,cb_zero,,0.5755082742316785,ft2,2,
25,17,25,6,280,45,opq_zero,,0.5824113475177305,ft2,2,
25,17,25,6,280,45,cb_refit_fixedC,0.3,0.5780614657210402,ft2,2,
25,17,25,6,280,45,cb_refit_cvC,1.0,0.5770212765957446,ft2,2,False
25,17,25,6,280,45,opq_refit_fixedC,0.01,0.6025531914893616,ft2,2,
25,17,25,6,280,45,opq_refit_cvC,0.3,0.6401891252955083,ft2,2,False
25,17,25,6,280,45,probe_refit_fixedC,0.01,0.5311583924349881,ft2,2,
25,17,25,6,280,45,probe_refit_cvC,0.03,0.5270921985815603,ft2,2,False
25,17,25,6,280,45,cb_offset_cvC,0.001,0.5756028368794326,ft2,2,False
25,17,25,6,280,45,opq_offset_cvC,10.0,0.6389598108747044,ft2,2,False
25,18,25,5,280,46,cb_zero,,0.5786882199925678,ft2,2,
25,18,25,5,280,46,opq_zero,,0.6005202526941656,ft2,2,
25,18,25,5,280,46,cb_refit_fixedC,0.3,0.6291341508732812,ft2,2,
25,18,25,5,280,46,cb_refit_cvC,10.0,0.6426049795615013,ft2,2,False
25,18,25,5,280,46,opq_refit_fixedC,0.01,0.6113433667781493,ft2,2,
25,18,25,5,280,46,opq_refit_cvC,10.0,0.6190542549238202,ft2,2,False
25,18,25,5,280,46,probe_refit_fixedC,0.01,0.5986622073578595,ft2,2,
25,18,25,5,280,46,probe_refit_cvC,0.001,0.6066518023039762,ft2,2,False
25,18,25,5,280,46,cb_offset_cvC,10.0,0.635637309550353,ft2,2,False
25,18,25,5,280,46,opq_offset_cvC,0.01,0.6070234113712376,ft2,2,False
25,19,25,7,280,44,cb_zero,,0.5821456086286595,ft2,2,
25,19,25,7,280,44,opq_zero,,0.613828967642527,ft2,2,
25,19,25,7,280,44,cb_refit_fixedC,0.3,0.6041987673343605,ft2,2,
25,19,25,7,280,44,cb_refit_cvC,3.0,0.5882126348228044,ft2,2,False
25,19,25,7,280,44,opq_refit_fixedC,0.01,0.5884052388289676,ft2,2,
25,19,25,7,280,44,opq_refit_cvC,0.001,0.6098324345146379,ft2,2,False
25,19,25,7,280,44,probe_refit_fixedC,0.01,0.5660631741140215,ft2,2,
25,19,25,7,280,44,probe_refit_cvC,0.001,0.5987095531587057,ft2,2,False
25,19,25,7,280,44,cb_offset_cvC,0.001,0.5824345146379044,ft2,2,False
25,19,25,7,280,44,opq_offset_cvC,0.01,0.5693374422187981,ft2,2,False
25,20,25,4,280,47,cb_zero,,0.5861565153867226,ft2,2,
25,20,25,4,280,47,opq_zero,,0.6089854807780112,ft2,2,
25,20,25,4,280,47,cb_refit_fixedC,0.3,0.5583051776093508,ft2,2,
25,20,25,4,280,47,cb_refit_cvC,10.0,0.5465254314674459,ft2,2,False
25,20,25,4,280,47,opq_refit_fixedC,0.01,0.5991233677289746,ft2,2,
25,20,25,4,280,47,opq_refit_cvC,0.1,0.6217240434663501,ft2,2,False
25,20,25,4,280,47,probe_refit_fixedC,0.01,0.5842388822938545,ft2,2,
25,20,25,4,280,47,probe_refit_cvC,0.003,0.5864304629714181,ft2,2,False
25,20,25,4,280,47,cb_offset_cvC,10.0,0.5345630536024107,ft2,2,False
25,20,25,4,280,47,opq_offset_cvC,0.01,0.6022281070221898,ft2,2,False
25,21,25,2,280,49,cb_zero,,0.598816149836558,ft2,2,
25,21,25,2,280,49,opq_zero,,0.6134817563388992,ft2,2,
25,21,25,2,280,49,cb_refit_fixedC,0.3,0.5352062903083311,ft2,2,
25,21,25,2,280,49,cb_refit_cvC,0.001,0.604558706599523,ft2,2,False
25,21,25,2,280,49,opq_refit_fixedC,0.01,0.5909532644226522,ft2,2,
25,21,25,2,280,49,opq_refit_cvC,0.1,0.570545101157346,ft2,2,False
25,21,25,2,280,49,probe_refit_fixedC,0.01,0.5427157876137468,ft2,2,
25,21,25,2,280,49,probe_refit_cvC,10.0,0.5370615778779044,ft2,2,False
25,21,25,2,280,49,cb_offset_cvC,0.001,0.5990811909179256,ft2,2,False
25,21,25,2,280,49,opq_offset_cvC,0.001,0.5857407898224225,ft2,2,False
25,22,25,4,280,47,cb_zero,,0.5871609898639394,ft2,2,
25,22,25,4,280,47,opq_zero,,0.6160168021185279,ft2,2,
25,22,25,4,280,47,cb_refit_fixedC,0.3,0.4928317048671354,ft2,2,
25,22,25,4,280,47,cb_refit_cvC,3.0,0.45740115057985575,ft2,2,False
25,22,25,4,280,47,opq_refit_fixedC,0.01,0.5573920189936992,ft2,2,
25,22,25,4,280,47,opq_refit_cvC,3.0,0.5258880467537211,ft2,2,False
25,22,25,4,280,47,probe_refit_fixedC,0.01,0.5030590813624327,ft2,2,
25,22,25,4,280,47,probe_refit_cvC,3.0,0.47347274221532276,ft2,2,False
25,22,25,4,280,47,cb_offset_cvC,1.0,0.4776732718473199,ft2,2,False
25,22,25,4,280,47,opq_offset_cvC,3.0,0.5212309378138983,ft2,2,False
25,23,25,4,280,47,cb_zero,,0.6026846863300155,ft2,2,
25,23,25,4,280,47,opq_zero,,0.6267920737832162,ft2,2,
25,23,25,4,280,47,cb_refit_fixedC,0.3,0.550086750068487,ft2,2,
25,23,25,4,280,47,cb_refit_cvC,0.003,0.5332846315404987,ft2,2,False
25,23,25,4,280,47,opq_refit_fixedC,0.01,0.5101817185645147,ft2,2,
25,23,25,4,280,47,opq_refit_cvC,1.0,0.484248013880011,ft2,2,False
25,23,25,4,280,47,probe_refit_fixedC,0.01,0.49730618208382793,ft2,2,
25,23,25,4,280,47,probe_refit_cvC,3.0,0.4963930234681764,ft2,2,False
25,23,25,4,280,47,cb_offset_cvC,0.001,0.6025020546068852,ft2,2,False
25,23,25,4,280,47,opq_offset_cvC,0.001,0.5858825678020273,ft2,2,False
25,24,25,5,280,46,cb_zero,,0.5823114083983649,ft2,2,
25,24,25,5,280,46,opq_zero,,0.6127833519137867,ft2,2,
25,24,25,5,280,46,cb_refit_fixedC,0.3,0.5731140839836492,ft2,2,
25,24,25,5,280,46,cb_refit_cvC,0.001,0.5923448532144184,ft2,2,False
25,24,25,5,280,46,opq_refit_fixedC,0.01,0.5834262356001486,ft2,2,
25,24,25,5,280,46,opq_refit_cvC,1.0,0.5746469713861019,ft2,2,False
25,24,25,5,280,46,probe_refit_fixedC,0.01,0.5474730583426236,ft2,2,
25,24,25,5,280,46,probe_refit_cvC,0.001,0.5695837978446673,ft2,2,False
25,24,25,5,280,46,cb_offset_cvC,0.3,0.5726495726495726,ft2,2,False
25,24,25,5,280,46,opq_offset_cvC,0.003,0.6161278335191378,ft2,2,False
25,25,25,2,280,49,cb_zero,,0.5994345790264157,ft2,2,
25,25,25,2,280,49,opq_zero,,0.6199310893188444,ft2,2,
25,25,25,2,280,49,cb_refit_fixedC,0.3,0.44942132697234743,ft2,2,
25,25,25,2,280,49,cb_refit_cvC,3.0,0.46417528050181106,ft2,2,False
25,25,25,2,280,49,opq_refit_fixedC,0.01,0.4980121918897429,ft2,2,
25,25,25,2,280,49,opq_refit_cvC,0.001,0.4980121918897429,ft2,2,False
25,25,25,2,280,49,probe_refit_fixedC,0.01,0.522042583267073,ft2,2,
25,25,25,2,280,49,probe_refit_cvC,0.001,0.5419206643696439,ft2,2,False
25,25,25,2,280,49,cb_offset_cvC,10.0,0.463821892393321,ft2,2,False
25,25,25,2,280,49,opq_offset_cvC,0.03,0.5413905822069086,ft2,2,False
25,26,25,8,280,43,cb_zero,,0.5981748601707388,ft2,2,
25,26,25,8,280,43,opq_zero,,0.6181925228142479,ft2,2,
25,26,25,8,280,43,cb_refit_fixedC,0.3,0.6035717790207046,ft2,2,
25,26,25,8,280,43,cb_refit_cvC,0.003,0.6153468746933569,ft2,2,False
25,26,25,8,280,43,opq_refit_fixedC,0.01,0.5434697281915415,ft2,2,
25,26,25,8,280,43,opq_refit_cvC,0.001,0.5673633598272986,ft2,2,False
25,26,25,8,280,43,probe_refit_fixedC,0.01,0.5623589441664213,ft2,2,
25,26,25,8,280,43,probe_refit_cvC,0.001,0.5677558630163869,ft2,2,False
25,26,25,8,280,43,cb_offset_cvC,0.001,0.5981748601707388,ft2,2,False
25,26,25,8,280,43,opq_offset_cvC,0.001,0.5832597389853792,ft2,2,False
25,27,25,3,280,48,cb_zero,,0.5819863505747126,ft2,2,
25,27,25,3,280,48,opq_zero,,0.6109015804597702,ft2,2,
25,27,25,3,280,48,cb_refit_fixedC,0.3,0.6168283045977011,ft2,2,
25,27,25,3,280,48,cb_refit_cvC,10.0,0.6131465517241379,ft2,2,False
25,27,25,3,280,48,opq_refit_fixedC,0.01,0.5083063936781609,ft2,2,
25,27,25,3,280,48,opq_refit_cvC,10.0,0.5028735632183908,ft2,2,False
25,27,25,3,280,48,probe_refit_fixedC,0.01,0.628771551724138,ft2,2,
25,27,25,3,280,48,probe_refit_cvC,10.0,0.6233836206896551,ft2,2,False
25,27,25,3,280,48,cb_offset_cvC,0.001,0.5819863505747127,ft2,2,False
25,27,25,3,280,48,opq_offset_cvC,0.3,0.5189475574712643,ft2,2,False
25,28,25,2,280,49,cb_zero,,0.5876844244191183,ft2,2,
25,28,25,2,280,49,opq_zero,,0.6170156374238007,ft2,2,
25,28,25,2,280,49,cb_refit_fixedC,0.3,0.5317607562505522,ft2,2,
25,28,25,2,280,49,cb_refit_cvC,1.0,0.519392172453397,ft2,2,False
25,28,25,2,280,49,opq_refit_fixedC,0.01,0.5267249757045676,ft2,2,
25,28,25,2,280,49,opq_refit_cvC,0.001,0.5329976146302677,ft2,2,False
25,28,25,2,280,49,probe_refit_fixedC,0.01,0.5348529021998409,ft2,2,
25,28,25,2,280,49,probe_refit_cvC,0.001,0.5094089583885502,ft2,2,False
25,28,25,2,280,49,cb_offset_cvC,3.0,0.5035780545984627,ft2,2,False
25,28,25,2,280,49,opq_offset_cvC,10.0,0.5223959713755632,ft2,2,False
25,29,25,1,280,50,cb_zero,,0.5959130434782609,ft2,2,
25,29,25,1,280,50,opq_zero,,0.6145217391304347,ft2,2,
25,29,25,1,280,50,cb_refit_fixedC,0.3,0.4850434782608696,ft2,2,
25,29,25,1,280,50,cb_refit_cvC,0.3,0.4850434782608696,ft2,2,True
25,29,25,1,280,50,opq_refit_fixedC,0.01,0.5213913043478261,ft2,2,
25,29,25,1,280,50,opq_refit_cvC,0.01,0.5213913043478261,ft2,2,True
25,29,25,1,280,50,probe_refit_fixedC,0.01,0.5550434782608695,ft2,2,
25,29,25,1,280,50,probe_refit_cvC,0.01,0.5550434782608695,ft2,2,True
25,29,25,1,280,50,cb_offset_cvC,0.001,0.596086956521739,ft2,2,True
25,29,25,1,280,50,opq_offset_cvC,0.001,0.5877391304347827,ft2,2,True
50,0,50,9,255,42,cb_zero,,0.6210596914822267,ft2,2,
50,0,50,9,255,42,opq_zero,,0.6050748938072882,ft2,2,
50,0,50,9,255,42,cb_refit_fixedC,0.3,0.3943661971830986,ft2,2,
50,0,50,9,255,42,cb_refit_cvC,0.001,0.3778224904985468,ft2,2,False
50,0,50,9,255,42,opq_refit_fixedC,0.01,0.5300134138162307,ft2,2,
50,0,50,9,255,42,opq_refit_cvC,0.001,0.5123518891124526,ft2,2,False
50,0,50,9,255,42,probe_refit_fixedC,0.01,0.4793203666443104,ft2,2,
50,0,50,9,255,42,probe_refit_cvC,0.001,0.49005141962888443,ft2,2,False
50,0,50,9,255,42,cb_offset_cvC,1.0,0.44097920858484235,ft2,2,False
50,0,50,9,255,42,opq_offset_cvC,0.01,0.517102615694165,ft2,2,False
50,1,50,7,255,44,cb_zero,,0.5952175786299009,ft2,2,
50,1,50,7,255,44,opq_zero,,0.6125592417061612,ft2,2,
50,1,50,7,255,44,cb_refit_fixedC,0.3,0.6165445928479103,ft2,2,
50,1,50,7,255,44,cb_refit_cvC,3.0,0.6072813442481688,ft2,2,False
50,1,50,7,255,44,opq_refit_fixedC,0.01,0.6349633778543732,ft2,2,
50,1,50,7,255,44,opq_refit_cvC,0.001,0.6426109435588109,ft2,2,False
50,1,50,7,255,44,probe_refit_fixedC,0.01,0.5945713054717794,ft2,2,
50,1,50,7,255,44,probe_refit_cvC,0.3,0.5826152520465318,ft2,2,False
50,1,50,7,255,44,cb_offset_cvC,3.0,0.5850926324859973,ft2,2,False
50,1,50,7,255,44,opq_offset_cvC,0.03,0.6237613097802672,ft2,2,False
50,2,50,6,255,45,cb_zero,,0.6044444444444445,ft2,2,
50,2,50,6,255,45,opq_zero,,0.6097354497354498,ft2,2,
50,2,50,6,255,45,cb_refit_fixedC,0.3,0.5477248677248677,ft2,2,
50,2,50,6,255,45,cb_refit_cvC,10.0,0.5403174603174603,ft2,2,False
50,2,50,6,255,45,opq_refit_fixedC,0.01,0.5874074074074074,ft2,2,
50,2,50,6,255,45,opq_refit_cvC,0.003,0.5816931216931217,ft2,2,False
50,2,50,6,255,45,probe_refit_fixedC,0.01,0.51989417989418,ft2,2,
50,2,50,6,255,45,probe_refit_cvC,10.0,0.5150264550264549,ft2,2,False
50,2,50,6,255,45,cb_offset_cvC,0.003,0.6035978835978836,ft2,2,False
50,2,50,6,255,45,opq_offset_cvC,0.001,0.598941798941799,ft2,2,False
50,3,50,11,255,40,cb_zero,,0.5858139534883721,ft2,2,
50,3,50,11,255,40,opq_zero,,0.6172093023255815,ft2,2,
50,3,50,11,255,40,cb_refit_fixedC,0.3,0.5977906976744186,ft2,2,
50,3,50,11,255,40,cb_refit_cvC,3.0,0.5791860465116279,ft2,2,False
50,3,50,11,255,40,opq_refit_fixedC,0.01,0.6062790697674418,ft2,2,
50,3,50,11,255,40,opq_refit_cvC,0.003,0.6069186046511628,ft2,2,False
50,3,50,11,255,40,probe_refit_fixedC,0.01,0.6341860465116278,ft2,2,
50,3,50,11,255,40,probe_refit_cvC,0.001,0.6510465116279069,ft2,2,False
50,3,50,11,255,40,cb_offset_cvC,0.003,0.5856976744186047,ft2,2,False
50,3,50,11,255,40,opq_offset_cvC,0.03,0.6488372093023256,ft2,2,False
50,4,50,7,255,44,cb_zero,,0.5783067643257217,ft2,2,
50,4,50,7,255,44,opq_zero,,0.6048039638087032,ft2,2,
50,4,50,7,255,44,cb_refit_fixedC,0.3,0.6617837139164153,ft2,2,
50,4,50,7,255,44,cb_refit_cvC,10.0,0.651766479965532,ft2,2,False
50,4,50,7,255,44,opq_refit_fixedC,0.01,0.5677509694097371,ft2,2,
50,4,50,7,255,44,opq_refit_cvC,0.001,0.5591339939681172,ft2,2,False
50,4,50,7,255,44,probe_refit_fixedC,0.01,0.6322705730288669,ft2,2,
50,4,50,7,255,44,probe_refit_cvC,0.3,0.6190219732873761,ft2,2,False
50,4,50,7,255,44,cb_offset_cvC,10.0,0.6496122361051271,ft2,2,False
50,4,50,7,255,44,opq_offset_cvC,0.001,0.5961869883670832,ft2,2,False
50,5,50,5,255,46,cb_zero,,0.5936134803411691,ft2,2,
50,5,50,5,255,46,opq_zero,,0.6131682962346579,ft2,2,
50,5,50,5,255,46,cb_refit_fixedC,0.3,0.6251300187226961,ft2,2,
50,5,50,5,255,46,cb_refit_cvC,0.001,0.6140004160599126,ft2,2,False
50,5,50,5,255,46,opq_refit_fixedC,0.01,0.615508633243187,ft2,2,
50,5,50,5,255,46,opq_refit_cvC,0.1,0.6151445808196381,ft2,2,False
50,5,50,5,255,46,probe_refit_fixedC,0.01,0.6329311420844601,ft2,2,
50,5,50,5,255,46,probe_refit_cvC,0.001,0.6410443103806948,ft2,2,False
50,5,50,5,255,46,cb_offset_cvC,0.001,0.5937174953193259,ft2,2,False
50,5,50,5,255,46,opq_offset_cvC,0.003,0.6206573746619513,ft2,2,False
50,6,50,12,255,39,cb_zero,,0.5944919278252612,ft2,2,
50,6,50,12,255,39,opq_zero,,0.6169278252611585,ft2,2,
50,6,50,12,255,39,cb_refit_fixedC,0.3,0.6125356125356126,ft2,2,
50,6,50,12,255,39,cb_refit_cvC,0.001,0.6261870845204178,ft2,2,False
50,6,50,12,255,39,opq_refit_fixedC,0.01,0.6212013295346629,ft2,2,
50,6,50,12,255,39,opq_refit_cvC,1.0,0.5718186134852802,ft2,2,False
50,6,50,12,255,39,probe_refit_fixedC,0.01,0.6369895536562203,ft2,2,
50,6,50,12,255,39,probe_refit_cvC,3.0,0.6217948717948718,ft2,2,False
50,6,50,12,255,39,cb_offset_cvC,0.001,0.5943732193732194,ft2,2,False
50,6,50,12,255,39,opq_offset_cvC,0.003,0.6082621082621082,ft2,2,False
50,7,50,9,255,42,cb_zero,,0.5909903867650347,ft2,2,
50,7,50,9,255,42,opq_zero,,0.624413145539906,ft2,2,
50,7,50,9,255,42,cb_refit_fixedC,0.3,0.5954616588419407,ft2,2,
50,7,50,9,255,42,cb_refit_cvC,10.0,0.5695282807958865,ft2,2,False
50,7,50,9,255,42,opq_refit_fixedC,0.01,0.5961323496534765,ft2,2,
50,7,50,9,255,42,opq_refit_cvC,0.1,0.6121171473284149,ft2,2,False
50,7,50,9,255,42,probe_refit_fixedC,0.01,0.5694164989939637,ft2,2,
50,7,50,9,255,42,probe_refit_cvC,0.001,0.5987033310976974,ft2,2,False
50,7,50,9,255,42,cb_offset_cvC,10.0,0.5700871898054997,ft2,2,False
50,7,50,9,255,42,opq_offset_cvC,0.3,0.6343617259110217,ft2,2,False
50,8,50,11,255,40,cb_zero,,0.5677906976744186,ft2,2,
50,8,50,11,255,40,opq_zero,,0.5940697674418605,ft2,2,
50,8,50,11,255,40,cb_refit_fixedC,0.3,0.5916279069767443,ft2,2,
50,8,50,11,255,40,cb_refit_cvC,0.3,0.5916279069767443,ft2,2,False
50,8,50,11,255,40,opq_refit_fixedC,0.01,0.5765697674418604,ft2,2,
50,8,50,11,255,40,opq_refit_cvC,0.001,0.6013953488372094,ft2,2,False
50,8,50,11,255,40,probe_refit_fixedC,0.01,0.5901162790697675,ft2,2,
50,8,50,11,255,40,probe_refit_cvC,0.001,0.6083720930232558,ft2,2,False
50,8,50,11,255,40,cb_offset_cvC,0.1,0.5611627906976744,ft2,2,False
50,8,50,11,255,40,opq_offset_cvC,0.001,0.5891860465116279,ft2,2,False
50,9,50,6,255,45,cb_zero,,0.5501587301587301,ft2,2,
50,9,50,6,255,45,opq_zero,,0.6043386243386244,ft2,2,
50,9,50,6,255,45,cb_refit_fixedC,0.3,0.618095238095238,ft2,2,
50,9,50,6,255,45,cb_refit_cvC,10.0,0.6410582010582011,ft2,2,False
50,9,50,6,255,45,opq_refit_fixedC,0.01,0.5096825396825396,ft2,2,
50,9,50,6,255,45,opq_refit_cvC,0.003,0.5387830687830688,ft2,2,False
50,9,50,6,255,45,probe_refit_fixedC,0.01,0.6019047619047619,ft2,2,
50,9,50,6,255,45,probe_refit_cvC,3.0,0.5916402116402116,ft2,2,False
50,9,50,6,255,45,cb_offset_cvC,3.0,0.6117460317460318,ft2,2,False
50,9,50,6,255,45,opq_offset_cvC,0.001,0.5572486772486772,ft2,2,False
50,10,51,10,254,41,cb_zero,,0.5844497881598534,ft2,2,
50,10,51,10,254,41,opq_zero,,0.6060918355662429,ft2,2,
50,10,51,10,254,41,cb_refit_fixedC,0.3,0.586968968281232,ft2,2,
50,10,51,10,254,41,cb_refit_cvC,0.003,0.59796175426543,ft2,2,False
50,10,51,10,254,41,opq_refit_fixedC,0.01,0.5549066758273217,ft2,2,
50,10,51,10,254,41,opq_refit_cvC,10.0,0.49456086110156877,ft2,2,False
50,10,51,10,254,41,probe_refit_fixedC,0.01,0.46616283064239095,ft2,2,
50,10,51,10,254,41,probe_refit_cvC,10.0,0.4809343868086568,ft2,2,False
50,10,51,10,254,41,cb_offset_cvC,0.1,0.5796404442917669,ft2,2,False
50,10,51,10,254,41,opq_offset_cvC,0.001,0.5852513454712013,ft2,2,False
50,11,50,11,255,40,cb_zero,,0.5774418604651163,ft2,2,
50,11,50,11,255,40,opq_zero,,0.6088372093023255,ft2,2,
50,11,50,11,255,40,cb_refit_fixedC,0.3,0.603139534883721,ft2,2,
50,11,50,11,255,40,cb_refit_cvC,3.0,0.6015116279069768,ft2,2,False
50,11,50,11,255,40,opq_refit_fixedC,0.01,0.5719767441860465,ft2,2,
50,11,50,11,255,40,opq_refit_cvC,0.001,0.5708720930232559,ft2,2,False
50,11,50,11,255,40,probe_refit_fixedC,0.01,0.5817441860465117,ft2,2,
50,11,50,11,255,40,probe_refit_cvC,0.001,0.6100000000000001,ft2,2,False
50,11,50,11,255,40,cb_offset_cvC,0.01,0.577093023255814,ft2,2,False
50,11,50,11,255,40,opq_offset_cvC,0.03,0.5863953488372093,ft2,2,False
50,12,51,11,254,40,cb_zero,,0.5889018691588784,ft2,2,
50,12,51,11,254,40,opq_zero,,0.5981308411214954,ft2,2,
50,12,51,11,254,40,cb_refit_fixedC,0.3,0.6718457943925235,ft2,2,
50,12,51,11,254,40,cb_refit_cvC,3.0,0.6440420560747664,ft2,2,False
50,12,51,11,254,40,opq_refit_fixedC,0.01,0.577570093457944,ft2,2,
50,12,51,11,254,40,opq_refit_cvC,0.1,0.5583528037383177,ft2,2,False
50,12,51,11,254,40,probe_refit_fixedC,0.01,0.5912383177570094,ft2,2,
50,12,51,11,254,40,probe_refit_cvC,10.0,0.5641355140186917,ft2,2,False
50,12,51,11,254,40,cb_offset_cvC,0.001,0.5889018691588784,ft2,2,False
50,12,51,11,254,40,opq_offset_cvC,0.001,0.5566588785046729,ft2,2,False
50,13,50,9,255,42,cb_zero,,0.6003800581265369,ft2,2,
50,13,50,9,255,42,opq_zero,,0.6211714732841493,ft2,2,
50,13,50,9,255,42,cb_refit_fixedC,0.3,0.6361502347417839,ft2,2,
50,13,50,9,255,42,cb_refit_cvC,0.1,0.6400625978090766,ft2,2,False
50,13,50,9,255,42,opq_refit_fixedC,0.01,0.5875251509054327,ft2,2,
50,13,50,9,255,42,opq_refit_cvC,0.001,0.5713167896266487,ft2,2,False
50,13,50,9,255,42,probe_refit_fixedC,0.01,0.620612564274536,ft2,2,
50,13,50,9,255,42,probe_refit_cvC,0.003,0.624748490945674,ft2,2,False
50,13,50,9,255,42,cb_offset_cvC,0.001,0.6007154035323049,ft2,2,False
50,13,50,9,255,42,opq_offset_cvC,0.003,0.5590207914151576,ft2,2,False
50,14,50,8,255,43,cb_zero,,0.580846862659061,ft2,2,
50,14,50,8,255,43,opq_zero,,0.5947784115840282,ft2,2,
50,14,50,8,255,43,cb_refit_fixedC,0.3,0.6232996928477402,ft2,2,
50,14,50,8,255,43,cb_refit_cvC,0.001,0.5988372093023256,ft2,2,False
50,14,50,8,255,43,opq_refit_fixedC,0.01,0.6005923650724002,ft2,2,
50,14,50,8,255,43,opq_refit_cvC,0.001,0.5913777972795086,ft2,2,False
50,14,50,8,255,43,probe_refit_fixedC,0.01,0.6196796840719614,ft2,2,
50,14,50,8,255,43,probe_refit_cvC,0.001,0.6338306274681877,ft2,2,False
50,14,50,8,255,43,cb_offset_cvC,0.03,0.5826020184291355,ft2,2,False
50,14,50,8,255,43,opq_offset_cvC,0.03,0.6163887670030713,ft2,2,False
50,15,50,7,255,44,cb_zero,,0.6195605342524774,ft2,2,
50,15,50,7,255,44,opq_zero,,0.6269926755708747,ft2,2,
50,15,50,7,255,44,cb_refit_fixedC,0.3,0.47587246876346406,ft2,2,
50,15,50,7,255,44,cb_refit_cvC,3.0,0.4880439465747523,ft2,2,False
50,15,50,7,255,44,opq_refit_fixedC,0.01,0.539638087031452,ft2,2,
50,15,50,7,255,44,opq_refit_cvC,1.0,0.5031775096940974,ft2,2,False
50,15,50,7,255,44,probe_refit_fixedC,0.01,0.5408229211546747,ft2,2,
50,15,50,7,255,44,probe_refit_cvC,10.0,0.515941404566997,ft2,2,False
50,15,50,7,255,44,cb_offset_cvC,10.0,0.482335200344679,ft2,2,False
50,15,50,7,255,44,opq_offset_cvC,0.01,0.5647350280051702,ft2,2,False
50,16,50,8,255,43,cb_zero,,0.5403685827117156,ft2,2,
50,16,50,8,255,43,opq_zero,,0.58117595436595,ft2,2,
50,16,50,8,255,43,cb_refit_fixedC,0.3,0.5668056164984643,ft2,2,
50,16,50,8,255,43,cb_refit_cvC,10.0,0.5897323387450637,ft2,2,False
50,16,50,8,255,43,opq_refit_fixedC,0.01,0.5560552874067574,ft2,2,
50,16,50,8,255,43,opq_refit_cvC,0.03,0.5360903905221588,ft2,2,False
50,16,50,8,255,43,probe_refit_fixedC,0.01,0.5677928916191312,ft2,2,
50,16,50,8,255,43,probe_refit_cvC,3.0,0.5752523036419482,ft2,2,False
50,16,50,8,255,43,cb_offset_cvC,10.0,0.5741553312856517,ft2,2,False
50,16,50,8,255,43,opq_offset_cvC,0.001,0.5523255813953488,ft2,2,False
50,17,50,7,255,44,cb_zero,,0.5682895303748384,ft2,2,
50,17,50,7,255,44,opq_zero,,0.5953252908229212,ft2,2,
50,17,50,7,255,44,cb_refit_fixedC,0.3,0.6002800517018527,ft2,2,
50,17,50,7,255,44,cb_refit_cvC,0.001,0.5849849202929771,ft2,2,False
50,17,50,7,255,44,opq_refit_fixedC,0.01,0.6088970271434727,ft2,2,
50,17,50,7,255,44,opq_refit_cvC,10.0,0.6321628608358466,ft2,2,False
50,17,50,7,255,44,probe_refit_fixedC,0.01,0.558595433003016,ft2,2,
50,17,50,7,255,44,probe_refit_cvC,0.1,0.5458853942266264,ft2,2,False
50,17,50,7,255,44,cb_offset_cvC,0.001,0.5683972425678587,ft2,2,False
50,17,50,7,255,44,opq_offset_cvC,0.001,0.5894011202068075,ft2,2,False
50,18,50,13,255,38,cb_zero,,0.5878001455251032,ft2,2,
50,18,50,13,255,38,opq_zero,,0.6110841620179481,ft2,2,
50,18,50,13,255,38,cb_refit_fixedC,0.3,0.6954887218045113,ft2,2,
50,18,50,13,255,38,cb_refit_cvC,0.003,0.6422507882609749,ft2,2,False
50,18,50,13,255,38,opq_refit_fixedC,0.01,0.5959252971137521,ft2,2,
50,18,50,13,255,38,opq_refit_cvC,0.1,0.5673053601746301,ft2,2,False
50,18,50,13,255,38,probe_refit_fixedC,0.01,0.5092165898617511,ft2,2,
50,18,50,13,255,38,probe_refit_cvC,10.0,0.49708949793839435,ft2,2,False
50,18,50,13,255,38,cb_offset_cvC,0.001,0.5879214164443367,ft2,2,False
50,18,50,13,255,38,opq_offset_cvC,0.001,0.6131457676449188,ft2,2,False
50,19,50,7,255,44,cb_zero,,0.595217578629901,ft2,2,
50,19,50,7,255,44,opq_zero,,0.6228996122361051,ft2,2,
50,19,50,7,255,44,cb_refit_fixedC,0.3,0.5960792761740629,ft2,2,
50,19,50,7,255,44,cb_refit_cvC,0.001,0.6144980611805257,ft2,2,False
50,19,50,7,255,44,opq_refit_fixedC,0.01,0.5827229642395519,ft2,2,
50,19,50,7,255,44,opq_refit_cvC,10.0,0.5589185695820768,ft2,2,False
50,19,50,7,255,44,probe_refit_fixedC,0.01,0.5346833261525205,ft2,2,
50,19,50,7,255,44,probe_refit_cvC,0.001,0.5786299009047824,ft2,2,False
50,19,50,7,255,44,cb_offset_cvC,0.001,0.5952175786299009,ft2,2,False
50,19,50,7,255,44,opq_offset_cvC,0.001,0.5562257647565705,ft2,2,False
50,20,51,7,254,44,cb_zero,,0.5880952380952381,ft2,2,
50,20,51,7,254,44,opq_zero,,0.6167748917748918,ft2,2,
50,20,51,7,254,44,cb_refit_fixedC,0.3,0.6307359307359308,ft2,2,
50,20,51,7,254,44,cb_refit_cvC,10.0,0.5819264069264068,ft2,2,False
50,20,51,7,254,44,opq_refit_fixedC,0.01,0.593939393939394,ft2,2,
50,20,51,7,254,44,opq_refit_cvC,0.01,0.593939393939394,ft2,2,False
50,20,51,7,254,44,probe_refit_fixedC,0.01,0.6285714285714286,ft2,2,
50,20,51,7,254,44,probe_refit_cvC,0.001,0.6391774891774892,ft2,2,False
50,20,51,7,254,44,cb_offset_cvC,10.0,0.5768398268398269,ft2,2,False
50,20,51,7,254,44,opq_offset_cvC,0.3,0.5956709956709956,ft2,2,False
50,21,50,7,255,44,cb_zero,,0.5926324859974149,ft2,2,
50,21,50,7,255,44,opq_zero,,0.6054502369668247,ft2,2,
50,21,50,7,255,44,cb_refit_fixedC,0.3,0.4820120637656183,ft2,2,
50,21,50,7,255,44,cb_refit_cvC,0.3,0.4820120637656183,ft2,2,False
50,21,50,7,255,44,opq_refit_fixedC,0.01,0.5445928479103834,ft2,2,
50,21,50,7,255,44,opq_refit_cvC,0.001,0.5282744506678156,ft2,2,False
50,21,50,7,255,44,probe_refit_fixedC,0.01,0.5255277897457993,ft2,2,
50,21,50,7,255,44,probe_refit_cvC,0.001,0.5319905213270142,ft2,2,False
50,21,50,7,255,44,cb_offset_cvC,1.0,0.501292546316243,ft2,2,False
50,21,50,7,255,44,opq_offset_cvC,0.003,0.562903920723826,ft2,2,False
50,22,51,7,254,44,cb_zero,,0.5844155844155845,ft2,2,
50,22,51,7,254,44,opq_zero,,0.6094155844155844,ft2,2,
50,22,51,7,254,44,cb_refit_fixedC,0.3,0.6044372294372294,ft2,2,
50,22,51,7,254,44,cb_refit_cvC,10.0,0.562987012987013,ft2,2,False
50,22,51,7,254,44,opq_refit_fixedC,0.01,0.5873376623376624,ft2,2,
50,22,51,7,254,44,opq_refit_cvC,0.001,0.5918831168831169,ft2,2,False
50,22,51,7,254,44,probe_refit_fixedC,0.01,0.6125541125541126,ft2,2,
50,22,51,7,254,44,probe_refit_cvC,0.1,0.6018398268398268,ft2,2,False
50,22,51,7,254,44,cb_offset_cvC,10.0,0.5588744588744589,ft2,2,False
50,22,51,7,254,44,opq_offset_cvC,0.003,0.5727272727272728,ft2,2,False
50,23,50,5,255,46,cb_zero,,0.5892448512585813,ft2,2,
50,23,50,5,255,46,opq_zero,,0.5848762221759933,ft2,2,
50,23,50,5,255,46,cb_refit_fixedC,0.3,0.584460162263366,ft2,2,
50,23,50,5,255,46,cb_refit_cvC,1.0,0.5654254212606615,ft2,2,False
50,23,50,5,255,46,opq_refit_fixedC,0.01,0.5798835032244642,ft2,2,
50,23,50,5,255,46,opq_refit_cvC,3.0,0.572914499687955,ft2,2,False
50,23,50,5,255,46,probe_refit_fixedC,0.01,0.5098814229249011,ft2,2,
50,23,50,5,255,46,probe_refit_cvC,0.003,0.5251716247139588,ft2,2,False
50,23,50,5,255,46,cb_offset_cvC,3.0,0.5382775119617225,ft2,2,False
50,23,50,5,255,46,opq_offset_cvC,0.001,0.5691699604743083,ft2,2,False
50,24,50,11,255,40,cb_zero,,0.5801162790697675,ft2,2,
50,24,50,11,255,40,opq_zero,,0.5955813953488371,ft2,2,
50,24,50,11,255,40,cb_refit_fixedC,0.3,0.5446511627906977,ft2,2,
50,24,50,11,255,40,cb_refit_cvC,0.001,0.578953488372093,ft2,2,False
50,24,50,11,255,40,opq_refit_fixedC,0.01,0.5634883720930233,ft2,2,
50,24,50,11,255,40,opq_refit_cvC,0.3,0.5574418604651162,ft2,2,False
50,24,50,11,255,40,probe_refit_fixedC,0.01,0.5960465116279069,ft2,2,
50,24,50,11,255,40,probe_refit_cvC,0.1,0.5974418604651163,ft2,2,False
50,24,50,11,255,40,cb_offset_cvC,0.01,0.5797674418604651,ft2,2,False
50,24,50,11,255,40,opq_offset_cvC,0.001,0.5737209302325582,ft2,2,False
50,25,50,13,255,38,cb_zero,,0.5925297113752122,ft2,2,
50,25,50,13,255,38,opq_zero,,0.6258792141644434,ft2,2,
50,25,50,13,255,38,cb_refit_fixedC,0.3,0.5983507154984236,ft2,2,
50,25,50,13,255,38,cb_refit_cvC,0.3,0.5983507154984236,ft2,2,False
50,25,50,13,255,38,opq_refit_fixedC,0.01,0.6120543293718166,ft2,2,
50,25,50,13,255,38,opq_refit_cvC,0.03,0.6040504487024012,ft2,2,False
50,25,50,13,255,38,probe_refit_fixedC,0.01,0.4984234780499637,ft2,2,
50,25,50,13,255,38,probe_refit_cvC,0.001,0.5514188697550327,ft2,2,False
50,25,50,13,255,38,cb_offset_cvC,0.001,0.5924084404559786,ft2,2,False
50,25,50,13,255,38,opq_offset_cvC,0.003,0.6416444336648072,ft2,2,False
50,26,50,9,255,42,cb_zero,,0.6121171473284149,ft2,2,
50,26,50,9,255,42,opq_zero,,0.6160295103957076,ft2,2,
50,26,50,9,255,42,cb_refit_fixedC,0.3,0.46255309635591324,ft2,2,
50,26,50,9,255,42,cb_refit_cvC,3.0,0.479096803040465,ft2,2,False
50,26,50,9,255,42,opq_refit_fixedC,0.01,0.5388441761681199,ft2,2,
50,26,50,9,255,42,opq_refit_cvC,0.3,0.5778001341381623,ft2,2,False
50,26,50,9,255,42,probe_refit_fixedC,0.01,0.5358819584171697,ft2,2,
50,26,50,9,255,42,probe_refit_cvC,10.0,0.5594679186228482,ft2,2,False
50,26,50,9,255,42,cb_offset_cvC,0.001,0.6116700201207244,ft2,2,False
50,26,50,9,255,42,opq_offset_cvC,0.01,0.5799239883746926,ft2,2,False
50,27,50,10,255,41,cb_zero,,0.5687257807157511,ft2,2,
50,27,50,10,255,41,opq_zero,,0.5931160246181901,ft2,2,
50,27,50,10,255,41,cb_refit_fixedC,0.3,0.6270800091178482,ft2,2,
50,27,50,10,255,41,cb_refit_cvC,1.0,0.622065192614543,ft2,2,False
50,27,50,10,255,41,opq_refit_fixedC,0.01,0.6202986095281514,ft2,2,
50,27,50,10,255,41,opq_refit_cvC,3.0,0.5286072486893094,ft2,2,False
50,27,50,10,255,41,probe_refit_fixedC,0.01,0.6156826988830636,ft2,2,
50,27,50,10,255,41,probe_refit_cvC,1.0,0.6130613175290631,ft2,2,False
50,27,50,10,255,41,cb_offset_cvC,3.0,0.5773877364941874,ft2,2,False
50,27,50,10,255,41,opq_offset_cvC,0.001,0.5888990198313199,ft2,2,False
50,28,50,8,255,43,cb_zero,,0.5936814392277314,ft2,2,
50,28,50,8,255,43,opq_zero,,0.6064063185607722,ft2,2,
50,28,50,8,255,43,cb_refit_fixedC,0.3,0.6658622202720491,ft2,2,
50,28,50,8,255,43,cb_refit_cvC,10.0,0.6227512066695919,ft2,2,False
50,28,50,8,255,43,opq_refit_fixedC,0.01,0.5625274243089073,ft2,2,
50,28,50,8,255,43,opq_refit_cvC,3.0,0.5239139973672663,ft2,2,False
50,28,50,8,255,43,probe_refit_fixedC,0.01,0.6228609039052215,ft2,2,
50,28,50,8,255,43,probe_refit_cvC,0.001,0.6378894251864853,ft2,2,False
50,28,50,8,255,43,cb_offset_cvC,0.3,0.6177051338306274,ft2,2,False
50,28,50,8,255,43,opq_offset_cvC,0.03,0.540258885476086,ft2,2,False
50,29,50,8,255,43,cb_zero,,0.6037735849056604,ft2,2,
50,29,50,8,255,43,opq_zero,,0.5877577885037297,ft2,2,
50,29,50,8,255,43,cb_refit_fixedC,0.3,0.6663010092145678,ft2,2,
50,29,50,8,255,43,cb_refit_cvC,10.0,0.5842474769635806,ft2,2,False
50,29,50,8,255,43,opq_refit_fixedC,0.01,0.6188021061869241,ft2,2,
50,29,50,8,255,43,opq_refit_cvC,0.01,0.6188021061869241,ft2,2,False
50,29,50,8,255,43,probe_refit_fixedC,0.01,0.6503949100482669,ft2,2,
50,29,50,8,255,43,probe_refit_cvC,0.001,0.6511627906976745,ft2,2,False
50,29,50,8,255,43,cb_offset_cvC,10.0,0.5986178148310662,ft2,2,False
50,29,50,8,255,43,opq_offset_cvC,0.003,0.5912681000438789,ft2,2,False
100,0,100,14,205,37,cb_zero,,0.5633848133848134,ft2,2,
100,0,100,14,205,37,opq_zero,,0.6003861003861004,ft2,2,
100,0,100,14,205,37,cb_refit_fixedC,0.3,0.6045688545688546,ft2,2,
100,0,100,14,205,37,cb_refit_cvC,1.0,0.6245173745173744,ft2,2,False
100,0,100,14,205,37,opq_refit_fixedC,0.01,0.5822072072072072,ft2,2,
100,0,100,14,205,37,opq_refit_cvC,0.3,0.5506756756756757,ft2,2,False
100,0,100,14,205,37,probe_refit_fixedC,0.01,0.597007722007722,ft2,2,
100,0,100,14,205,37,probe_refit_cvC,0.003,0.6002252252252253,ft2,2,False
100,0,100,14,205,37,cb_offset_cvC,3.0,0.6357786357786359,ft2,2,False
100,0,100,14,205,37,opq_offset_cvC,0.1,0.5497104247104247,ft2,2,False
100,1,100,19,205,32,cb_zero,,0.6054913294797688,ft2,2,
100,1,100,19,205,32,opq_zero,,0.6215679190751444,ft2,2,
100,1,100,19,205,32,cb_refit_fixedC,0.3,0.6454118497109828,ft2,2,
100,1,100,19,205,32,cb_refit_cvC,3.0,0.6324060693641618,ft2,2,False
100,1,100,19,205,32,opq_refit_fixedC,0.01,0.6513728323699423,ft2,2,
100,1,100,19,205,32,opq_refit_cvC,0.001,0.6403540462427746,ft2,2,False
100,1,100,19,205,32,probe_refit_fixedC,0.01,0.5796604046242775,ft2,2,
100,1,100,19,205,32,probe_refit_cvC,10.0,0.5274566473988439,ft2,2,False
100,1,100,19,205,32,cb_offset_cvC,0.001,0.6053106936416185,ft2,2,False
100,1,100,19,205,32,opq_offset_cvC,0.001,0.6201228323699421,ft2,2,False
100,2,100,13,205,38,cb_zero,,0.589347620548377,ft2,2,
100,2,100,13,205,38,opq_zero,,0.6066813740939174,ft2,2,
100,2,100,13,205,38,cb_refit_fixedC,0.3,0.5988023952095808,ft2,2,
100,2,100,13,205,38,cb_refit_cvC,10.0,0.5178064922786008,ft2,2,False
100,2,100,13,205,38,opq_refit_fixedC,0.01,0.488811849984242,ft2,2,
100,2,100,13,205,38,opq_refit_cvC,0.3,0.471793255594075,ft2,2,False
100,2,100,13,205,38,probe_refit_fixedC,0.01,0.6353608572329026,ft2,2,
100,2,100,13,205,38,probe_refit_cvC,10.0,0.6259060825716987,ft2,2,False
100,2,100,13,205,38,cb_offset_cvC,0.001,0.5896627797037505,ft2,2,False
100,2,100,13,205,38,opq_offset_cvC,0.003,0.4960605105578317,ft2,2,False
100,3,100,14,205,37,cb_zero,,0.631917631917632,ft2,2,
100,3,100,14,205,37,opq_zero,,0.6544401544401545,ft2,2,
100,3,100,14,205,37,cb_refit_fixedC,0.3,0.5522844272844274,ft2,2,
100,3,100,14,205,37,cb_refit_cvC,1.0,0.5712676962676964,ft2,2,False
100,3,100,14,205,37,opq_refit_fixedC,0.01,0.5675675675675677,ft2,2,
100,3,100,14,205,37,opq_refit_cvC,3.0,0.5437580437580438,ft2,2,False
100,3,100,14,205,37,probe_refit_fixedC,0.01,0.5950772200772201,ft2,2,
100,3,100,14,205,37,probe_refit_cvC,1.0,0.5891248391248392,ft2,2,False
100,3,100,14,205,37,cb_offset_cvC,0.1,0.5966859716859717,ft2,2,False
100,3,100,14,205,37,opq_offset_cvC,10.0,0.5492277992277993,ft2,2,False
100,4,100,16,205,35,cb_zero,,0.6371428571428571,ft2,2,
100,4,100,16,205,35,opq_zero,,0.664873949579832,ft2,2,
100,4,100,16,205,35,cb_refit_fixedC,0.3,0.5090756302521008,ft2,2,
100,4,100,16,205,35,cb_refit_cvC,10.0,0.5521008403361345,ft2,2,False
100,4,100,16,205,35,opq_refit_fixedC,0.01,0.5243697478991596,ft2,2,
100,4,100,16,205,35,opq_refit_cvC,0.01,0.5243697478991596,ft2,2,False
100,4,100,16,205,35,probe_refit_fixedC,0.01,0.5786554621848741,ft2,2,
100,4,100,16,205,35,probe_refit_cvC,0.001,0.5549579831932774,ft2,2,False
100,4,100,16,205,35,cb_offset_cvC,10.0,0.5312605042016807,ft2,2,False
100,4,100,16,205,35,opq_offset_cvC,0.003,0.6304201680672269,ft2,2,False
100,5,100,15,205,36,cb_zero,,0.6033859303090072,ft2,2,
100,5,100,15,205,36,opq_zero,,0.6513806706114398,ft2,2,
100,5,100,15,205,36,cb_refit_fixedC,0.3,0.6849112426035503,ft2,2,
100,5,100,15,205,36,cb_refit_cvC,10.0,0.6625575279421434,ft2,2,False
100,5,100,15,205,36,opq_refit_fixedC,0.01,0.4807692307692307,ft2,2,
100,5,100,15,205,36,opq_refit_cvC,0.3,0.5129848783694937,ft2,2,False
100,5,100,15,205,36,probe_refit_fixedC,0.01,0.5456936226166995,ft2,2,
100,5,100,15,205,36,probe_refit_cvC,0.001,0.5741288625904011,ft2,2,False
100,5,100,15,205,36,cb_offset_cvC,0.001,0.603714661406969,ft2,2,False
100,5,100,15,205,36,opq_offset_cvC,1.0,0.5338593030900723,ft2,2,False
100,6,100,16,205,35,cb_zero,,0.5835294117647059,ft2,2,
100,6,100,16,205,35,opq_zero,,0.6384873949579832,ft2,2,
100,6,100,16,205,35,cb_refit_fixedC,0.3,0.6749579831932773,ft2,2,
100,6,100,16,205,35,cb_refit_cvC,0.001,0.6445378151260505,ft2,2,False
100,6,100,16,205,35,opq_refit_fixedC,0.01,0.5215126050420169,ft2,2,
100,6,100,16,205,35,opq_refit_cvC,0.03,0.5248739495798318,ft2,2,False
100,6,100,16,205,35,probe_refit_fixedC,0.01,0.6287394957983193,ft2,2,
100,6,100,16,205,35,probe_refit_cvC,3.0,0.6119327731092437,ft2,2,False
100,6,100,16,205,35,cb_offset_cvC,0.003,0.5835294117647059,ft2,2,False
100,6,100,16,205,35,opq_offset_cvC,0.03,0.5495798319327732,ft2,2,False
100,7,100,16,205,35,cb_zero,,0.6630252100840336,ft2,2,
100,7,100,16,205,35,opq_zero,,0.6727731092436975,ft2,2,
100,7,100,16,205,35,cb_refit_fixedC,0.3,0.37882352941176467,ft2,2,
100,7,100,16,205,35,cb_refit_cvC,3.0,0.4494117647058824,ft2,2,False
100,7,100,16,205,35,opq_refit_fixedC,0.01,0.6109243697478992,ft2,2,
100,7,100,16,205,35,opq_refit_cvC,0.003,0.6089075630252101,ft2,2,False
100,7,100,16,205,35,probe_refit_fixedC,0.01,0.5605042016806723,ft2,2,
100,7,100,16,205,35,probe_refit_cvC,10.0,0.5559663865546218,ft2,2,False
100,7,100,16,205,35,cb_offset_cvC,3.0,0.4613445378151261,ft2,2,False
100,7,100,16,205,35,opq_offset_cvC,0.001,0.6569747899159665,ft2,2,False
100,8,101,16,204,35,cb_zero,,0.5749788672865596,ft2,2,
100,8,101,16,204,35,opq_zero,,0.5844463229078614,ft2,2,
100,8,101,16,204,35,cb_refit_fixedC,0.3,0.6280642434488588,ft2,2,
100,8,101,16,204,35,cb_refit_cvC,0.3,0.6280642434488588,ft2,2,False
100,8,101,16,204,35,opq_refit_fixedC,0.01,0.5703296703296703,ft2,2,
100,8,101,16,204,35,opq_refit_cvC,0.001,0.5606931530008452,ft2,2,False
100,8,101,16,204,35,probe_refit_fixedC,0.01,0.5978021978021978,ft2,2,
100,8,101,16,204,35,probe_refit_cvC,10.0,0.5614539306847,ft2,2,False
100,8,101,16,204,35,cb_offset_cvC,1.0,0.6290786136939982,ft2,2,False
100,8,101,16,204,35,opq_offset_cvC,0.001,0.5846153846153845,ft2,2,False
100,9,100,12,205,39,cb_zero,,0.5963855421686747,ft2,2,
100,9,100,12,205,39,opq_zero,,0.6110596231078158,ft2,2,
100,9,100,12,205,39,cb_refit_fixedC,0.3,0.6368551127587272,ft2,2,
100,9,100,12,205,39,cb_refit_cvC,10.0,0.5993203583565029,ft2,2,False
100,9,100,12,205,39,opq_refit_fixedC,0.01,0.6476675934507259,ft2,2,
100,9,100,12,205,39,opq_refit_cvC,0.01,0.6476675934507259,ft2,2,False
100,9,100,12,205,39,probe_refit_fixedC,0.01,0.5474204510349089,ft2,2,
100,9,100,12,205,39,probe_refit_cvC,10.0,0.5302749459375965,ft2,2,False
100,9,100,12,205,39,cb_offset_cvC,10.0,0.616620327463701,ft2,2,False
100,9,100,12,205,39,opq_offset_cvC,0.001,0.6286685202347854,ft2,2,False
100,10,101,14,204,37,cb_zero,,0.5575335814856773,ft2,2,
100,10,101,14,204,37,opq_zero,,0.592814371257485,ft2,2,
100,10,101,14,204,37,cb_refit_fixedC,0.3,0.5593138048227869,ft2,2,
100,10,101,14,204,37,cb_refit_cvC,1.0,0.5609321896747047,ft2,2,False
100,10,101,14,204,37,opq_refit_fixedC,0.01,0.6153099206991423,ft2,2,
100,10,101,14,204,37,opq_refit_cvC,0.3,0.5944327561094028,ft2,2,False
100,10,101,14,204,37,probe_refit_fixedC,0.01,0.518368668069267,ft2,2,
100,10,101,14,204,37,probe_refit_cvC,0.001,0.5716135296973621,ft2,2,False
100,10,101,14,204,37,cb_offset_cvC,3.0,0.5667583751416087,ft2,2,False
100,10,101,14,204,37,opq_offset_cvC,0.001,0.6277714840589093,ft2,2,False
100,11,100,14,205,37,cb_zero,,0.5793114543114544,ft2,2,
100,11,100,14,205,37,opq_zero,,0.6019948519948519,ft2,2,
100,11,100,14,205,37,cb_refit_fixedC,0.3,0.6124517374517375,ft2,2,
100,11,100,14,205,37,cb_refit_cvC,0.03,0.6174388674388674,ft2,2,False
100,11,100,14,205,37,opq_refit_fixedC,0.01,0.5402187902187903,ft2,2,
100,11,100,14,205,37,opq_refit_cvC,0.3,0.5111003861003862,ft2,2,False
100,11,100,14,205,37,probe_refit_fixedC,0.01,0.5986164736164736,ft2,2,
100,11,100,14,205,37,probe_refit_cvC,10.0,0.5931467181467182,ft2,2,False
100,11,100,14,205,37,cb_offset_cvC,0.03,0.5772200772200773,ft2,2,False
100,11,100,14,205,37,opq_offset_cvC,0.001,0.5952380952380953,ft2,2,False
100,12,101,16,204,35,cb_zero,,0.6312764158918005,ft2,2,
100,12,101,16,204,35,opq_zero,,0.623330515638208,ft2,2,
100,12,101,16,204,35,cb_refit_fixedC,0.3,0.6671174978867286,ft2,2,
100,12,101,16,204,35,cb_refit_cvC,0.003,0.6823330515638208,ft2,2,False
100,12,101,16,204,35,opq_refit_fixedC,0.01,0.6194420963651732,ft2,2,
100,12,101,16,204,35,opq_refit_cvC,0.001,0.6398140321217244,ft2,2,False
100,12,101,16,204,35,probe_refit_fixedC,0.01,0.6233305156382078,ft2,2,
100,12,101,16,204,35,probe_refit_cvC,0.001,0.6404057480980558,ft2,2,False
100,12,101,16,204,35,cb_offset_cvC,0.01,0.6294167371090448,ft2,2,False
100,12,101,16,204,35,opq_offset_cvC,0.001,0.6169061707523246,ft2,2,False
100,13,100,12,205,39,cb_zero,,0.6062712388013594,ft2,2,
100,13,100,12,205,39,opq_zero,,0.6285140562248996,ft2,2,
100,13,100,12,205,39,cb_refit_fixedC,0.3,0.6226444238492431,ft2,2,
100,13,100,12,205,39,cb_refit_cvC,0.3,0.6226444238492431,ft2,2,False
100,13,100,12,205,39,opq_refit_fixedC,0.01,0.6239573679332715,ft2,2,
100,13,100,12,205,39,opq_refit_cvC,0.001,0.571285140562249,ft2,2,False
100,13,100,12,205,39,probe_refit_fixedC,0.01,0.5359901143033673,ft2,2,
100,13,100,12,205,39,probe_refit_cvC,0.003,0.5532900834105653,ft2,2,False
100,13,100,12,205,39,cb_offset_cvC,0.001,0.6062712388013592,ft2,2,False
100,13,100,12,205,39,opq_offset_cvC,0.01,0.6578622181031819,ft2,2,False
100,14,100,19,205,32,cb_zero,,0.5814667630057804,ft2,2,
100,14,100,19,205,32,opq_zero,,0.6009754335260116,ft2,2,
100,14,100,19,205,32,cb_refit_fixedC,0.3,0.6105491329479769,ft2,2,
100,14,100,19,205,32,cb_refit_cvC,1.0,0.6083815028901735,ft2,2,False
100,14,100,19,205,32,opq_refit_fixedC,0.01,0.5843569364161849,ft2,2,
100,14,100,19,205,32,opq_refit_cvC,0.03,0.5877890173410404,ft2,2,False
100,14,100,19,205,32,probe_refit_fixedC,0.01,0.558706647398844,ft2,2,
100,14,100,19,205,32,probe_refit_cvC,10.0,0.5765895953757225,ft2,2,False
100,14,100,19,205,32,cb_offset_cvC,0.1,0.5527456647398844,ft2,2,False
100,14,100,19,205,32,opq_offset_cvC,0.01,0.5664739884393064,ft2,2,False
100,15,100,14,205,37,cb_zero,,0.5691763191763191,ft2,2,
100,15,100,14,205,37,opq_zero,,0.6042471042471043,ft2,2,
100,15,100,14,205,37,cb_refit_fixedC,0.3,0.6769626769626769,ft2,2,
100,15,100,14,205,37,cb_refit_cvC,0.001,0.6127734877734878,ft2,2,False
100,15,100,14,205,37,opq_refit_fixedC,0.01,0.6201737451737451,ft2,2,
100,15,100,14,205,37,opq_refit_cvC,0.1,0.6042471042471041,ft2,2,False
100,15,100,14,205,37,probe_refit_fixedC,0.01,0.5696589446589446,ft2,2,
100,15,100,14,205,37,probe_refit_cvC,0.001,0.5830115830115831,ft2,2,False
100,15,100,14,205,37,cb_offset_cvC,0.001,0.5688545688545689,ft2,2,False
100,15,100,14,205,37,opq_offset_cvC,0.3,0.6032818532818532,ft2,2,False
100,16,100,23,205,28,cb_zero,,0.5853510895883777,ft2,2,
100,16,100,23,205,28,opq_zero,,0.6368038740920097,ft2,2,
100,16,100,23,205,28,cb_refit_fixedC,0.3,0.6983454398708637,ft2,2,
100,16,100,23,205,28,cb_refit_cvC,3.0,0.7332526230831315,ft2,2,False
100,16,100,23,205,28,opq_refit_fixedC,0.01,0.6959241323648104,ft2,2,
100,16,100,23,205,28,opq_refit_cvC,10.0,0.6725181598062955,ft2,2,False
100,16,100,23,205,28,probe_refit_fixedC,0.01,0.5903954802259886,ft2,2,
100,16,100,23,205,28,probe_refit_cvC,10.0,0.5803066989507668,ft2,2,False
100,16,100,23,205,28,cb_offset_cvC,0.001,0.585956416464891,ft2,2,False
100,16,100,23,205,28,opq_offset_cvC,0.001,0.6186440677966102,ft2,2,False
100,17,100,22,205,29,cb_zero,,0.594435736677116,ft2,2,
100,17,100,22,205,29,opq_zero,,0.5893416927899686,ft2,2,
100,17,100,22,205,29,cb_refit_fixedC,0.3,0.6536050156739812,ft2,2,
100,17,100,22,205,29,cb_refit_cvC,0.001,0.6373432601880878,ft2,2,False
100,17,100,22,205,29,opq_refit_fixedC,0.01,0.617358934169279,ft2,2,
100,17,100,22,205,29,opq_refit_cvC,0.001,0.6240203761755487,ft2,2,False
100,17,100,22,205,29,probe_refit_fixedC,0.01,0.6150078369905957,ft2,2,
100,17,100,22,205,29,probe_refit_cvC,0.001,0.6400862068965517,ft2,2,False
100,17,100,22,205,29,cb_offset_cvC,0.001,0.5946316614420063,ft2,2,False
100,17,100,22,205,29,opq_offset_cvC,0.001,0.5611285266457681,ft2,2,False
100,18,100,16,205,35,cb_zero,,0.5929411764705883,ft2,2,
100,18,100,16,205,35,opq_zero,,0.6216806722689076,ft2,2,
100,18,100,16,205,35,cb_refit_fixedC,0.3,0.6127731092436974,ft2,2,
100,18,100,16,205,35,cb_refit_cvC,10.0,0.5386554621848739,ft2,2,False
100,18,100,16,205,35,opq_refit_fixedC,0.01,0.619327731092437,ft2,2,
100,18,100,16,205,35,opq_refit_cvC,10.0,0.5394957983193277,ft2,2,False
100,18,100,16,205,35,probe_refit_fixedC,0.01,0.5986554621848739,ft2,2,
100,18,100,16,205,35,probe_refit_cvC,0.003,0.6129411764705882,ft2,2,False
100,18,100,16,205,35,cb_offset_cvC,10.0,0.5292436974789916,ft2,2,False
100,18,100,16,205,35,opq_offset_cvC,0.001,0.6121008403361344,ft2,2,False
100,19,101,19,204,32,cb_zero,,0.5864825581395349,ft2,2,
100,19,101,19,204,32,opq_zero,,0.6202761627906977,ft2,2,
100,19,101,19,204,32,cb_refit_fixedC,0.3,0.5895712209302325,ft2,2,
100,19,101,19,204,32,cb_refit_cvC,1.0,0.5926598837209303,ft2,2,False
100,19,101,19,204,32,opq_refit_fixedC,0.01,0.5234375,ft2,2,
100,19,101,19,204,32,opq_refit_cvC,0.001,0.5332485465116279,ft2,2,False
100,19,101,19,204,32,probe_refit_fixedC,0.01,0.5421511627906976,ft2,2,
100,19,101,19,204,32,probe_refit_cvC,0.001,0.5668604651162791,ft2,2,False
100,19,101,19,204,32,cb_offset_cvC,3.0,0.5968386627906976,ft2,2,False
100,19,101,19,204,32,opq_offset_cvC,0.03,0.5772165697674418,ft2,2,False
100,20,100,15,205,36,cb_zero,,0.5700197238658777,ft2,2,
100,20,100,15,205,36,opq_zero,,0.6278763971071664,ft2,2,
100,20,100,15,205,36,cb_refit_fixedC,0.3,0.6722550953320183,ft2,2,
100,20,100,15,205,36,cb_refit_cvC,0.003,0.6268902038132808,ft2,2,False
100,20,100,15,205,36,opq_refit_fixedC,0.01,0.4820841551610782,ft2,2,
100,20,100,15,205,36,opq_refit_cvC,1.0,0.5241617357001972,ft2,2,False
100,20,100,15,205,36,probe_refit_fixedC,0.01,0.564266929651545,ft2,2,
100,20,100,15,205,36,probe_refit_cvC,0.001,0.5736357659434582,ft2,2,False
100,20,100,15,205,36,cb_offset_cvC,0.001,0.5696909927679158,ft2,2,False
100,20,100,15,205,36,opq_offset_cvC,0.003,0.5189020381328074,ft2,2,False
100,21,100,16,205,35,cb_zero,,0.598655462184874,ft2,2,
100,21,100,16,205,35,opq_zero,,0.6147899159663865,ft2,2,
100,21,100,16,205,35,cb_refit_fixedC,0.3,0.6411764705882353,ft2,2,
100,21,100,16,205,35,cb_refit_cvC,1.0,0.6231932773109243,ft2,2,False
100,21,100,16,205,35,opq_refit_fixedC,0.01,0.6047058823529411,ft2,2,
100,21,100,16,205,35,opq_refit_cvC,0.3,0.5580672268907563,ft2,2,False
100,21,100,16,205,35,probe_refit_fixedC,0.01,0.6070588235294118,ft2,2,
100,21,100,16,205,35,probe_refit_cvC,0.001,0.606218487394958,ft2,2,False
100,21,100,16,205,35,cb_offset_cvC,3.0,0.5867226890756303,ft2,2,False
100,21,100,16,205,35,opq_offset_cvC,0.3,0.5647058823529412,ft2,2,False
100,22,100,16,205,35,cb_zero,,0.6110924369747899,ft2,2,
100,22,100,16,205,35,opq_zero,,0.5964705882352941,ft2,2,
100,22,100,16,205,35,cb_refit_fixedC,0.3,0.7092436974789915,ft2,2,
100,22,100,16,205,35,cb_refit_cvC,0.001,0.6586554621848739,ft2,2,False
100,22,100,16,205,35,opq_refit_fixedC,0.01,0.6112605042016807,ft2,2,
100,22,100,16,205,35,opq_refit_cvC,0.1,0.6031932773109244,ft2,2,False
100,22,100,16,205,35,probe_refit_fixedC,0.01,0.5077310924369748,ft2,2,
100,22,100,16,205,35,probe_refit_cvC,10.0,0.5018487394957983,ft2,2,False
100,22,100,16,205,35,cb_offset_cvC,0.001,0.6110924369747899,ft2,2,False
100,22,100,16,205,35,opq_offset_cvC,0.001,0.5910924369747899,ft2,2,False
100,23,100,22,205,29,cb_zero,,0.5605407523510972,ft2,2,
100,23,100,22,205,29,opq_zero,,0.557601880877743,ft2,2,
100,23,100,22,205,29,cb_refit_fixedC,0.3,0.6330329153605015,ft2,2,
100,23,100,22,205,29,cb_refit_cvC,0.1,0.6255877742946708,ft2,2,False
100,23,100,22,205,29,opq_refit_fixedC,0.01,0.5897335423197492,ft2,2,
100,23,100,22,205,29,opq_refit_cvC,0.001,0.5924764890282131,ft2,2,False
100,23,100,22,205,29,probe_refit_fixedC,0.01,0.5062695924764891,ft2,2,
100,23,100,22,205,29,probe_refit_cvC,0.003,0.5137147335423198,ft2,2,False
100,23,100,22,205,29,cb_offset_cvC,0.001,0.5603448275862069,ft2,2,False
100,23,100,22,205,29,opq_offset_cvC,0.001,0.5638714733542319,ft2,2,False
100,24,100,18,205,33,cb_zero,,0.6102889358703312,ft2,2,
100,24,100,18,205,33,opq_zero,,0.6449964763918252,ft2,2,
100,24,100,18,205,33,cb_refit_fixedC,0.3,0.6254404510218464,ft2,2,
100,24,100,18,205,33,cb_refit_cvC,3.0,0.5634249471458774,ft2,2,False
100,24,100,18,205,33,opq_refit_fixedC,0.01,0.5761099365750529,ft2,2,
100,24,100,18,205,33,opq_refit_cvC,0.3,0.5352360817477096,ft2,2,False
100,24,100,18,205,33,probe_refit_fixedC,0.01,0.592847075405215,ft2,2,
100,24,100,18,205,33,probe_refit_cvC,0.001,0.6011275546159267,ft2,2,False
100,24,100,18,205,33,cb_offset_cvC,3.0,0.5368217054263565,ft2,2,False
100,24,100,18,205,33,opq_offset_cvC,0.3,0.5597251585623679,ft2,2,False
100,25,100,19,205,32,cb_zero,,0.6257225433526012,ft2,2,
100,25,100,19,205,32,opq_zero,,0.6054913294797688,ft2,2,
100,25,100,19,205,32,cb_refit_fixedC,0.3,0.509393063583815,ft2,2,
100,25,100,19,205,32,cb_refit_cvC,0.003,0.4989161849710983,ft2,2,False
100,25,100,19,205,32,opq_refit_fixedC,0.01,0.6170520231213872,ft2,2,
100,25,100,19,205,32,opq_refit_cvC,3.0,0.5643063583815029,ft2,2,False
100,25,100,19,205,32,probe_refit_fixedC,0.01,0.5724349710982659,ft2,2,
100,25,100,19,205,32,probe_refit_cvC,0.001,0.5796604046242774,ft2,2,False
100,25,100,19,205,32,cb_offset_cvC,0.003,0.6244580924855492,ft2,2,False
100,25,100,19,205,32,opq_offset_cvC,0.001,0.5892341040462428,ft2,2,False
100,26,100,10,205,41,cb_zero,,0.5914634146341463,ft2,2,
100,26,100,10,205,41,opq_zero,,0.6039559785841762,ft2,2,
100,26,100,10,205,41,cb_refit_fixedC,0.3,0.6479773944080904,ft2,2,
100,26,100,10,205,41,cb_refit_cvC,1.0,0.6287923854848304,ft2,2,False
100,26,100,10,205,41,opq_refit_fixedC,0.01,0.5429803688280785,ft2,2,
100,26,100,10,205,41,opq_refit_cvC,3.0,0.5899762046400951,ft2,2,False
100,26,100,10,205,41,probe_refit_fixedC,0.01,0.6160023795359905,ft2,2,
100,26,100,10,205,41,probe_refit_cvC,0.001,0.6143664485425342,ft2,2,False
100,26,100,10,205,41,cb_offset_cvC,10.0,0.6042534205829863,ft2,2,False
100,26,100,10,205,41,opq_offset_cvC,1.0,0.5765913146936348,ft2,2,False
100,27,100,15,205,36,cb_zero,,0.5670611439842208,ft2,2,
100,27,100,15,205,36,opq_zero,,0.5830046022353715,ft2,2,
100,27,100,15,205,36,cb_refit_fixedC,0.3,0.6347797501643655,ft2,2,
100,27,100,15,205,36,cb_refit_cvC,0.001,0.6140696909927679,ft2,2,False
100,27,100,15,205,36,opq_refit_fixedC,0.01,0.6106180144641683,ft2,2,
100,27,100,15,205,36,opq_refit_cvC,0.001,0.5912228796844181,ft2,2,False
100,27,100,15,205,36,probe_refit_fixedC,0.01,0.5305719921104537,ft2,2,
100,27,100,15,205,36,probe_refit_cvC,0.001,0.5644312952005259,ft2,2,False
100,27,100,15,205,36,cb_offset_cvC,0.001,0.5672255095332018,ft2,2,False
100,27,100,15,205,36,opq_offset_cvC,0.003,0.6124260355029586,ft2,2,False
100,28,100,16,205,35,cb_zero,,0.5421848739495798,ft2,2,
100,28,100,16,205,35,opq_zero,,0.5480672268907563,ft2,2,
100,28,100,16,205,35,cb_refit_fixedC,0.3,0.5638655462184874,ft2,2,
100,28,100,16,205,35,cb_refit_cvC,1.0,0.5781512605042016,ft2,2,False
100,28,100,16,205,35,opq_refit_fixedC,0.01,0.5727731092436975,ft2,2,
100,28,100,16,205,35,opq_refit_cvC,0.001,0.540672268907563,ft2,2,False
100,28,100,16,205,35,probe_refit_fixedC,0.01,0.5583193277310924,ft2,2,
100,28,100,16,205,35,probe_refit_cvC,0.001,0.5805042016806723,ft2,2,False
100,28,100,16,205,35,cb_offset_cvC,3.0,0.5872268907563025,ft2,2,False
100,28,100,16,205,35,opq_offset_cvC,0.001,0.5455462184873949,ft2,2,False
100,29,101,18,204,33,cb_zero,,0.5878079035973773,ft2,2,
100,29,101,18,204,33,opq_zero,,0.6386673755094807,ft2,2,
100,29,101,18,204,33,cb_refit_fixedC,0.3,0.6319333687754741,ft2,2,
100,29,101,18,204,33,cb_refit_cvC,0.001,0.6049973418394471,ft2,2,False
100,29,101,18,204,33,opq_refit_fixedC,0.01,0.6248449406344143,ft2,2,
100,29,101,18,204,33,opq_refit_cvC,0.003,0.6216551479709375,ft2,2,False
100,29,101,18,204,33,probe_refit_fixedC,0.01,0.6275031011873118,ft2,2,
100,29,101,18,204,33,probe_refit_cvC,0.001,0.6321105794790005,ft2,2,False
100,29,101,18,204,33,cb_offset_cvC,0.001,0.5878079035973773,ft2,2,False
100,29,101,18,204,33,opq_offset_cvC,0.1,0.6558568137515506,ft2,2,False
